Workbook
Name AGC: #REF!
Name ONU: #REF!
Name TAP_OFF_04: #REF!
Name TAP_OFF_08: #REF!
Name 간선증폭기: #REF!
Name 감쇄기_SA: #REF!
Name 감쇄기_모토로라: #REF!
Name 계량기: #REF!
Name 광접속함체_RN포함: #REF!
Name 광접속함체_직선형: #REF!
Name 광케이블: #REF!
Name 구내증폭기: #REF!
Name 누전차단기: #REF!
Name 동축케이블: #REF!
Name 목록: [1]목록!$A$2:$P$2
Name 방향성결합기: #REF!
Name 상향광송신기: #REF!
Name 선로증폭기: #REF!
Name 스터브케이블: #REF!
Name 암타이밴드: #REF!
Name 연장증폭기: #REF!
Name 열수축관: #REF!
Name 옥내용_8분기기: #REF!
Name 옥내용분배기: #REF!
Name 옥외용분배기: #REF!
Name 와이어바이스: #REF!
Name 자동복구기: #REF!
Name 장비명: #REF!
Name 전기선: #REF!
Name 전력삽입기: #REF!
Name 전원공급기_PS: #REF!
Name 전원공급기_UPS: #REF!
Name 조선인류클램프: #REF!
Name 조선접속클램프: #REF!
Name 종단기: #REF!
Name 지선그립: #REF!
Name 지선밴드: #REF!
Name 커넥터: #REF!
Name 케이블행거: #REF!
Name 탭브라켓_스탠: #REF!
Name 하향등화기_모토로라: #REF!
Name 하향역등화기_SA: #REF!
Name 하향역등화기_모토로라: #REF!

Sheet 사급자재 사용내역
B1: ■ 수원운용 권역 사급자재 사용 내역
E2: 25년 자재 | G2: 26년 불량자재 (누적) | J2: 26년 자재 사용 | M2: 출 고 수 량 | AB2: 입 고 수 량 | AQ2: 불 량 자 재 ( 입 고 )
B3: 자재명 | C3: 모델명 | D3: 단위 | E3: 정상 | F3: 불량 | G3: 수리 | H3: 폐기 | I3: 불량재고 | J3: 사용 | K3: 입고 | L3: 현재고 | M3: 1월 | N3: 2월 | O3: 3월 | P3: 4월 | Q3: 5월 | R3: 6월 | S3: 7월 | T3: 8월 | U3: 9월 | V3: 10월 | W3: 11월 | X3: 12월 | Y3: 합계 | Z3: 비고 | AB3: 1월 | AC3: 2월 | AD3: 3월 | AE3: 4월 | AF3: 5월 | AG3: 6월 | AH3: 7월 | AI3: 8월 | AJ3: 9월 | AK3: 10월 | AL3: 11월 | AM3: 12월 | AN3: 합계 | AO3: 비고 | AQ3: 1월 | AR3: 2월 | AS3: 3월 | AT3: 4월 | AU3: 5월 | AV3: 6월 | AW3: 7월 | AX3: 8월 | AY3: 9월 | AZ3: 10월 | BA3: 11월 | BB3: 12월 | BC3: 합계 | BD3: 비고
B4: ONU | C4: SA - GM ONU(3PORT) DFB 1*1 | D4: EA | E4: 1 | F4: 0 | H4: 1 | I4: =(F4+BC4)-(G4+H4) -> 0 | J4: =Y4 -> 0 | K4: =AN4 -> 0 | L4: =E4-J4+K4 -> 1 | M4: =SUMIFS('센터 자재 사용내역(01월)'!G:G,'센터 자재 사용내역(01월)'!E:E,'사급자재 사용내역'!C4,'센터 자재 사용내역(01월)'!F:F,"신규")+SUMIFS('센터 자재 사용내역(01월)'!G:G,'센터 자재 사용내역(01월)'!E:E,'사급자재 사용내역'!C4,'센터 자재 사용내역(01월)'!F:F,"교체") -> 0 | N4: =SUMIFS('센터 자재 사용내역(02월)'!G:G,'센터 자재 사용내역(02월)'!E:E,'사급자재 사용내역'!C4,'센터 자재 사용내역(02월)'!F:F,"신규")+SUMIFS('센터 자재 사용내역(02월)'!G:G,'센터 자재 사용내역(02월)'!E:E,'사급자재 사용내역'!C4,'센터 자재 사용내역(02월)'!F:F,"교체") -> 0 | O4: =SUMIFS('센터 자재 사용내역(03월)'!G:G,'센터 자재 사용내역(03월)'!E:E,'사급자재 사용내역'!C4,'센터 자재 사용내역(03월)'!F:F,"신규")+SUMIFS('센터 자재 사용내역(03월)'!G:G,'센터 자재 사용내역(03월)'!E:E,'사급자재 사용내역'!C4,'센터 자재 사용내역(03월)'!F:F,"교체") -> 0 | P4: =SUMIFS('센터 자재 사용내역(04월)'!G:G,'센터 자재 사용내역(04월)'!E:E,'사급자재 사용내역'!C4,'센터 자재 사용내역(04월)'!F:F,"신규")+SUMIFS('센터 자재 사용내역(04월)'!G:G,'센터 자재 사용내역(04월)'!E:E,'사급자재 사용내역'!C4,'센터 자재 사용내역(04월)'!F:F,"교체") -> 0 | Q4: =SUMIFS('센터 자재 사용내역(05월)'!G:G,'센터 자재 사용내역(05월)'!E:E,'사급자재 사용내역'!C4,'센터 자재 사용내역(05월)'!F:F,"신규")+SUMIFS('센터 자재 사용내역(05월)'!G:G,'센터 자재 사용내역(05월)'!E:E,'사급자재 사용내역'!C4,'센터 자재 사용내역(05월)'!F:F,"교체") -> 0 | R4: =SUMIFS('센터 자재 사용내역(06월)'!G:G,'센터 자재 사용내역(06월)'!E:E,'사급자재 사용내역'!C4,'센터 자재 사용내역(06월)'!F:F,"신규")+SUMIFS('센터 자재 사용내역(06월)'!G:G,'센터 자재 사용내역(06월)'!E:E,'사급자재 사용내역'!C4,'센터 자재 사용내역(06월)'!F:F,"교체") -> 0 | S4: =SUMIFS('센터 자재 사용내역(07월)'!G:G,'센터 자재 사용내역(07월)'!E:E,'사급자재 사용내역'!C4,'센터 자재 사용내역(07월)'!F:F,"신규")+SUMIFS('센터 자재 사용내역(07월)'!G:G,'센터 자재 사용내역(07월)'!E:E,'사급자재 사용내역'!C4,'센터 자재 사용내역(07월)'!F:F,"교체") -> 0 | T4: =SUMIFS('센터 자재 사용내역(08월)'!G:G,'센터 자재 사용내역(08월)'!E:E,'사급자재 사용내역'!C4,'센터 자재 사용내역(08월)'!F:F,"신규")+SUMIFS('센터 자재 사용내역(08월)'!G:G,'센터 자재 사용내역(08월)'!E:E,'사급자재 사용내역'!C4,'센터 자재 사용내역(08월)'!F:F,"교체") -> 0 | U4: =SUMIFS('센터 자재 사용내역(09월)'!G:G,'센터 자재 사용내역(09월)'!E:E,'사급자재 사용내역'!C4,'센터 자재 사용내역(09월)'!F:F,"신규")+SUMIFS('센터 자재 사용내역(09월)'!G:G,'센터 자재 사용내역(09월)'!E:E,'사급자재 사용내역'!C4,'센터 자재 사용내역(09월)'!F:F,"교체") -> 0 | V4: =SUMIFS('센터 자재 사용내역(10월)'!G:G,'센터 자재 사용내역(10월)'!E:E,'사급자재 사용내역'!C4,'센터 자재 사용내역(10월)'!F:F,"신규")+SUMIFS('센터 자재 사용내역(10월)'!G:G,'센터 자재 사용내역(10월)'!E:E,'사급자재 사용내역'!C4,'센터 자재 사용내역(10월)'!F:F,"교체") -> 0 | W4: =SUMIFS('센터 자재 사용내역(11월)'!G:G,'센터 자재 사용내역(11월)'!E:E,'사급자재 사용내역'!C4,'센터 자재 사용내역(11월)'!F:F,"신규")+SUMIFS('센터 자재 사용내역(11월)'!G:G,'센터 자재 사용내역(11월)'!E:E,'사급자재 사용내역'!C4,'센터 자재 사용내역(11월)'!F:F,"교체") -> 0 | X4: =SUMIFS('센터 자재 사용내역(12월)'!G:G,'센터 자재 사용내역(12월)'!E:E,'사급자재 사용내역'!C4,'센터 자재 사용내역(12월)'!F:F,"신규")+SUMIFS('센터 자재 사용내역(12월)'!G:G,'센터 자재 사용내역(12월)'!E:E,'사급자재 사용내역'!C4,'센터 자재 사용내역(12월)'!F:F,"교체") -> 0 | Y4: =SUM(M4:X4) -> 0 | AN4: =SUM(AB4:AM4) -> 0 | AQ4: =SUMIFS('센터 자재 사용내역(01월)'!G:G,'센터 자재 사용내역(01월)'!E:E,'사급자재 사용내역'!C4,'센터 자재 사용내역(01월)'!F:F,"불량") -> 0 | AR4: =SUMIFS('센터 자재 사용내역(02월)'!G:G,'센터 자재 사용내역(02월)'!E:E,'사급자재 사용내역'!C4,'센터 자재 사용내역(02월)'!F:F,"불량") -> 0 | AS4: =SUMIFS('센터 자재 사용내역(03월)'!G:G,'센터 자재 사용내역(03월)'!E:E,'사급자재 사용내역'!C4,'센터 자재 사용내역(03월)'!F:F,"불량") -> 0 | AT4: =SUMIFS('센터 자재 사용내역(04월)'!G:G,'센터 자재 사용내역(04월)'!E:E,'사급자재 사용내역'!C4,'센터 자재 사용내역(04월)'!F:F,"불량") -> 0 | AU4: =SUMIFS('센터 자재 사용내역(05월)'!G:G,'센터 자재 사용내역(05월)'!E:E,'사급자재 사용내역'!C4,'센터 자재 사용내역(05월)'!F:F,"불량") -> 1 | AV4: =SUMIFS('센터 자재 사용내역(06월)'!G:G,'센터 자재 사용내역(06월)'!E:E,'사급자재 사용내역'!C4,'센터 자재 사용내역(06월)'!F:F,"불량") -> 0 | AW4: =SUMIFS('센터 자재 사용내역(07월)'!G:G,'센터 자재 사용내역(07월)'!E:E,'사급자재 사용내역'!C4,'센터 자재 사용내역(07월)'!F:F,"불량") -> 0 | AX4: =SUMIFS('센터 자재 사용내역(08월)'!G:G,'센터 자재 사용내역(08월)'!E:E,'사급자재 사용내역'!C4,'센터 자재 사용내역(08월)'!F:F,"불량") -> 0 | AY4: =SUMIFS('센터 자재 사용내역(09월)'!G:G,'센터 자재 사용내역(09월)'!E:E,'사급자재 사용내역'!C4,'센터 자재 사용내역(09월)'!F:F,"불량") -> 0 | AZ4: =SUMIFS('센터 자재 사용내역(10월)'!G:G,'센터 자재 사용내역(10월)'!E:E,'사급자재 사용내역'!C4,'센터 자재 사용내역(10월)'!F:F,"불량") -> 0 | BA4: =SUMIFS('센터 자재 사용내역(11월)'!G:G,'센터 자재 사용내역(11월)'!E:E,'사급자재 사용내역'!C4,'센터 자재 사용내역(11월)'!F:F,"불량") -> 0 | BB4: =SUMIFS('센터 자재 사용내역(12월)'!G:G,'센터 자재 사용내역(12월)'!E:E,'사급자재 사용내역'!C4,'센터 자재 사용내역(12월)'!F:F,"불량") -> 0 | BC4: =SUM(AQ4:BB4) -> 1
C5: SA - GS-7000 DFB 1*1 | D5: EA | E5: 1 | F5: 2 | G5: 1 | H5: 3 | I5: =(F5+BC5)-(G5+H5) -> 0 | J5: =Y5 -> 0 | K5: =AN5 -> 1 | L5: =E5-J5+K5 -> 2 | M5: =SUMIFS('센터 자재 사용내역(01월)'!G:G,'센터 자재 사용내역(01월)'!E:E,'사급자재 사용내역'!C5,'센터 자재 사용내역(01월)'!F:F,"신규")+SUMIFS('센터 자재 사용내역(01월)'!G:G,'센터 자재 사용내역(01월)'!E:E,'사급자재 사용내역'!C5,'센터 자재 사용내역(01월)'!F:F,"교체") -> 0 | N5: =SUMIFS('센터 자재 사용내역(02월)'!G:G,'센터 자재 사용내역(02월)'!E:E,'사급자재 사용내역'!C5,'센터 자재 사용내역(02월)'!F:F,"신규")+SUMIFS('센터 자재 사용내역(02월)'!G:G,'센터 자재 사용내역(02월)'!E:E,'사급자재 사용내역'!C5,'센터 자재 사용내역(02월)'!F:F,"교체") -> 0 | O5: =SUMIFS('센터 자재 사용내역(03월)'!G:G,'센터 자재 사용내역(03월)'!E:E,'사급자재 사용내역'!C5,'센터 자재 사용내역(03월)'!F:F,"신규")+SUMIFS('센터 자재 사용내역(03월)'!G:G,'센터 자재 사용내역(03월)'!E:E,'사급자재 사용내역'!C5,'센터 자재 사용내역(03월)'!F:F,"교체") -> 0 | P5: =SUMIFS('센터 자재 사용내역(04월)'!G:G,'센터 자재 사용내역(04월)'!E:E,'사급자재 사용내역'!C5,'센터 자재 사용내역(04월)'!F:F,"신규")+SUMIFS('센터 자재 사용내역(04월)'!G:G,'센터 자재 사용내역(04월)'!E:E,'사급자재 사용내역'!C5,'센터 자재 사용내역(04월)'!F:F,"교체") -> 0 | Q5: =SUMIFS('센터 자재 사용내역(05월)'!G:G,'센터 자재 사용내역(05월)'!E:E,'사급자재 사용내역'!C5,'센터 자재 사용내역(05월)'!F:F,"신규")+SUMIFS('센터 자재 사용내역(05월)'!G:G,'센터 자재 사용내역(05월)'!E:E,'사급자재 사용내역'!C5,'센터 자재 사용내역(05월)'!F:F,"교체") -> 0 | R5: =SUMIFS('센터 자재 사용내역(06월)'!G:G,'센터 자재 사용내역(06월)'!E:E,'사급자재 사용내역'!C5,'센터 자재 사용내역(06월)'!F:F,"신규")+SUMIFS('센터 자재 사용내역(06월)'!G:G,'센터 자재 사용내역(06월)'!E:E,'사급자재 사용내역'!C5,'센터 자재 사용내역(06월)'!F:F,"교체") -> 0 | S5: =SUMIFS('센터 자재 사용내역(07월)'!G:G,'센터 자재 사용내역(07월)'!E:E,'사급자재 사용내역'!C5,'센터 자재 사용내역(07월)'!F:F,"신규")+SUMIFS('센터 자재 사용내역(07월)'!G:G,'센터 자재 사용내역(07월)'!E:E,'사급자재 사용내역'!C5,'센터 자재 사용내역(07월)'!F:F,"교체") -> 0 | T5: =SUMIFS('센터 자재 사용내역(08월)'!G:G,'센터 자재 사용내역(08월)'!E:E,'사급자재 사용내역'!C5,'센터 자재 사용내역(08월)'!F:F,"신규")+SUMIFS('센터 자재 사용내역(08월)'!G:G,'센터 자재 사용내역(08월)'!E:E,'사급자재 사용내역'!C5,'센터 자재 사용내역(08월)'!F:F,"교체") -> 0 | U5: =SUMIFS('센터 자재 사용내역(09월)'!G:G,'센터 자재 사용내역(09월)'!E:E,'사급자재 사용내역'!C5,'센터 자재 사용내역(09월)'!F:F,"신규")+SUMIFS('센터 자재 사용내역(09월)'!G:G,'센터 자재 사용내역(09월)'!E:E,'사급자재 사용내역'!C5,'센터 자재 사용내역(09월)'!F:F,"교체") -> 0 | V5: =SUMIFS('센터 자재 사용내역(10월)'!G:G,'센터 자재 사용내역(10월)'!E:E,'사급자재 사용내역'!C5,'센터 자재 사용내역(10월)'!F:F,"신규")+SUMIFS('센터 자재 사용내역(10월)'!G:G,'센터 자재 사용내역(10월)'!E:E,'사급자재 사용내역'!C5,'센터 자재 사용내역(10월)'!F:F,"교체") -> 0 | W5: =SUMIFS('센터 자재 사용내역(11월)'!G:G,'센터 자재 사용내역(11월)'!E:E,'사급자재 사용내역'!C5,'센터 자재 사용내역(11월)'!F:F,"신규")+SUMIFS('센터 자재 사용내역(11월)'!G:G,'센터 자재 사용내역(11월)'!E:E,'사급자재 사용내역'!C5,'센터 자재 사용내역(11월)'!F:F,"교체") -> 0 | X5: =SUMIFS('센터 자재 사용내역(12월)'!G:G,'센터 자재 사용내역(12월)'!E:E,'사급자재 사용내역'!C5,'센터 자재 사용내역(12월)'!F:F,"신규")+SUMIFS('센터 자재 사용내역(12월)'!G:G,'센터 자재 사용내역(12월)'!E:E,'사급자재 사용내역'!C5,'센터 자재 사용내역(12월)'!F:F,"교체") -> 0 | Y5: =SUM(M5:X5) -> 0 | AC5: 1 | AN5: =SUM(AB5:AM5) -> 1 | AQ5: =SUMIFS('센터 자재 사용내역(01월)'!G:G,'센터 자재 사용내역(01월)'!E:E,'사급자재 사용내역'!C5,'센터 자재 사용내역(01월)'!F:F,"불량") -> 0 | AR5: =SUMIFS('센터 자재 사용내역(02월)'!G:G,'센터 자재 사용내역(02월)'!E:E,'사급자재 사용내역'!C5,'센터 자재 사용내역(02월)'!F:F,"불량") -> 1 | AS5: =SUMIFS('센터 자재 사용내역(03월)'!G:G,'센터 자재 사용내역(03월)'!E:E,'사급자재 사용내역'!C5,'센터 자재 사용내역(03월)'!F:F,"불량") -> 1 | AT5: =SUMIFS('센터 자재 사용내역(04월)'!G:G,'센터 자재 사용내역(04월)'!E:E,'사급자재 사용내역'!C5,'센터 자재 사용내역(04월)'!F:F,"불량") -> 0 | AU5: =SUMIFS('센터 자재 사용내역(05월)'!G:G,'센터 자재 사용내역(05월)'!E:E,'사급자재 사용내역'!C5,'센터 자재 사용내역(05월)'!F:F,"불량") -> 0 | AV5: =SUMIFS('센터 자재 사용내역(06월)'!G:G,'센터 자재 사용내역(06월)'!E:E,'사급자재 사용내역'!C5,'센터 자재 사용내역(06월)'!F:F,"불량") -> 0 | AW5: =SUMIFS('센터 자재 사용내역(07월)'!G:G,'센터 자재 사용내역(07월)'!E:E,'사급자재 사용내역'!C5,'센터 자재 사용내역(07월)'!F:F,"불량") -> 0 | AX5: =SUMIFS('센터 자재 사용내역(08월)'!G:G,'센터 자재 사용내역(08월)'!E:E,'사급자재 사용내역'!C5,'센터 자재 사용내역(08월)'!F:F,"불량") -> 0 | AY5: =SUMIFS('센터 자재 사용내역(09월)'!G:G,'센터 자재 사용내역(09월)'!E:E,'사급자재 사용내역'!C5,'센터 자재 사용내역(09월)'!F:F,"불량") -> 0 | AZ5: =SUMIFS('센터 자재 사용내역(10월)'!G:G,'센터 자재 사용내역(10월)'!E:E,'사급자재 사용내역'!C5,'센터 자재 사용내역(10월)'!F:F,"불량") -> 0 | BA5: =SUMIFS('센터 자재 사용내역(11월)'!G:G,'센터 자재 사용내역(11월)'!E:E,'사급자재 사용내역'!C5,'센터 자재 사용내역(11월)'!F:F,"불량") -> 0 | BB5: =SUMIFS('센터 자재 사용내역(12월)'!G:G,'센터 자재 사용내역(12월)'!E:E,'사급자재 사용내역'!C5,'센터 자재 사용내역(12월)'!F:F,"불량") -> 0 | BC5: =SUM(AQ5:BB5) -> 2
C6: SA - GS-7000 DFB 2*2 | D6: EA | E6: 0 | F6: 0 | I6: =(F6+BC6)-(G6+H6) -> 0 | J6: =Y6 -> 0 | K6: =AN6 -> 0 | L6: =E6-J6+K6 -> 0 | M6: =SUMIFS('센터 자재 사용내역(01월)'!G:G,'센터 자재 사용내역(01월)'!E:E,'사급자재 사용내역'!C6,'센터 자재 사용내역(01월)'!F:F,"신규")+SUMIFS('센터 자재 사용내역(01월)'!G:G,'센터 자재 사용내역(01월)'!E:E,'사급자재 사용내역'!C6,'센터 자재 사용내역(01월)'!F:F,"교체") -> 0 | N6: =SUMIFS('센터 자재 사용내역(02월)'!G:G,'센터 자재 사용내역(02월)'!E:E,'사급자재 사용내역'!C6,'센터 자재 사용내역(02월)'!F:F,"신규")+SUMIFS('센터 자재 사용내역(02월)'!G:G,'센터 자재 사용내역(02월)'!E:E,'사급자재 사용내역'!C6,'센터 자재 사용내역(02월)'!F:F,"교체") -> 0 | O6: =SUMIFS('센터 자재 사용내역(03월)'!G:G,'센터 자재 사용내역(03월)'!E:E,'사급자재 사용내역'!C6,'센터 자재 사용내역(03월)'!F:F,"신규")+SUMIFS('센터 자재 사용내역(03월)'!G:G,'센터 자재 사용내역(03월)'!E:E,'사급자재 사용내역'!C6,'센터 자재 사용내역(03월)'!F:F,"교체") -> 0 | P6: =SUMIFS('센터 자재 사용내역(04월)'!G:G,'센터 자재 사용내역(04월)'!E:E,'사급자재 사용내역'!C6,'센터 자재 사용내역(04월)'!F:F,"신규")+SUMIFS('센터 자재 사용내역(04월)'!G:G,'센터 자재 사용내역(04월)'!E:E,'사급자재 사용내역'!C6,'센터 자재 사용내역(04월)'!F:F,"교체") -> 0 | Q6: =SUMIFS('센터 자재 사용내역(05월)'!G:G,'센터 자재 사용내역(05월)'!E:E,'사급자재 사용내역'!C6,'센터 자재 사용내역(05월)'!F:F,"신규")+SUMIFS('센터 자재 사용내역(05월)'!G:G,'센터 자재 사용내역(05월)'!E:E,'사급자재 사용내역'!C6,'센터 자재 사용내역(05월)'!F:F,"교체") -> 0 | R6: =SUMIFS('센터 자재 사용내역(06월)'!G:G,'센터 자재 사용내역(06월)'!E:E,'사급자재 사용내역'!C6,'센터 자재 사용내역(06월)'!F:F,"신규")+SUMIFS('센터 자재 사용내역(06월)'!G:G,'센터 자재 사용내역(06월)'!E:E,'사급자재 사용내역'!C6,'센터 자재 사용내역(06월)'!F:F,"교체") -> 0 | S6: =SUMIFS('센터 자재 사용내역(07월)'!G:G,'센터 자재 사용내역(07월)'!E:E,'사급자재 사용내역'!C6,'센터 자재 사용내역(07월)'!F:F,"신규")+SUMIFS('센터 자재 사용내역(07월)'!G:G,'센터 자재 사용내역(07월)'!E:E,'사급자재 사용내역'!C6,'센터 자재 사용내역(07월)'!F:F,"교체") -> 0 | T6: =SUMIFS('센터 자재 사용내역(08월)'!G:G,'센터 자재 사용내역(08월)'!E:E,'사급자재 사용내역'!C6,'센터 자재 사용내역(08월)'!F:F,"신규")+SUMIFS('센터 자재 사용내역(08월)'!G:G,'센터 자재 사용내역(08월)'!E:E,'사급자재 사용내역'!C6,'센터 자재 사용내역(08월)'!F:F,"교체") -> 0 | U6: =SUMIFS('센터 자재 사용내역(09월)'!G:G,'센터 자재 사용내역(09월)'!E:E,'사급자재 사용내역'!C6,'센터 자재 사용내역(09월)'!F:F,"신규")+SUMIFS('센터 자재 사용내역(09월)'!G:G,'센터 자재 사용내역(09월)'!E:E,'사급자재 사용내역'!C6,'센터 자재 사용내역(09월)'!F:F,"교체") -> 0 | V6: =SUMIFS('센터 자재 사용내역(10월)'!G:G,'센터 자재 사용내역(10월)'!E:E,'사급자재 사용내역'!C6,'센터 자재 사용내역(10월)'!F:F,"신규")+SUMIFS('센터 자재 사용내역(10월)'!G:G,'센터 자재 사용내역(10월)'!E:E,'사급자재 사용내역'!C6,'센터 자재 사용내역(10월)'!F:F,"교체") -> 0 | W6: =SUMIFS('센터 자재 사용내역(11월)'!G:G,'센터 자재 사용내역(11월)'!E:E,'사급자재 사용내역'!C6,'센터 자재 사용내역(11월)'!F:F,"신규")+SUMIFS('센터 자재 사용내역(11월)'!G:G,'센터 자재 사용내역(11월)'!E:E,'사급자재 사용내역'!C6,'센터 자재 사용내역(11월)'!F:F,"교체") -> 0 | X6: =SUMIFS('센터 자재 사용내역(12월)'!G:G,'센터 자재 사용내역(12월)'!E:E,'사급자재 사용내역'!C6,'센터 자재 사용내역(12월)'!F:F,"신규")+SUMIFS('센터 자재 사용내역(12월)'!G:G,'센터 자재 사용내역(12월)'!E:E,'사급자재 사용내역'!C6,'센터 자재 사용내역(12월)'!F:F,"교체") -> 0 | Y6: =SUM(M6:X6) -> 0 | AN6: =SUM(AB6:AM6) -> 0 | AQ6: =SUMIFS('센터 자재 사용내역(01월)'!G:G,'센터 자재 사용내역(01월)'!E:E,'사급자재 사용내역'!C6,'센터 자재 사용내역(01월)'!F:F,"불량") -> 0 | AR6: =SUMIFS('센터 자재 사용내역(02월)'!G:G,'센터 자재 사용내역(02월)'!E:E,'사급자재 사용내역'!C6,'센터 자재 사용내역(02월)'!F:F,"불량") -> 0 | AS6: =SUMIFS('센터 자재 사용내역(03월)'!G:G,'센터 자재 사용내역(03월)'!E:E,'사급자재 사용내역'!C6,'센터 자재 사용내역(03월)'!F:F,"불량") -> 0 | AT6: =SUMIFS('센터 자재 사용내역(04월)'!G:G,'센터 자재 사용내역(04월)'!E:E,'사급자재 사용내역'!C6,'센터 자재 사용내역(04월)'!F:F,"불량") -> 0 | AU6: =SUMIFS('센터 자재 사용내역(05월)'!G:G,'센터 자재 사용내역(05월)'!E:E,'사급자재 사용내역'!C6,'센터 자재 사용내역(05월)'!F:F,"불량") -> 0 | AV6: =SUMIFS('센터 자재 사용내역(06월)'!G:G,'센터 자재 사용내역(06월)'!E:E,'사급자재 사용내역'!C6,'센터 자재 사용내역(06월)'!F:F,"불량") -> 0 | AW6: =SUMIFS('센터 자재 사용내역(07월)'!G:G,'센터 자재 사용내역(07월)'!E:E,'사급자재 사용내역'!C6,'센터 자재 사용내역(07월)'!F:F,"불량") -> 0 | AX6: =SUMIFS('센터 자재 사용내역(08월)'!G:G,'센터 자재 사용내역(08월)'!E:E,'사급자재 사용내역'!C6,'센터 자재 사용내역(08월)'!F:F,"불량") -> 0 | AY6: =SUMIFS('센터 자재 사용내역(09월)'!G:G,'센터 자재 사용내역(09월)'!E:E,'사급자재 사용내역'!C6,'센터 자재 사용내역(09월)'!F:F,"불량") -> 0 | AZ6: =SUMIFS('센터 자재 사용내역(10월)'!G:G,'센터 자재 사용내역(10월)'!E:E,'사급자재 사용내역'!C6,'센터 자재 사용내역(10월)'!F:F,"불량") -> 0 | BA6: =SUMIFS('센터 자재 사용내역(11월)'!G:G,'센터 자재 사용내역(11월)'!E:E,'사급자재 사용내역'!C6,'센터 자재 사용내역(11월)'!F:F,"불량") -> 0 | BB6: =SUMIFS('센터 자재 사용내역(12월)'!G:G,'센터 자재 사용내역(12월)'!E:E,'사급자재 사용내역'!C6,'센터 자재 사용내역(12월)'!F:F,"불량") -> 0 | BC6: =SUM(AQ6:BB6) -> 0
C7: 하모닉 - HLN3142-42-AS | D7: EA | E7: 1 | F7: 0 | I7: =(F7+BC7)-(G7+H7) -> 0 | J7: =Y7 -> 0 | K7: =AN7 -> 0 | L7: =E7-J7+K7 -> 1 | M7: =SUMIFS('센터 자재 사용내역(01월)'!G:G,'센터 자재 사용내역(01월)'!E:E,'사급자재 사용내역'!C7,'센터 자재 사용내역(01월)'!F:F,"신규")+SUMIFS('센터 자재 사용내역(01월)'!G:G,'센터 자재 사용내역(01월)'!E:E,'사급자재 사용내역'!C7,'센터 자재 사용내역(01월)'!F:F,"교체") -> 0 | N7: =SUMIFS('센터 자재 사용내역(02월)'!G:G,'센터 자재 사용내역(02월)'!E:E,'사급자재 사용내역'!C7,'센터 자재 사용내역(02월)'!F:F,"신규")+SUMIFS('센터 자재 사용내역(02월)'!G:G,'센터 자재 사용내역(02월)'!E:E,'사급자재 사용내역'!C7,'센터 자재 사용내역(02월)'!F:F,"교체") -> 0 | O7: =SUMIFS('센터 자재 사용내역(03월)'!G:G,'센터 자재 사용내역(03월)'!E:E,'사급자재 사용내역'!C7,'센터 자재 사용내역(03월)'!F:F,"신규")+SUMIFS('센터 자재 사용내역(03월)'!G:G,'센터 자재 사용내역(03월)'!E:E,'사급자재 사용내역'!C7,'센터 자재 사용내역(03월)'!F:F,"교체") -> 0 | P7: =SUMIFS('센터 자재 사용내역(04월)'!G:G,'센터 자재 사용내역(04월)'!E:E,'사급자재 사용내역'!C7,'센터 자재 사용내역(04월)'!F:F,"신규")+SUMIFS('센터 자재 사용내역(04월)'!G:G,'센터 자재 사용내역(04월)'!E:E,'사급자재 사용내역'!C7,'센터 자재 사용내역(04월)'!F:F,"교체") -> 0 | Q7: =SUMIFS('센터 자재 사용내역(05월)'!G:G,'센터 자재 사용내역(05월)'!E:E,'사급자재 사용내역'!C7,'센터 자재 사용내역(05월)'!F:F,"신규")+SUMIFS('센터 자재 사용내역(05월)'!G:G,'센터 자재 사용내역(05월)'!E:E,'사급자재 사용내역'!C7,'센터 자재 사용내역(05월)'!F:F,"교체") -> 0 | R7: =SUMIFS('센터 자재 사용내역(06월)'!G:G,'센터 자재 사용내역(06월)'!E:E,'사급자재 사용내역'!C7,'센터 자재 사용내역(06월)'!F:F,"신규")+SUMIFS('센터 자재 사용내역(06월)'!G:G,'센터 자재 사용내역(06월)'!E:E,'사급자재 사용내역'!C7,'센터 자재 사용내역(06월)'!F:F,"교체") -> 0 | S7: =SUMIFS('센터 자재 사용내역(07월)'!G:G,'센터 자재 사용내역(07월)'!E:E,'사급자재 사용내역'!C7,'센터 자재 사용내역(07월)'!F:F,"신규")+SUMIFS('센터 자재 사용내역(07월)'!G:G,'센터 자재 사용내역(07월)'!E:E,'사급자재 사용내역'!C7,'센터 자재 사용내역(07월)'!F:F,"교체") -> 0 | T7: =SUMIFS('센터 자재 사용내역(08월)'!G:G,'센터 자재 사용내역(08월)'!E:E,'사급자재 사용내역'!C7,'센터 자재 사용내역(08월)'!F:F,"신규")+SUMIFS('센터 자재 사용내역(08월)'!G:G,'센터 자재 사용내역(08월)'!E:E,'사급자재 사용내역'!C7,'센터 자재 사용내역(08월)'!F:F,"교체") -> 0 | U7: =SUMIFS('센터 자재 사용내역(09월)'!G:G,'센터 자재 사용내역(09월)'!E:E,'사급자재 사용내역'!C7,'센터 자재 사용내역(09월)'!F:F,"신규")+SUMIFS('센터 자재 사용내역(09월)'!G:G,'센터 자재 사용내역(09월)'!E:E,'사급자재 사용내역'!C7,'센터 자재 사용내역(09월)'!F:F,"교체") -> 0 | V7: =SUMIFS('센터 자재 사용내역(10월)'!G:G,'센터 자재 사용내역(10월)'!E:E,'사급자재 사용내역'!C7,'센터 자재 사용내역(10월)'!F:F,"신규")+SUMIFS('센터 자재 사용내역(10월)'!G:G,'센터 자재 사용내역(10월)'!E:E,'사급자재 사용내역'!C7,'센터 자재 사용내역(10월)'!F:F,"교체") -> 0 | W7: =SUMIFS('센터 자재 사용내역(11월)'!G:G,'센터 자재 사용내역(11월)'!E:E,'사급자재 사용내역'!C7,'센터 자재 사용내역(11월)'!F:F,"신규")+SUMIFS('센터 자재 사용내역(11월)'!G:G,'센터 자재 사용내역(11월)'!E:E,'사급자재 사용내역'!C7,'센터 자재 사용내역(11월)'!F:F,"교체") -> 0 | X7: =SUMIFS('센터 자재 사용내역(12월)'!G:G,'센터 자재 사용내역(12월)'!E:E,'사급자재 사용내역'!C7,'센터 자재 사용내역(12월)'!F:F,"신규")+SUMIFS('센터 자재 사용내역(12월)'!G:G,'센터 자재 사용내역(12월)'!E:E,'사급자재 사용내역'!C7,'센터 자재 사용내역(12월)'!F:F,"교체") -> 0 | Y7: =SUM(M7:X7) -> 0 | AN7: =SUM(AB7:AM7) -> 0 | AQ7: =SUMIFS('센터 자재 사용내역(01월)'!G:G,'센터 자재 사용내역(01월)'!E:E,'사급자재 사용내역'!C7,'센터 자재 사용내역(01월)'!F:F,"불량") -> 0 | AR7: =SUMIFS('센터 자재 사용내역(02월)'!G:G,'센터 자재 사용내역(02월)'!E:E,'사급자재 사용내역'!C7,'센터 자재 사용내역(02월)'!F:F,"불량") -> 0 | AS7: =SUMIFS('센터 자재 사용내역(03월)'!G:G,'센터 자재 사용내역(03월)'!E:E,'사급자재 사용내역'!C7,'센터 자재 사용내역(03월)'!F:F,"불량") -> 0 | AT7: =SUMIFS('센터 자재 사용내역(04월)'!G:G,'센터 자재 사용내역(04월)'!E:E,'사급자재 사용내역'!C7,'센터 자재 사용내역(04월)'!F:F,"불량") -> 0 | AU7: =SUMIFS('센터 자재 사용내역(05월)'!G:G,'센터 자재 사용내역(05월)'!E:E,'사급자재 사용내역'!C7,'센터 자재 사용내역(05월)'!F:F,"불량") -> 0 | AV7: =SUMIFS('센터 자재 사용내역(06월)'!G:G,'센터 자재 사용내역(06월)'!E:E,'사급자재 사용내역'!C7,'센터 자재 사용내역(06월)'!F:F,"불량") -> 0 | AW7: =SUMIFS('센터 자재 사용내역(07월)'!G:G,'센터 자재 사용내역(07월)'!E:E,'사급자재 사용내역'!C7,'센터 자재 사용내역(07월)'!F:F,"불량") -> 0 | AX7: =SUMIFS('센터 자재 사용내역(08월)'!G:G,'센터 자재 사용내역(08월)'!E:E,'사급자재 사용내역'!C7,'센터 자재 사용내역(08월)'!F:F,"불량") -> 0 | AY7: =SUMIFS('센터 자재 사용내역(09월)'!G:G,'센터 자재 사용내역(09월)'!E:E,'사급자재 사용내역'!C7,'센터 자재 사용내역(09월)'!F:F,"불량") -> 0 | AZ7: =SUMIFS('센터 자재 사용내역(10월)'!G:G,'센터 자재 사용내역(10월)'!E:E,'사급자재 사용내역'!C7,'센터 자재 사용내역(10월)'!F:F,"불량") -> 0 | BA7: =SUMIFS('센터 자재 사용내역(11월)'!G:G,'센터 자재 사용내역(11월)'!E:E,'사급자재 사용내역'!C7,'센터 자재 사용내역(11월)'!F:F,"불량") -> 0 | BB7: =SUMIFS('센터 자재 사용내역(12월)'!G:G,'센터 자재 사용내역(12월)'!E:E,'사급자재 사용내역'!C7,'센터 자재 사용내역(12월)'!F:F,"불량") -> 0 | BC7: =SUM(AQ7:BB7) -> 0
C8: 하모닉 - HLN3144-AS | D8: EA | E8: 4 | F8: 0 | I8: =(F8+BC8)-(G8+H8) -> 1 | J8: =Y8 -> 1 | K8: =AN8 -> 0 | L8: =E8-J8+K8 -> 3 | M8: =SUMIFS('센터 자재 사용내역(01월)'!G:G,'센터 자재 사용내역(01월)'!E:E,'사급자재 사용내역'!C8,'센터 자재 사용내역(01월)'!F:F,"신규")+SUMIFS('센터 자재 사용내역(01월)'!G:G,'센터 자재 사용내역(01월)'!E:E,'사급자재 사용내역'!C8,'센터 자재 사용내역(01월)'!F:F,"교체") -> 0 | N8: =SUMIFS('센터 자재 사용내역(02월)'!G:G,'센터 자재 사용내역(02월)'!E:E,'사급자재 사용내역'!C8,'센터 자재 사용내역(02월)'!F:F,"신규")+SUMIFS('센터 자재 사용내역(02월)'!G:G,'센터 자재 사용내역(02월)'!E:E,'사급자재 사용내역'!C8,'센터 자재 사용내역(02월)'!F:F,"교체") -> 0 | O8: =SUMIFS('센터 자재 사용내역(03월)'!G:G,'센터 자재 사용내역(03월)'!E:E,'사급자재 사용내역'!C8,'센터 자재 사용내역(03월)'!F:F,"신규")+SUMIFS('센터 자재 사용내역(03월)'!G:G,'센터 자재 사용내역(03월)'!E:E,'사급자재 사용내역'!C8,'센터 자재 사용내역(03월)'!F:F,"교체") -> 0 | P8: =SUMIFS('센터 자재 사용내역(04월)'!G:G,'센터 자재 사용내역(04월)'!E:E,'사급자재 사용내역'!C8,'센터 자재 사용내역(04월)'!F:F,"신규")+SUMIFS('센터 자재 사용내역(04월)'!G:G,'센터 자재 사용내역(04월)'!E:E,'사급자재 사용내역'!C8,'센터 자재 사용내역(04월)'!F:F,"교체") -> 0 | Q8: =SUMIFS('센터 자재 사용내역(05월)'!G:G,'센터 자재 사용내역(05월)'!E:E,'사급자재 사용내역'!C8,'센터 자재 사용내역(05월)'!F:F,"신규")+SUMIFS('센터 자재 사용내역(05월)'!G:G,'센터 자재 사용내역(05월)'!E:E,'사급자재 사용내역'!C8,'센터 자재 사용내역(05월)'!F:F,"교체") -> 0 | R8: =SUMIFS('센터 자재 사용내역(06월)'!G:G,'센터 자재 사용내역(06월)'!E:E,'사급자재 사용내역'!C8,'센터 자재 사용내역(06월)'!F:F,"신규")+SUMIFS('센터 자재 사용내역(06월)'!G:G,'센터 자재 사용내역(06월)'!E:E,'사급자재 사용내역'!C8,'센터 자재 사용내역(06월)'!F:F,"교체") -> 0 | S8: =SUMIFS('센터 자재 사용내역(07월)'!G:G,'센터 자재 사용내역(07월)'!E:E,'사급자재 사용내역'!C8,'센터 자재 사용내역(07월)'!F:F,"신규")+SUMIFS('센터 자재 사용내역(07월)'!G:G,'센터 자재 사용내역(07월)'!E:E,'사급자재 사용내역'!C8,'센터 자재 사용내역(07월)'!F:F,"교체") -> 1 | T8: =SUMIFS('센터 자재 사용내역(08월)'!G:G,'센터 자재 사용내역(08월)'!E:E,'사급자재 사용내역'!C8,'센터 자재 사용내역(08월)'!F:F,"신규")+SUMIFS('센터 자재 사용내역(08월)'!G:G,'센터 자재 사용내역(08월)'!E:E,'사급자재 사용내역'!C8,'센터 자재 사용내역(08월)'!F:F,"교체") -> 0 | U8: =SUMIFS('센터 자재 사용내역(09월)'!G:G,'센터 자재 사용내역(09월)'!E:E,'사급자재 사용내역'!C8,'센터 자재 사용내역(09월)'!F:F,"신규")+SUMIFS('센터 자재 사용내역(09월)'!G:G,'센터 자재 사용내역(09월)'!E:E,'사급자재 사용내역'!C8,'센터 자재 사용내역(09월)'!F:F,"교체") -> 0 | V8: =SUMIFS('센터 자재 사용내역(10월)'!G:G,'센터 자재 사용내역(10월)'!E:E,'사급자재 사용내역'!C8,'센터 자재 사용내역(10월)'!F:F,"신규")+SUMIFS('센터 자재 사용내역(10월)'!G:G,'센터 자재 사용내역(10월)'!E:E,'사급자재 사용내역'!C8,'센터 자재 사용내역(10월)'!F:F,"교체") -> 0 | W8: =SUMIFS('센터 자재 사용내역(11월)'!G:G,'센터 자재 사용내역(11월)'!E:E,'사급자재 사용내역'!C8,'센터 자재 사용내역(11월)'!F:F,"신규")+SUMIFS('센터 자재 사용내역(11월)'!G:G,'센터 자재 사용내역(11월)'!E:E,'사급자재 사용내역'!C8,'센터 자재 사용내역(11월)'!F:F,"교체") -> 0 | X8: =SUMIFS('센터 자재 사용내역(12월)'!G:G,'센터 자재 사용내역(12월)'!E:E,'사급자재 사용내역'!C8,'센터 자재 사용내역(12월)'!F:F,"신규")+SUMIFS('센터 자재 사용내역(12월)'!G:G,'센터 자재 사용내역(12월)'!E:E,'사급자재 사용내역'!C8,'센터 자재 사용내역(12월)'!F:F,"교체") -> 0 | Y8: =SUM(M8:X8) -> 1 | AN8: =SUM(AB8:AM8) -> 0 | AQ8: =SUMIFS('센터 자재 사용내역(01월)'!G:G,'센터 자재 사용내역(01월)'!E:E,'사급자재 사용내역'!C8,'센터 자재 사용내역(01월)'!F:F,"불량") -> 0 | AR8: =SUMIFS('센터 자재 사용내역(02월)'!G:G,'센터 자재 사용내역(02월)'!E:E,'사급자재 사용내역'!C8,'센터 자재 사용내역(02월)'!F:F,"불량") -> 0 | AS8: =SUMIFS('센터 자재 사용내역(03월)'!G:G,'센터 자재 사용내역(03월)'!E:E,'사급자재 사용내역'!C8,'센터 자재 사용내역(03월)'!F:F,"불량") -> 0 | AT8: =SUMIFS('센터 자재 사용내역(04월)'!G:G,'센터 자재 사용내역(04월)'!E:E,'사급자재 사용내역'!C8,'센터 자재 사용내역(04월)'!F:F,"불량") -> 0 | AU8: =SUMIFS('센터 자재 사용내역(05월)'!G:G,'센터 자재 사용내역(05월)'!E:E,'사급자재 사용내역'!C8,'센터 자재 사용내역(05월)'!F:F,"불량") -> 0 | AV8: =SUMIFS('센터 자재 사용내역(06월)'!G:G,'센터 자재 사용내역(06월)'!E:E,'사급자재 사용내역'!C8,'센터 자재 사용내역(06월)'!F:F,"불량") -> 0 | AW8: =SUMIFS('센터 자재 사용내역(07월)'!G:G,'센터 자재 사용내역(07월)'!E:E,'사급자재 사용내역'!C8,'센터 자재 사용내역(07월)'!F:F,"불량") -> 1 | AX8: =SUMIFS('센터 자재 사용내역(08월)'!G:G,'센터 자재 사용내역(08월)'!E:E,'사급자재 사용내역'!C8,'센터 자재 사용내역(08월)'!F:F,"불량") -> 0 | AY8: =SUMIFS('센터 자재 사용내역(09월)'!G:G,'센터 자재 사용내역(09월)'!E:E,'사급자재 사용내역'!C8,'센터 자재 사용내역(09월)'!F:F,"불량") -> 0 | AZ8: =SUMIFS('센터 자재 사용내역(10월)'!G:G,'센터 자재 사용내역(10월)'!E:E,'사급자재 사용내역'!C8,'센터 자재 사용내역(10월)'!F:F,"불량") -> 0 | BA8: =SUMIFS('센터 자재 사용내역(11월)'!G:G,'센터 자재 사용내역(11월)'!E:E,'사급자재 사용내역'!C8,'센터 자재 사용내역(11월)'!F:F,"불량") -> 0 | BB8: =SUMIFS('센터 자재 사용내역(12월)'!G:G,'센터 자재 사용내역(12월)'!E:E,'사급자재 사용내역'!C8,'센터 자재 사용내역(12월)'!F:F,"불량") -> 0 | BC8: =SUM(AQ8:BB8) -> 1
C9: Mini ONU, VTN200(1x1, DFBT) | D9: EA | E9: 2 | F9: 0 | I9: =(F9+BC9)-(G9+H9) -> 0 | J9: =Y9 -> 0 | K9: =AN9 -> 0 | L9: =E9-J9+K9 -> 2 | M9: =SUMIFS('센터 자재 사용내역(01월)'!G:G,'센터 자재 사용내역(01월)'!E:E,'사급자재 사용내역'!C9,'센터 자재 사용내역(01월)'!F:F,"신규")+SUMIFS('센터 자재 사용내역(01월)'!G:G,'센터 자재 사용내역(01월)'!E:E,'사급자재 사용내역'!C9,'센터 자재 사용내역(01월)'!F:F,"교체") -> 0 | N9: =SUMIFS('센터 자재 사용내역(02월)'!G:G,'센터 자재 사용내역(02월)'!E:E,'사급자재 사용내역'!C9,'센터 자재 사용내역(02월)'!F:F,"신규")+SUMIFS('센터 자재 사용내역(02월)'!G:G,'센터 자재 사용내역(02월)'!E:E,'사급자재 사용내역'!C9,'센터 자재 사용내역(02월)'!F:F,"교체") -> 0 | O9: =SUMIFS('센터 자재 사용내역(03월)'!G:G,'센터 자재 사용내역(03월)'!E:E,'사급자재 사용내역'!C9,'센터 자재 사용내역(03월)'!F:F,"신규")+SUMIFS('센터 자재 사용내역(03월)'!G:G,'센터 자재 사용내역(03월)'!E:E,'사급자재 사용내역'!C9,'센터 자재 사용내역(03월)'!F:F,"교체") -> 0 | P9: =SUMIFS('센터 자재 사용내역(04월)'!G:G,'센터 자재 사용내역(04월)'!E:E,'사급자재 사용내역'!C9,'센터 자재 사용내역(04월)'!F:F,"신규")+SUMIFS('센터 자재 사용내역(04월)'!G:G,'센터 자재 사용내역(04월)'!E:E,'사급자재 사용내역'!C9,'센터 자재 사용내역(04월)'!F:F,"교체") -> 0 | Q9: =SUMIFS('센터 자재 사용내역(05월)'!G:G,'센터 자재 사용내역(05월)'!E:E,'사급자재 사용내역'!C9,'센터 자재 사용내역(05월)'!F:F,"신규")+SUMIFS('센터 자재 사용내역(05월)'!G:G,'센터 자재 사용내역(05월)'!E:E,'사급자재 사용내역'!C9,'센터 자재 사용내역(05월)'!F:F,"교체") -> 0 | R9: =SUMIFS('센터 자재 사용내역(06월)'!G:G,'센터 자재 사용내역(06월)'!E:E,'사급자재 사용내역'!C9,'센터 자재 사용내역(06월)'!F:F,"신규")+SUMIFS('센터 자재 사용내역(06월)'!G:G,'센터 자재 사용내역(06월)'!E:E,'사급자재 사용내역'!C9,'센터 자재 사용내역(06월)'!F:F,"교체") -> 0 | S9: =SUMIFS('센터 자재 사용내역(07월)'!G:G,'센터 자재 사용내역(07월)'!E:E,'사급자재 사용내역'!C9,'센터 자재 사용내역(07월)'!F:F,"신규")+SUMIFS('센터 자재 사용내역(07월)'!G:G,'센터 자재 사용내역(07월)'!E:E,'사급자재 사용내역'!C9,'센터 자재 사용내역(07월)'!F:F,"교체") -> 0 | T9: =SUMIFS('센터 자재 사용내역(08월)'!G:G,'센터 자재 사용내역(08월)'!E:E,'사급자재 사용내역'!C9,'센터 자재 사용내역(08월)'!F:F,"신규")+SUMIFS('센터 자재 사용내역(08월)'!G:G,'센터 자재 사용내역(08월)'!E:E,'사급자재 사용내역'!C9,'센터 자재 사용내역(08월)'!F:F,"교체") -> 0 | U9: =SUMIFS('센터 자재 사용내역(09월)'!G:G,'센터 자재 사용내역(09월)'!E:E,'사급자재 사용내역'!C9,'센터 자재 사용내역(09월)'!F:F,"신규")+SUMIFS('센터 자재 사용내역(09월)'!G:G,'센터 자재 사용내역(09월)'!E:E,'사급자재 사용내역'!C9,'센터 자재 사용내역(09월)'!F:F,"교체") -> 0 | V9: =SUMIFS('센터 자재 사용내역(10월)'!G:G,'센터 자재 사용내역(10월)'!E:E,'사급자재 사용내역'!C9,'센터 자재 사용내역(10월)'!F:F,"신규")+SUMIFS('센터 자재 사용내역(10월)'!G:G,'센터 자재 사용내역(10월)'!E:E,'사급자재 사용내역'!C9,'센터 자재 사용내역(10월)'!F:F,"교체") -> 0 | W9: =SUMIFS('센터 자재 사용내역(11월)'!G:G,'센터 자재 사용내역(11월)'!E:E,'사급자재 사용내역'!C9,'센터 자재 사용내역(11월)'!F:F,"신규")+SUMIFS('센터 자재 사용내역(11월)'!G:G,'센터 자재 사용내역(11월)'!E:E,'사급자재 사용내역'!C9,'센터 자재 사용내역(11월)'!F:F,"교체") -> 0 | X9: =SUMIFS('센터 자재 사용내역(12월)'!G:G,'센터 자재 사용내역(12월)'!E:E,'사급자재 사용내역'!C9,'센터 자재 사용내역(12월)'!F:F,"신규")+SUMIFS('센터 자재 사용내역(12월)'!G:G,'센터 자재 사용내역(12월)'!E:E,'사급자재 사용내역'!C9,'센터 자재 사용내역(12월)'!F:F,"교체") -> 0 | Y9: =SUM(M9:X9) -> 0 | AN9: =SUM(AB9:AM9) -> 0 | AQ9: =SUMIFS('센터 자재 사용내역(01월)'!G:G,'센터 자재 사용내역(01월)'!E:E,'사급자재 사용내역'!C9,'센터 자재 사용내역(01월)'!F:F,"불량") -> 0 | AR9: =SUMIFS('센터 자재 사용내역(02월)'!G:G,'센터 자재 사용내역(02월)'!E:E,'사급자재 사용내역'!C9,'센터 자재 사용내역(02월)'!F:F,"불량") -> 0 | AS9: =SUMIFS('센터 자재 사용내역(03월)'!G:G,'센터 자재 사용내역(03월)'!E:E,'사급자재 사용내역'!C9,'센터 자재 사용내역(03월)'!F:F,"불량") -> 0 | AT9: =SUMIFS('센터 자재 사용내역(04월)'!G:G,'센터 자재 사용내역(04월)'!E:E,'사급자재 사용내역'!C9,'센터 자재 사용내역(04월)'!F:F,"불량") -> 0 | AU9: =SUMIFS('센터 자재 사용내역(05월)'!G:G,'센터 자재 사용내역(05월)'!E:E,'사급자재 사용내역'!C9,'센터 자재 사용내역(05월)'!F:F,"불량") -> 0 | AV9: =SUMIFS('센터 자재 사용내역(06월)'!G:G,'센터 자재 사용내역(06월)'!E:E,'사급자재 사용내역'!C9,'센터 자재 사용내역(06월)'!F:F,"불량") -> 0 | AW9: =SUMIFS('센터 자재 사용내역(07월)'!G:G,'센터 자재 사용내역(07월)'!E:E,'사급자재 사용내역'!C9,'센터 자재 사용내역(07월)'!F:F,"불량") -> 0 | AX9: =SUMIFS('센터 자재 사용내역(08월)'!G:G,'센터 자재 사용내역(08월)'!E:E,'사급자재 사용내역'!C9,'센터 자재 사용내역(08월)'!F:F,"불량") -> 0 | AY9: =SUMIFS('센터 자재 사용내역(09월)'!G:G,'센터 자재 사용내역(09월)'!E:E,'사급자재 사용내역'!C9,'센터 자재 사용내역(09월)'!F:F,"불량") -> 0 | AZ9: =SUMIFS('센터 자재 사용내역(10월)'!G:G,'센터 자재 사용내역(10월)'!E:E,'사급자재 사용내역'!C9,'센터 자재 사용내역(10월)'!F:F,"불량") -> 0 | BA9: =SUMIFS('센터 자재 사용내역(11월)'!G:G,'센터 자재 사용내역(11월)'!E:E,'사급자재 사용내역'!C9,'센터 자재 사용내역(11월)'!F:F,"불량") -> 0 | BB9: =SUMIFS('센터 자재 사용내역(12월)'!G:G,'센터 자재 사용내역(12월)'!E:E,'사급자재 사용내역'!C9,'센터 자재 사용내역(12월)'!F:F,"불량") -> 0 | BC9: =SUM(AQ9:BB9) -> 0
C10: 텔라움 - TON10A-C(2*2) | D10: EA | E10: 3 | F10: 0 | I10: =(F10+BC10)-(G10+H10) -> 0 | J10: =Y10 -> 1 | K10: =AN10 -> 0 | L10: =E10-J10+K10 -> 2 | M10: =SUMIFS('센터 자재 사용내역(01월)'!G:G,'센터 자재 사용내역(01월)'!E:E,'사급자재 사용내역'!C10,'센터 자재 사용내역(01월)'!F:F,"신규")+SUMIFS('센터 자재 사용내역(01월)'!G:G,'센터 자재 사용내역(01월)'!E:E,'사급자재 사용내역'!C10,'센터 자재 사용내역(01월)'!F:F,"교체") -> 0 | N10: =SUMIFS('센터 자재 사용내역(02월)'!G:G,'센터 자재 사용내역(02월)'!E:E,'사급자재 사용내역'!C10,'센터 자재 사용내역(02월)'!F:F,"신규")+SUMIFS('센터 자재 사용내역(02월)'!G:G,'센터 자재 사용내역(02월)'!E:E,'사급자재 사용내역'!C10,'센터 자재 사용내역(02월)'!F:F,"교체") -> 0 | O10: =SUMIFS('센터 자재 사용내역(03월)'!G:G,'센터 자재 사용내역(03월)'!E:E,'사급자재 사용내역'!C10,'센터 자재 사용내역(03월)'!F:F,"신규")+SUMIFS('센터 자재 사용내역(03월)'!G:G,'센터 자재 사용내역(03월)'!E:E,'사급자재 사용내역'!C10,'센터 자재 사용내역(03월)'!F:F,"교체") -> 0 | P10: =SUMIFS('센터 자재 사용내역(04월)'!G:G,'센터 자재 사용내역(04월)'!E:E,'사급자재 사용내역'!C10,'센터 자재 사용내역(04월)'!F:F,"신규")+SUMIFS('센터 자재 사용내역(04월)'!G:G,'센터 자재 사용내역(04월)'!E:E,'사급자재 사용내역'!C10,'센터 자재 사용내역(04월)'!F:F,"교체") -> 0 | Q10: =SUMIFS('센터 자재 사용내역(05월)'!G:G,'센터 자재 사용내역(05월)'!E:E,'사급자재 사용내역'!C10,'센터 자재 사용내역(05월)'!F:F,"신규")+SUMIFS('센터 자재 사용내역(05월)'!G:G,'센터 자재 사용내역(05월)'!E:E,'사급자재 사용내역'!C10,'센터 자재 사용내역(05월)'!F:F,"교체") -> 1 | R10: =SUMIFS('센터 자재 사용내역(06월)'!G:G,'센터 자재 사용내역(06월)'!E:E,'사급자재 사용내역'!C10,'센터 자재 사용내역(06월)'!F:F,"신규")+SUMIFS('센터 자재 사용내역(06월)'!G:G,'센터 자재 사용내역(06월)'!E:E,'사급자재 사용내역'!C10,'센터 자재 사용내역(06월)'!F:F,"교체") -> 0 | S10: =SUMIFS('센터 자재 사용내역(07월)'!G:G,'센터 자재 사용내역(07월)'!E:E,'사급자재 사용내역'!C10,'센터 자재 사용내역(07월)'!F:F,"신규")+SUMIFS('센터 자재 사용내역(07월)'!G:G,'센터 자재 사용내역(07월)'!E:E,'사급자재 사용내역'!C10,'센터 자재 사용내역(07월)'!F:F,"교체") -> 0 | T10: =SUMIFS('센터 자재 사용내역(08월)'!G:G,'센터 자재 사용내역(08월)'!E:E,'사급자재 사용내역'!C10,'센터 자재 사용내역(08월)'!F:F,"신규")+SUMIFS('센터 자재 사용내역(08월)'!G:G,'센터 자재 사용내역(08월)'!E:E,'사급자재 사용내역'!C10,'센터 자재 사용내역(08월)'!F:F,"교체") -> 0 | U10: =SUMIFS('센터 자재 사용내역(09월)'!G:G,'센터 자재 사용내역(09월)'!E:E,'사급자재 사용내역'!C10,'센터 자재 사용내역(09월)'!F:F,"신규")+SUMIFS('센터 자재 사용내역(09월)'!G:G,'센터 자재 사용내역(09월)'!E:E,'사급자재 사용내역'!C10,'센터 자재 사용내역(09월)'!F:F,"교체") -> 0 | V10: =SUMIFS('센터 자재 사용내역(10월)'!G:G,'센터 자재 사용내역(10월)'!E:E,'사급자재 사용내역'!C10,'센터 자재 사용내역(10월)'!F:F,"신규")+SUMIFS('센터 자재 사용내역(10월)'!G:G,'센터 자재 사용내역(10월)'!E:E,'사급자재 사용내역'!C10,'센터 자재 사용내역(10월)'!F:F,"교체") -> 0 | W10: =SUMIFS('센터 자재 사용내역(11월)'!G:G,'센터 자재 사용내역(11월)'!E:E,'사급자재 사용내역'!C10,'센터 자재 사용내역(11월)'!F:F,"신규")+SUMIFS('센터 자재 사용내역(11월)'!G:G,'센터 자재 사용내역(11월)'!E:E,'사급자재 사용내역'!C10,'센터 자재 사용내역(11월)'!F:F,"교체") -> 0 | X10: =SUMIFS('센터 자재 사용내역(12월)'!G:G,'센터 자재 사용내역(12월)'!E:E,'사급자재 사용내역'!C10,'센터 자재 사용내역(12월)'!F:F,"신규")+SUMIFS('센터 자재 사용내역(12월)'!G:G,'센터 자재 사용내역(12월)'!E:E,'사급자재 사용내역'!C10,'센터 자재 사용내역(12월)'!F:F,"교체") -> 0 | Y10: =SUM(M10:X10) -> 1 | AN10: =SUM(AB10:AM10) -> 0 | AQ10: =SUMIFS('센터 자재 사용내역(01월)'!G:G,'센터 자재 사용내역(01월)'!E:E,'사급자재 사용내역'!C10,'센터 자재 사용내역(01월)'!F:F,"불량") -> 0 | AR10: =SUMIFS('센터 자재 사용내역(02월)'!G:G,'센터 자재 사용내역(02월)'!E:E,'사급자재 사용내역'!C10,'센터 자재 사용내역(02월)'!F:F,"불량") -> 0 | AS10: =SUMIFS('센터 자재 사용내역(03월)'!G:G,'센터 자재 사용내역(03월)'!E:E,'사급자재 사용내역'!C10,'센터 자재 사용내역(03월)'!F:F,"불량") -> 0 | AT10: =SUMIFS('센터 자재 사용내역(04월)'!G:G,'센터 자재 사용내역(04월)'!E:E,'사급자재 사용내역'!C10,'센터 자재 사용내역(04월)'!F:F,"불량") -> 0 | AU10: =SUMIFS('센터 자재 사용내역(05월)'!G:G,'센터 자재 사용내역(05월)'!E:E,'사급자재 사용내역'!C10,'센터 자재 사용내역(05월)'!F:F,"불량") -> 0 | AV10: =SUMIFS('센터 자재 사용내역(06월)'!G:G,'센터 자재 사용내역(06월)'!E:E,'사급자재 사용내역'!C10,'센터 자재 사용내역(06월)'!F:F,"불량") -> 0 | AW10: =SUMIFS('센터 자재 사용내역(07월)'!G:G,'센터 자재 사용내역(07월)'!E:E,'사급자재 사용내역'!C10,'센터 자재 사용내역(07월)'!F:F,"불량") -> 0 | AX10: =SUMIFS('센터 자재 사용내역(08월)'!G:G,'센터 자재 사용내역(08월)'!E:E,'사급자재 사용내역'!C10,'센터 자재 사용내역(08월)'!F:F,"불량") -> 0 | AY10: =SUMIFS('센터 자재 사용내역(09월)'!G:G,'센터 자재 사용내역(09월)'!E:E,'사급자재 사용내역'!C10,'센터 자재 사용내역(09월)'!F:F,"불량") -> 0 | AZ10: =SUMIFS('센터 자재 사용내역(10월)'!G:G,'센터 자재 사용내역(10월)'!E:E,'사급자재 사용내역'!C10,'센터 자재 사용내역(10월)'!F:F,"불량") -> 0 | BA10: =SUMIFS('센터 자재 사용내역(11월)'!G:G,'센터 자재 사용내역(11월)'!E:E,'사급자재 사용내역'!C10,'센터 자재 사용내역(11월)'!F:F,"불량") -> 0 | BB10: =SUMIFS('센터 자재 사용내역(12월)'!G:G,'센터 자재 사용내역(12월)'!E:E,'사급자재 사용내역'!C10,'센터 자재 사용내역(12월)'!F:F,"불량") -> 0 | BC10: =SUM(AQ10:BB10) -> 0
C11: 텔라움 V-ONU(RF_Overlay) TOV10P-H(49dBmv) | D11: EA | E11: 3 | F11: 0 | I11: =(F11+BC11)-(G11+H11) -> 0 | J11: =Y11 -> 0 | K11: =AN11 -> 0 | L11: =E11-J11+K11 -> 3 | M11: =SUMIFS('센터 자재 사용내역(01월)'!G:G,'센터 자재 사용내역(01월)'!E:E,'사급자재 사용내역'!C11,'센터 자재 사용내역(01월)'!F:F,"신규")+SUMIFS('센터 자재 사용내역(01월)'!G:G,'센터 자재 사용내역(01월)'!E:E,'사급자재 사용내역'!C11,'센터 자재 사용내역(01월)'!F:F,"교체") -> 0 | N11: =SUMIFS('센터 자재 사용내역(02월)'!G:G,'센터 자재 사용내역(02월)'!E:E,'사급자재 사용내역'!C11,'센터 자재 사용내역(02월)'!F:F,"신규")+SUMIFS('센터 자재 사용내역(02월)'!G:G,'센터 자재 사용내역(02월)'!E:E,'사급자재 사용내역'!C11,'센터 자재 사용내역(02월)'!F:F,"교체") -> 0 | O11: =SUMIFS('센터 자재 사용내역(03월)'!G:G,'센터 자재 사용내역(03월)'!E:E,'사급자재 사용내역'!C11,'센터 자재 사용내역(03월)'!F:F,"신규")+SUMIFS('센터 자재 사용내역(03월)'!G:G,'센터 자재 사용내역(03월)'!E:E,'사급자재 사용내역'!C11,'센터 자재 사용내역(03월)'!F:F,"교체") -> 0 | P11: =SUMIFS('센터 자재 사용내역(04월)'!G:G,'센터 자재 사용내역(04월)'!E:E,'사급자재 사용내역'!C11,'센터 자재 사용내역(04월)'!F:F,"신규")+SUMIFS('센터 자재 사용내역(04월)'!G:G,'센터 자재 사용내역(04월)'!E:E,'사급자재 사용내역'!C11,'센터 자재 사용내역(04월)'!F:F,"교체") -> 0 | Q11: =SUMIFS('센터 자재 사용내역(05월)'!G:G,'센터 자재 사용내역(05월)'!E:E,'사급자재 사용내역'!C11,'센터 자재 사용내역(05월)'!F:F,"신규")+SUMIFS('센터 자재 사용내역(05월)'!G:G,'센터 자재 사용내역(05월)'!E:E,'사급자재 사용내역'!C11,'센터 자재 사용내역(05월)'!F:F,"교체") -> 0 | R11: =SUMIFS('센터 자재 사용내역(06월)'!G:G,'센터 자재 사용내역(06월)'!E:E,'사급자재 사용내역'!C11,'센터 자재 사용내역(06월)'!F:F,"신규")+SUMIFS('센터 자재 사용내역(06월)'!G:G,'센터 자재 사용내역(06월)'!E:E,'사급자재 사용내역'!C11,'센터 자재 사용내역(06월)'!F:F,"교체") -> 0 | S11: =SUMIFS('센터 자재 사용내역(07월)'!G:G,'센터 자재 사용내역(07월)'!E:E,'사급자재 사용내역'!C11,'센터 자재 사용내역(07월)'!F:F,"신규")+SUMIFS('센터 자재 사용내역(07월)'!G:G,'센터 자재 사용내역(07월)'!E:E,'사급자재 사용내역'!C11,'센터 자재 사용내역(07월)'!F:F,"교체") -> 0 | T11: =SUMIFS('센터 자재 사용내역(08월)'!G:G,'센터 자재 사용내역(08월)'!E:E,'사급자재 사용내역'!C11,'센터 자재 사용내역(08월)'!F:F,"신규")+SUMIFS('센터 자재 사용내역(08월)'!G:G,'센터 자재 사용내역(08월)'!E:E,'사급자재 사용내역'!C11,'센터 자재 사용내역(08월)'!F:F,"교체") -> 0 | U11: =SUMIFS('센터 자재 사용내역(09월)'!G:G,'센터 자재 사용내역(09월)'!E:E,'사급자재 사용내역'!C11,'센터 자재 사용내역(09월)'!F:F,"신규")+SUMIFS('센터 자재 사용내역(09월)'!G:G,'센터 자재 사용내역(09월)'!E:E,'사급자재 사용내역'!C11,'센터 자재 사용내역(09월)'!F:F,"교체") -> 0 | V11: =SUMIFS('센터 자재 사용내역(10월)'!G:G,'센터 자재 사용내역(10월)'!E:E,'사급자재 사용내역'!C11,'센터 자재 사용내역(10월)'!F:F,"신규")+SUMIFS('센터 자재 사용내역(10월)'!G:G,'센터 자재 사용내역(10월)'!E:E,'사급자재 사용내역'!C11,'센터 자재 사용내역(10월)'!F:F,"교체") -> 0 | W11: =SUMIFS('센터 자재 사용내역(11월)'!G:G,'센터 자재 사용내역(11월)'!E:E,'사급자재 사용내역'!C11,'센터 자재 사용내역(11월)'!F:F,"신규")+SUMIFS('센터 자재 사용내역(11월)'!G:G,'센터 자재 사용내역(11월)'!E:E,'사급자재 사용내역'!C11,'센터 자재 사용내역(11월)'!F:F,"교체") -> 0 | X11: =SUMIFS('센터 자재 사용내역(12월)'!G:G,'센터 자재 사용내역(12월)'!E:E,'사급자재 사용내역'!C11,'센터 자재 사용내역(12월)'!F:F,"신규")+SUMIFS('센터 자재 사용내역(12월)'!G:G,'센터 자재 사용내역(12월)'!E:E,'사급자재 사용내역'!C11,'센터 자재 사용내역(12월)'!F:F,"교체") -> 0 | Y11: =SUM(M11:X11) -> 0 | AN11: =SUM(AB11:AM11) -> 0 | AQ11: =SUMIFS('센터 자재 사용내역(01월)'!G:G,'센터 자재 사용내역(01월)'!E:E,'사급자재 사용내역'!C11,'센터 자재 사용내역(01월)'!F:F,"불량") -> 0 | AR11: =SUMIFS('센터 자재 사용내역(02월)'!G:G,'센터 자재 사용내역(02월)'!E:E,'사급자재 사용내역'!C11,'센터 자재 사용내역(02월)'!F:F,"불량") -> 0 | AS11: =SUMIFS('센터 자재 사용내역(03월)'!G:G,'센터 자재 사용내역(03월)'!E:E,'사급자재 사용내역'!C11,'센터 자재 사용내역(03월)'!F:F,"불량") -> 0 | AT11: =SUMIFS('센터 자재 사용내역(04월)'!G:G,'센터 자재 사용내역(04월)'!E:E,'사급자재 사용내역'!C11,'센터 자재 사용내역(04월)'!F:F,"불량") -> 0 | AU11: =SUMIFS('센터 자재 사용내역(05월)'!G:G,'센터 자재 사용내역(05월)'!E:E,'사급자재 사용내역'!C11,'센터 자재 사용내역(05월)'!F:F,"불량") -> 0 | AV11: =SUMIFS('센터 자재 사용내역(06월)'!G:G,'센터 자재 사용내역(06월)'!E:E,'사급자재 사용내역'!C11,'센터 자재 사용내역(06월)'!F:F,"불량") -> 0 | AW11: =SUMIFS('센터 자재 사용내역(07월)'!G:G,'센터 자재 사용내역(07월)'!E:E,'사급자재 사용내역'!C11,'센터 자재 사용내역(07월)'!F:F,"불량") -> 0 | AX11: =SUMIFS('센터 자재 사용내역(08월)'!G:G,'센터 자재 사용내역(08월)'!E:E,'사급자재 사용내역'!C11,'센터 자재 사용내역(08월)'!F:F,"불량") -> 0 | AY11: =SUMIFS('센터 자재 사용내역(09월)'!G:G,'센터 자재 사용내역(09월)'!E:E,'사급자재 사용내역'!C11,'센터 자재 사용내역(09월)'!F:F,"불량") -> 0 | AZ11: =SUMIFS('센터 자재 사용내역(10월)'!G:G,'센터 자재 사용내역(10월)'!E:E,'사급자재 사용내역'!C11,'센터 자재 사용내역(10월)'!F:F,"불량") -> 0 | BA11: =SUMIFS('센터 자재 사용내역(11월)'!G:G,'센터 자재 사용내역(11월)'!E:E,'사급자재 사용내역'!C11,'센터 자재 사용내역(11월)'!F:F,"불량") -> 0 | BB11: =SUMIFS('센터 자재 사용내역(12월)'!G:G,'센터 자재 사용내역(12월)'!E:E,'사급자재 사용내역'!C11,'센터 자재 사용내역(12월)'!F:F,"불량") -> 0 | BC11: =SUM(AQ11:BB11) -> 0
C12: 모토로라 - SG4-100SK/SXX-CNN-S | D12: EA | E12: 0 | F12: 0 | I12: =(F12+BC12)-(G12+H12) -> 0 | J12: =Y12 -> 0 | K12: =AN12 -> 0 | L12: =E12-J12+K12 -> 0 | M12: =SUMIFS('센터 자재 사용내역(01월)'!G:G,'센터 자재 사용내역(01월)'!E:E,'사급자재 사용내역'!C12,'센터 자재 사용내역(01월)'!F:F,"신규")+SUMIFS('센터 자재 사용내역(01월)'!G:G,'센터 자재 사용내역(01월)'!E:E,'사급자재 사용내역'!C12,'센터 자재 사용내역(01월)'!F:F,"교체") -> 0 | N12: =SUMIFS('센터 자재 사용내역(02월)'!G:G,'센터 자재 사용내역(02월)'!E:E,'사급자재 사용내역'!C12,'센터 자재 사용내역(02월)'!F:F,"신규")+SUMIFS('센터 자재 사용내역(02월)'!G:G,'센터 자재 사용내역(02월)'!E:E,'사급자재 사용내역'!C12,'센터 자재 사용내역(02월)'!F:F,"교체") -> 0 | O12: =SUMIFS('센터 자재 사용내역(03월)'!G:G,'센터 자재 사용내역(03월)'!E:E,'사급자재 사용내역'!C12,'센터 자재 사용내역(03월)'!F:F,"신규")+SUMIFS('센터 자재 사용내역(03월)'!G:G,'센터 자재 사용내역(03월)'!E:E,'사급자재 사용내역'!C12,'센터 자재 사용내역(03월)'!F:F,"교체") -> 0 | P12: =SUMIFS('센터 자재 사용내역(04월)'!G:G,'센터 자재 사용내역(04월)'!E:E,'사급자재 사용내역'!C12,'센터 자재 사용내역(04월)'!F:F,"신규")+SUMIFS('센터 자재 사용내역(04월)'!G:G,'센터 자재 사용내역(04월)'!E:E,'사급자재 사용내역'!C12,'센터 자재 사용내역(04월)'!F:F,"교체") -> 0 | Q12: =SUMIFS('센터 자재 사용내역(05월)'!G:G,'센터 자재 사용내역(05월)'!E:E,'사급자재 사용내역'!C12,'센터 자재 사용내역(05월)'!F:F,"신규")+SUMIFS('센터 자재 사용내역(05월)'!G:G,'센터 자재 사용내역(05월)'!E:E,'사급자재 사용내역'!C12,'센터 자재 사용내역(05월)'!F:F,"교체") -> 0 | R12: =SUMIFS('센터 자재 사용내역(06월)'!G:G,'센터 자재 사용내역(06월)'!E:E,'사급자재 사용내역'!C12,'센터 자재 사용내역(06월)'!F:F,"신규")+SUMIFS('센터 자재 사용내역(06월)'!G:G,'센터 자재 사용내역(06월)'!E:E,'사급자재 사용내역'!C12,'센터 자재 사용내역(06월)'!F:F,"교체") -> 0 | S12: =SUMIFS('센터 자재 사용내역(07월)'!G:G,'센터 자재 사용내역(07월)'!E:E,'사급자재 사용내역'!C12,'센터 자재 사용내역(07월)'!F:F,"신규")+SUMIFS('센터 자재 사용내역(07월)'!G:G,'센터 자재 사용내역(07월)'!E:E,'사급자재 사용내역'!C12,'센터 자재 사용내역(07월)'!F:F,"교체") -> 0 | T12: =SUMIFS('센터 자재 사용내역(08월)'!G:G,'센터 자재 사용내역(08월)'!E:E,'사급자재 사용내역'!C12,'센터 자재 사용내역(08월)'!F:F,"신규")+SUMIFS('센터 자재 사용내역(08월)'!G:G,'센터 자재 사용내역(08월)'!E:E,'사급자재 사용내역'!C12,'센터 자재 사용내역(08월)'!F:F,"교체") -> 0 | U12: =SUMIFS('센터 자재 사용내역(09월)'!G:G,'센터 자재 사용내역(09월)'!E:E,'사급자재 사용내역'!C12,'센터 자재 사용내역(09월)'!F:F,"신규")+SUMIFS('센터 자재 사용내역(09월)'!G:G,'센터 자재 사용내역(09월)'!E:E,'사급자재 사용내역'!C12,'센터 자재 사용내역(09월)'!F:F,"교체") -> 0 | V12: =SUMIFS('센터 자재 사용내역(10월)'!G:G,'센터 자재 사용내역(10월)'!E:E,'사급자재 사용내역'!C12,'센터 자재 사용내역(10월)'!F:F,"신규")+SUMIFS('센터 자재 사용내역(10월)'!G:G,'센터 자재 사용내역(10월)'!E:E,'사급자재 사용내역'!C12,'센터 자재 사용내역(10월)'!F:F,"교체") -> 0 | W12: =SUMIFS('센터 자재 사용내역(11월)'!G:G,'센터 자재 사용내역(11월)'!E:E,'사급자재 사용내역'!C12,'센터 자재 사용내역(11월)'!F:F,"신규")+SUMIFS('센터 자재 사용내역(11월)'!G:G,'센터 자재 사용내역(11월)'!E:E,'사급자재 사용내역'!C12,'센터 자재 사용내역(11월)'!F:F,"교체") -> 0 | X12: =SUMIFS('센터 자재 사용내역(12월)'!G:G,'센터 자재 사용내역(12월)'!E:E,'사급자재 사용내역'!C12,'센터 자재 사용내역(12월)'!F:F,"신규")+SUMIFS('센터 자재 사용내역(12월)'!G:G,'센터 자재 사용내역(12월)'!E:E,'사급자재 사용내역'!C12,'센터 자재 사용내역(12월)'!F:F,"교체") -> 0 | Y12: =SUM(M12:X12) -> 0 | AN12: =SUM(AB12:AM12) -> 0 | AQ12: =SUMIFS('센터 자재 사용내역(01월)'!G:G,'센터 자재 사용내역(01월)'!E:E,'사급자재 사용내역'!C12,'센터 자재 사용내역(01월)'!F:F,"불량") -> 0 | AR12: =SUMIFS('센터 자재 사용내역(02월)'!G:G,'센터 자재 사용내역(02월)'!E:E,'사급자재 사용내역'!C12,'센터 자재 사용내역(02월)'!F:F,"불량") -> 0 | AS12: =SUMIFS('센터 자재 사용내역(03월)'!G:G,'센터 자재 사용내역(03월)'!E:E,'사급자재 사용내역'!C12,'센터 자재 사용내역(03월)'!F:F,"불량") -> 0 | AT12: =SUMIFS('센터 자재 사용내역(04월)'!G:G,'센터 자재 사용내역(04월)'!E:E,'사급자재 사용내역'!C12,'센터 자재 사용내역(04월)'!F:F,"불량") -> 0 | AU12: =SUMIFS('센터 자재 사용내역(05월)'!G:G,'센터 자재 사용내역(05월)'!E:E,'사급자재 사용내역'!C12,'센터 자재 사용내역(05월)'!F:F,"불량") -> 0 | AV12: =SUMIFS('센터 자재 사용내역(06월)'!G:G,'센터 자재 사용내역(06월)'!E:E,'사급자재 사용내역'!C12,'센터 자재 사용내역(06월)'!F:F,"불량") -> 0 | AW12: =SUMIFS('센터 자재 사용내역(07월)'!G:G,'센터 자재 사용내역(07월)'!E:E,'사급자재 사용내역'!C12,'센터 자재 사용내역(07월)'!F:F,"불량") -> 0 | AX12: =SUMIFS('센터 자재 사용내역(08월)'!G:G,'센터 자재 사용내역(08월)'!E:E,'사급자재 사용내역'!C12,'센터 자재 사용내역(08월)'!F:F,"불량") -> 0 | AY12: =SUMIFS('센터 자재 사용내역(09월)'!G:G,'센터 자재 사용내역(09월)'!E:E,'사급자재 사용내역'!C12,'센터 자재 사용내역(09월)'!F:F,"불량") -> 0 | AZ12: =SUMIFS('센터 자재 사용내역(10월)'!G:G,'센터 자재 사용내역(10월)'!E:E,'사급자재 사용내역'!C12,'센터 자재 사용내역(10월)'!F:F,"불량") -> 0 | BA12: =SUMIFS('센터 자재 사용내역(11월)'!G:G,'센터 자재 사용내역(11월)'!E:E,'사급자재 사용내역'!C12,'센터 자재 사용내역(11월)'!F:F,"불량") -> 0 | BB12: =SUMIFS('센터 자재 사용내역(12월)'!G:G,'센터 자재 사용내역(12월)'!E:E,'사급자재 사용내역'!C12,'센터 자재 사용내역(12월)'!F:F,"불량") -> 0 | BC12: =SUM(AQ12:BB12) -> 0
C13: 모토로라 - SG4-87SK/SXX-CNN-S | D13: EA | E13: 2 | F13: 0 | H13: 4 | I13: =(F13+BC13)-(G13+H13) -> 1 | J13: =Y13 -> 1 | K13: =AN13 -> 8 | L13: =E13-J13+K13 -> 9 | M13: =SUMIFS('센터 자재 사용내역(01월)'!G:G,'센터 자재 사용내역(01월)'!E:E,'사급자재 사용내역'!C13,'센터 자재 사용내역(01월)'!F:F,"신규")+SUMIFS('센터 자재 사용내역(01월)'!G:G,'센터 자재 사용내역(01월)'!E:E,'사급자재 사용내역'!C13,'센터 자재 사용내역(01월)'!F:F,"교체") -> 0 | N13: =SUMIFS('센터 자재 사용내역(02월)'!G:G,'센터 자재 사용내역(02월)'!E:E,'사급자재 사용내역'!C13,'센터 자재 사용내역(02월)'!F:F,"신규")+SUMIFS('센터 자재 사용내역(02월)'!G:G,'센터 자재 사용내역(02월)'!E:E,'사급자재 사용내역'!C13,'센터 자재 사용내역(02월)'!F:F,"교체") -> 0 | O13: =SUMIFS('센터 자재 사용내역(03월)'!G:G,'센터 자재 사용내역(03월)'!E:E,'사급자재 사용내역'!C13,'센터 자재 사용내역(03월)'!F:F,"신규")+SUMIFS('센터 자재 사용내역(03월)'!G:G,'센터 자재 사용내역(03월)'!E:E,'사급자재 사용내역'!C13,'센터 자재 사용내역(03월)'!F:F,"교체") -> 0 | P13: =SUMIFS('센터 자재 사용내역(04월)'!G:G,'센터 자재 사용내역(04월)'!E:E,'사급자재 사용내역'!C13,'센터 자재 사용내역(04월)'!F:F,"신규")+SUMIFS('센터 자재 사용내역(04월)'!G:G,'센터 자재 사용내역(04월)'!E:E,'사급자재 사용내역'!C13,'센터 자재 사용내역(04월)'!F:F,"교체") -> 0 | Q13: =SUMIFS('센터 자재 사용내역(05월)'!G:G,'센터 자재 사용내역(05월)'!E:E,'사급자재 사용내역'!C13,'센터 자재 사용내역(05월)'!F:F,"신규")+SUMIFS('센터 자재 사용내역(05월)'!G:G,'센터 자재 사용내역(05월)'!E:E,'사급자재 사용내역'!C13,'센터 자재 사용내역(05월)'!F:F,"교체") -> 0 | R13: =SUMIFS('센터 자재 사용내역(06월)'!G:G,'센터 자재 사용내역(06월)'!E:E,'사급자재 사용내역'!C13,'센터 자재 사용내역(06월)'!F:F,"신규")+SUMIFS('센터 자재 사용내역(06월)'!G:G,'센터 자재 사용내역(06월)'!E:E,'사급자재 사용내역'!C13,'센터 자재 사용내역(06월)'!F:F,"교체") -> 0 | S13: =SUMIFS('센터 자재 사용내역(07월)'!G:G,'센터 자재 사용내역(07월)'!E:E,'사급자재 사용내역'!C13,'센터 자재 사용내역(07월)'!F:F,"신규")+SUMIFS('센터 자재 사용내역(07월)'!G:G,'센터 자재 사용내역(07월)'!E:E,'사급자재 사용내역'!C13,'센터 자재 사용내역(07월)'!F:F,"교체") -> 1 | T13: =SUMIFS('센터 자재 사용내역(08월)'!G:G,'센터 자재 사용내역(08월)'!E:E,'사급자재 사용내역'!C13,'센터 자재 사용내역(08월)'!F:F,"신규")+SUMIFS('센터 자재 사용내역(08월)'!G:G,'센터 자재 사용내역(08월)'!E:E,'사급자재 사용내역'!C13,'센터 자재 사용내역(08월)'!F:F,"교체") -> 0 | U13: =SUMIFS('센터 자재 사용내역(09월)'!G:G,'센터 자재 사용내역(09월)'!E:E,'사급자재 사용내역'!C13,'센터 자재 사용내역(09월)'!F:F,"신규")+SUMIFS('센터 자재 사용내역(09월)'!G:G,'센터 자재 사용내역(09월)'!E:E,'사급자재 사용내역'!C13,'센터 자재 사용내역(09월)'!F:F,"교체") -> 0 | V13: =SUMIFS('센터 자재 사용내역(10월)'!G:G,'센터 자재 사용내역(10월)'!E:E,'사급자재 사용내역'!C13,'센터 자재 사용내역(10월)'!F:F,"신규")+SUMIFS('센터 자재 사용내역(10월)'!G:G,'센터 자재 사용내역(10월)'!E:E,'사급자재 사용내역'!C13,'센터 자재 사용내역(10월)'!F:F,"교체") -> 0 | W13: =SUMIFS('센터 자재 사용내역(11월)'!G:G,'센터 자재 사용내역(11월)'!E:E,'사급자재 사용내역'!C13,'센터 자재 사용내역(11월)'!F:F,"신규")+SUMIFS('센터 자재 사용내역(11월)'!G:G,'센터 자재 사용내역(11월)'!E:E,'사급자재 사용내역'!C13,'센터 자재 사용내역(11월)'!F:F,"교체") -> 0 | X13: =SUMIFS('센터 자재 사용내역(12월)'!G:G,'센터 자재 사용내역(12월)'!E:E,'사급자재 사용내역'!C13,'센터 자재 사용내역(12월)'!F:F,"신규")+SUMIFS('센터 자재 사용내역(12월)'!G:G,'센터 자재 사용내역(12월)'!E:E,'사급자재 사용내역'!C13,'센터 자재 사용내역(12월)'!F:F,"교체") -> 0 | Y13: =SUM(M13:X13) -> 1 | AE13: 3 | AI13: 5 | AN13: =SUM(AB13:AM13) -> 8 | AQ13: =SUMIFS('센터 자재 사용내역(01월)'!G:G,'센터 자재 사용내역(01월)'!E:E,'사급자재 사용내역'!C13,'센터 자재 사용내역(01월)'!F:F,"불량") -> 0 | AR13: =SUMIFS('센터 자재 사용내역(02월)'!G:G,'센터 자재 사용내역(02월)'!E:E,'사급자재 사용내역'!C13,'센터 자재 사용내역(02월)'!F:F,"불량") -> 1 | AS13: =SUMIFS('센터 자재 사용내역(03월)'!G:G,'센터 자재 사용내역(03월)'!E:E,'사급자재 사용내역'!C13,'센터 자재 사용내역(03월)'!F:F,"불량") -> 0 | AT13: =SUMIFS('센터 자재 사용내역(04월)'!G:G,'센터 자재 사용내역(04월)'!E:E,'사급자재 사용내역'!C13,'센터 자재 사용내역(04월)'!F:F,"불량") -> 0 | AU13: =SUMIFS('센터 자재 사용내역(05월)'!G:G,'센터 자재 사용내역(05월)'!E:E,'사급자재 사용내역'!C13,'센터 자재 사용내역(05월)'!F:F,"불량") -> 0 | AV13: =SUMIFS('센터 자재 사용내역(06월)'!G:G,'센터 자재 사용내역(06월)'!E:E,'사급자재 사용내역'!C13,'센터 자재 사용내역(06월)'!F:F,"불량") -> 3 | AW13: =SUMIFS('센터 자재 사용내역(07월)'!G:G,'센터 자재 사용내역(07월)'!E:E,'사급자재 사용내역'!C13,'센터 자재 사용내역(07월)'!F:F,"불량") -> 1 | AX13: =SUMIFS('센터 자재 사용내역(08월)'!G:G,'센터 자재 사용내역(08월)'!E:E,'사급자재 사용내역'!C13,'센터 자재 사용내역(08월)'!F:F,"불량") -> 0 | AY13: =SUMIFS('센터 자재 사용내역(09월)'!G:G,'센터 자재 사용내역(09월)'!E:E,'사급자재 사용내역'!C13,'센터 자재 사용내역(09월)'!F:F,"불량") -> 0 | AZ13: =SUMIFS('센터 자재 사용내역(10월)'!G:G,'센터 자재 사용내역(10월)'!E:E,'사급자재 사용내역'!C13,'센터 자재 사용내역(10월)'!F:F,"불량") -> 0 | BA13: =SUMIFS('센터 자재 사용내역(11월)'!G:G,'센터 자재 사용내역(11월)'!E:E,'사급자재 사용내역'!C13,'센터 자재 사용내역(11월)'!F:F,"불량") -> 0 | BB13: =SUMIFS('센터 자재 사용내역(12월)'!G:G,'센터 자재 사용내역(12월)'!E:E,'사급자재 사용내역'!C13,'센터 자재 사용내역(12월)'!F:F,"불량") -> 0 | BC13: =SUM(AQ13:BB13) -> 5
C14: 모토로라 - SG2440-87KS/DSTX-XAXB | D14: EA | E14: 2 | F14: 0 | H14: 1 | I14: =(F14+BC14)-(G14+H14) -> 2 | J14: =Y14 -> 0 | K14: =AN14 -> 0 | L14: =E14-J14+K14 -> 2 | M14: =SUMIFS('센터 자재 사용내역(01월)'!G:G,'센터 자재 사용내역(01월)'!E:E,'사급자재 사용내역'!C14,'센터 자재 사용내역(01월)'!F:F,"신규")+SUMIFS('센터 자재 사용내역(01월)'!G:G,'센터 자재 사용내역(01월)'!E:E,'사급자재 사용내역'!C14,'센터 자재 사용내역(01월)'!F:F,"교체") -> 0 | N14: =SUMIFS('센터 자재 사용내역(02월)'!G:G,'센터 자재 사용내역(02월)'!E:E,'사급자재 사용내역'!C14,'센터 자재 사용내역(02월)'!F:F,"신규")+SUMIFS('센터 자재 사용내역(02월)'!G:G,'센터 자재 사용내역(02월)'!E:E,'사급자재 사용내역'!C14,'센터 자재 사용내역(02월)'!F:F,"교체") -> 0 | O14: =SUMIFS('센터 자재 사용내역(03월)'!G:G,'센터 자재 사용내역(03월)'!E:E,'사급자재 사용내역'!C14,'센터 자재 사용내역(03월)'!F:F,"신규")+SUMIFS('센터 자재 사용내역(03월)'!G:G,'센터 자재 사용내역(03월)'!E:E,'사급자재 사용내역'!C14,'센터 자재 사용내역(03월)'!F:F,"교체") -> 0 | P14: =SUMIFS('센터 자재 사용내역(04월)'!G:G,'센터 자재 사용내역(04월)'!E:E,'사급자재 사용내역'!C14,'센터 자재 사용내역(04월)'!F:F,"신규")+SUMIFS('센터 자재 사용내역(04월)'!G:G,'센터 자재 사용내역(04월)'!E:E,'사급자재 사용내역'!C14,'센터 자재 사용내역(04월)'!F:F,"교체") -> 0 | Q14: =SUMIFS('센터 자재 사용내역(05월)'!G:G,'센터 자재 사용내역(05월)'!E:E,'사급자재 사용내역'!C14,'센터 자재 사용내역(05월)'!F:F,"신규")+SUMIFS('센터 자재 사용내역(05월)'!G:G,'센터 자재 사용내역(05월)'!E:E,'사급자재 사용내역'!C14,'센터 자재 사용내역(05월)'!F:F,"교체") -> 0 | R14: =SUMIFS('센터 자재 사용내역(06월)'!G:G,'센터 자재 사용내역(06월)'!E:E,'사급자재 사용내역'!C14,'센터 자재 사용내역(06월)'!F:F,"신규")+SUMIFS('센터 자재 사용내역(06월)'!G:G,'센터 자재 사용내역(06월)'!E:E,'사급자재 사용내역'!C14,'센터 자재 사용내역(06월)'!F:F,"교체") -> 0 | S14: =SUMIFS('센터 자재 사용내역(07월)'!G:G,'센터 자재 사용내역(07월)'!E:E,'사급자재 사용내역'!C14,'센터 자재 사용내역(07월)'!F:F,"신규")+SUMIFS('센터 자재 사용내역(07월)'!G:G,'센터 자재 사용내역(07월)'!E:E,'사급자재 사용내역'!C14,'센터 자재 사용내역(07월)'!F:F,"교체") -> 0 | T14: =SUMIFS('센터 자재 사용내역(08월)'!G:G,'센터 자재 사용내역(08월)'!E:E,'사급자재 사용내역'!C14,'센터 자재 사용내역(08월)'!F:F,"신규")+SUMIFS('센터 자재 사용내역(08월)'!G:G,'센터 자재 사용내역(08월)'!E:E,'사급자재 사용내역'!C14,'센터 자재 사용내역(08월)'!F:F,"교체") -> 0 | U14: =SUMIFS('센터 자재 사용내역(09월)'!G:G,'센터 자재 사용내역(09월)'!E:E,'사급자재 사용내역'!C14,'센터 자재 사용내역(09월)'!F:F,"신규")+SUMIFS('센터 자재 사용내역(09월)'!G:G,'센터 자재 사용내역(09월)'!E:E,'사급자재 사용내역'!C14,'센터 자재 사용내역(09월)'!F:F,"교체") -> 0 | V14: =SUMIFS('센터 자재 사용내역(10월)'!G:G,'센터 자재 사용내역(10월)'!E:E,'사급자재 사용내역'!C14,'센터 자재 사용내역(10월)'!F:F,"신규")+SUMIFS('센터 자재 사용내역(10월)'!G:G,'센터 자재 사용내역(10월)'!E:E,'사급자재 사용내역'!C14,'센터 자재 사용내역(10월)'!F:F,"교체") -> 0 | W14: =SUMIFS('센터 자재 사용내역(11월)'!G:G,'센터 자재 사용내역(11월)'!E:E,'사급자재 사용내역'!C14,'센터 자재 사용내역(11월)'!F:F,"신규")+SUMIFS('센터 자재 사용내역(11월)'!G:G,'센터 자재 사용내역(11월)'!E:E,'사급자재 사용내역'!C14,'센터 자재 사용내역(11월)'!F:F,"교체") -> 0 | X14: =SUMIFS('센터 자재 사용내역(12월)'!G:G,'센터 자재 사용내역(12월)'!E:E,'사급자재 사용내역'!C14,'센터 자재 사용내역(12월)'!F:F,"신규")+SUMIFS('센터 자재 사용내역(12월)'!G:G,'센터 자재 사용내역(12월)'!E:E,'사급자재 사용내역'!C14,'센터 자재 사용내역(12월)'!F:F,"교체") -> 0 | Y14: =SUM(M14:X14) -> 0 | AN14: =SUM(AB14:AM14) -> 0 | AQ14: =SUMIFS('센터 자재 사용내역(01월)'!G:G,'센터 자재 사용내역(01월)'!E:E,'사급자재 사용내역'!C14,'센터 자재 사용내역(01월)'!F:F,"불량") -> 1 | AR14: =SUMIFS('센터 자재 사용내역(02월)'!G:G,'센터 자재 사용내역(02월)'!E:E,'사급자재 사용내역'!C14,'센터 자재 사용내역(02월)'!F:F,"불량") -> 0 | AS14: =SUMIFS('센터 자재 사용내역(03월)'!G:G,'센터 자재 사용내역(03월)'!E:E,'사급자재 사용내역'!C14,'센터 자재 사용내역(03월)'!F:F,"불량") -> 0 | AT14: =SUMIFS('센터 자재 사용내역(04월)'!G:G,'센터 자재 사용내역(04월)'!E:E,'사급자재 사용내역'!C14,'센터 자재 사용내역(04월)'!F:F,"불량") -> 0 | AU14: =SUMIFS('센터 자재 사용내역(05월)'!G:G,'센터 자재 사용내역(05월)'!E:E,'사급자재 사용내역'!C14,'센터 자재 사용내역(05월)'!F:F,"불량") -> 0 | AV14: =SUMIFS('센터 자재 사용내역(06월)'!G:G,'센터 자재 사용내역(06월)'!E:E,'사급자재 사용내역'!C14,'센터 자재 사용내역(06월)'!F:F,"불량") -> 0 | AW14: =SUMIFS('센터 자재 사용내역(07월)'!G:G,'센터 자재 사용내역(07월)'!E:E,'사급자재 사용내역'!C14,'센터 자재 사용내역(07월)'!F:F,"불량") -> 1 | AX14: =SUMIFS('센터 자재 사용내역(08월)'!G:G,'센터 자재 사용내역(08월)'!E:E,'사급자재 사용내역'!C14,'센터 자재 사용내역(08월)'!F:F,"불량") -> 1 | AY14: =SUMIFS('센터 자재 사용내역(09월)'!G:G,'센터 자재 사용내역(09월)'!E:E,'사급자재 사용내역'!C14,'센터 자재 사용내역(09월)'!F:F,"불량") -> 0 | AZ14: =SUMIFS('센터 자재 사용내역(10월)'!G:G,'센터 자재 사용내역(10월)'!E:E,'사급자재 사용내역'!C14,'센터 자재 사용내역(10월)'!F:F,"불량") -> 0 | BA14: =SUMIFS('센터 자재 사용내역(11월)'!G:G,'센터 자재 사용내역(11월)'!E:E,'사급자재 사용내역'!C14,'센터 자재 사용내역(11월)'!F:F,"불량") -> 0 | BB14: =SUMIFS('센터 자재 사용내역(12월)'!G:G,'센터 자재 사용내역(12월)'!E:E,'사급자재 사용내역'!C14,'센터 자재 사용내역(12월)'!F:F,"불량") -> 0 | BC14: =SUM(AQ14:BB14) -> 3
C15: 동양 DFORT-G104 (1*1) | D15: EA | E15: 13 | F15: 3 | H15: 3 | I15: =(F15+BC15)-(G15+H15) -> 1 | J15: =Y15 -> 12 | K15: =AN15 -> 9 | L15: =E15-J15+K15 -> 10 | M15: =SUMIFS('센터 자재 사용내역(01월)'!G:G,'센터 자재 사용내역(01월)'!E:E,'사급자재 사용내역'!C15,'센터 자재 사용내역(01월)'!F:F,"신규")+SUMIFS('센터 자재 사용내역(01월)'!G:G,'센터 자재 사용내역(01월)'!E:E,'사급자재 사용내역'!C15,'센터 자재 사용내역(01월)'!F:F,"교체") -> 0 | N15: =SUMIFS('센터 자재 사용내역(02월)'!G:G,'센터 자재 사용내역(02월)'!E:E,'사급자재 사용내역'!C15,'센터 자재 사용내역(02월)'!F:F,"신규")+SUMIFS('센터 자재 사용내역(02월)'!G:G,'센터 자재 사용내역(02월)'!E:E,'사급자재 사용내역'!C15,'센터 자재 사용내역(02월)'!F:F,"교체") -> 3 | O15: =SUMIFS('센터 자재 사용내역(03월)'!G:G,'센터 자재 사용내역(03월)'!E:E,'사급자재 사용내역'!C15,'센터 자재 사용내역(03월)'!F:F,"신규")+SUMIFS('센터 자재 사용내역(03월)'!G:G,'센터 자재 사용내역(03월)'!E:E,'사급자재 사용내역'!C15,'센터 자재 사용내역(03월)'!F:F,"교체") -> 1 | P15: =SUMIFS('센터 자재 사용내역(04월)'!G:G,'센터 자재 사용내역(04월)'!E:E,'사급자재 사용내역'!C15,'센터 자재 사용내역(04월)'!F:F,"신규")+SUMIFS('센터 자재 사용내역(04월)'!G:G,'센터 자재 사용내역(04월)'!E:E,'사급자재 사용내역'!C15,'센터 자재 사용내역(04월)'!F:F,"교체") -> 0 | Q15: =SUMIFS('센터 자재 사용내역(05월)'!G:G,'센터 자재 사용내역(05월)'!E:E,'사급자재 사용내역'!C15,'센터 자재 사용내역(05월)'!F:F,"신규")+SUMIFS('센터 자재 사용내역(05월)'!G:G,'센터 자재 사용내역(05월)'!E:E,'사급자재 사용내역'!C15,'센터 자재 사용내역(05월)'!F:F,"교체") -> 1 | R15: =SUMIFS('센터 자재 사용내역(06월)'!G:G,'센터 자재 사용내역(06월)'!E:E,'사급자재 사용내역'!C15,'센터 자재 사용내역(06월)'!F:F,"신규")+SUMIFS('센터 자재 사용내역(06월)'!G:G,'센터 자재 사용내역(06월)'!E:E,'사급자재 사용내역'!C15,'센터 자재 사용내역(06월)'!F:F,"교체") -> 3 | S15: =SUMIFS('센터 자재 사용내역(07월)'!G:G,'센터 자재 사용내역(07월)'!E:E,'사급자재 사용내역'!C15,'센터 자재 사용내역(07월)'!F:F,"신규")+SUMIFS('센터 자재 사용내역(07월)'!G:G,'센터 자재 사용내역(07월)'!E:E,'사급자재 사용내역'!C15,'센터 자재 사용내역(07월)'!F:F,"교체") -> 2 | T15: =SUMIFS('센터 자재 사용내역(08월)'!G:G,'센터 자재 사용내역(08월)'!E:E,'사급자재 사용내역'!C15,'센터 자재 사용내역(08월)'!F:F,"신규")+SUMIFS('센터 자재 사용내역(08월)'!G:G,'센터 자재 사용내역(08월)'!E:E,'사급자재 사용내역'!C15,'센터 자재 사용내역(08월)'!F:F,"교체") -> 2 | U15: =SUMIFS('센터 자재 사용내역(09월)'!G:G,'센터 자재 사용내역(09월)'!E:E,'사급자재 사용내역'!C15,'센터 자재 사용내역(09월)'!F:F,"신규")+SUMIFS('센터 자재 사용내역(09월)'!G:G,'센터 자재 사용내역(09월)'!E:E,'사급자재 사용내역'!C15,'센터 자재 사용내역(09월)'!F:F,"교체") -> 0 | V15: =SUMIFS('센터 자재 사용내역(10월)'!G:G,'센터 자재 사용내역(10월)'!E:E,'사급자재 사용내역'!C15,'센터 자재 사용내역(10월)'!F:F,"신규")+SUMIFS('센터 자재 사용내역(10월)'!G:G,'센터 자재 사용내역(10월)'!E:E,'사급자재 사용내역'!C15,'센터 자재 사용내역(10월)'!F:F,"교체") -> 0 | W15: =SUMIFS('센터 자재 사용내역(11월)'!G:G,'센터 자재 사용내역(11월)'!E:E,'사급자재 사용내역'!C15,'센터 자재 사용내역(11월)'!F:F,"신규")+SUMIFS('센터 자재 사용내역(11월)'!G:G,'센터 자재 사용내역(11월)'!E:E,'사급자재 사용내역'!C15,'센터 자재 사용내역(11월)'!F:F,"교체") -> 0 | X15: =SUMIFS('센터 자재 사용내역(12월)'!G:G,'센터 자재 사용내역(12월)'!E:E,'사급자재 사용내역'!C15,'센터 자재 사용내역(12월)'!F:F,"신규")+SUMIFS('센터 자재 사용내역(12월)'!G:G,'센터 자재 사용내역(12월)'!E:E,'사급자재 사용내역'!C15,'센터 자재 사용내역(12월)'!F:F,"교체") -> 0 | Y15: =SUM(M15:X15) -> 12 | AB15: 1 | AD15: 2 | AE15: 2 | AF15: 1 | AG15: 1 | AH15: 2 | AN15: =SUM(AB15:AM15) -> 9 | AQ15: =SUMIFS('센터 자재 사용내역(01월)'!G:G,'센터 자재 사용내역(01월)'!E:E,'사급자재 사용내역'!C15,'센터 자재 사용내역(01월)'!F:F,"불량") -> 0 | AR15: =SUMIFS('센터 자재 사용내역(02월)'!G:G,'센터 자재 사용내역(02월)'!E:E,'사급자재 사용내역'!C15,'센터 자재 사용내역(02월)'!F:F,"불량") -> 0 | AS15: =SUMIFS('센터 자재 사용내역(03월)'!G:G,'센터 자재 사용내역(03월)'!E:E,'사급자재 사용내역'!C15,'센터 자재 사용내역(03월)'!F:F,"불량") -> 0 | AT15: =SUMIFS('센터 자재 사용내역(04월)'!G:G,'센터 자재 사용내역(04월)'!E:E,'사급자재 사용내역'!C15,'센터 자재 사용내역(04월)'!F:F,"불량") -> 0 | AU15: =SUMIFS('센터 자재 사용내역(05월)'!G:G,'센터 자재 사용내역(05월)'!E:E,'사급자재 사용내역'!C15,'센터 자재 사용내역(05월)'!F:F,"불량") -> 0 | AV15: =SUMIFS('센터 자재 사용내역(06월)'!G:G,'센터 자재 사용내역(06월)'!E:E,'사급자재 사용내역'!C15,'센터 자재 사용내역(06월)'!F:F,"불량") -> 0 | AW15: =SUMIFS('센터 자재 사용내역(07월)'!G:G,'센터 자재 사용내역(07월)'!E:E,'사급자재 사용내역'!C15,'센터 자재 사용내역(07월)'!F:F,"불량") -> 0 | AX15: =SUMIFS('센터 자재 사용내역(08월)'!G:G,'센터 자재 사용내역(08월)'!E:E,'사급자재 사용내역'!C15,'센터 자재 사용내역(08월)'!F:F,"불량") -> 1 | AY15: =SUMIFS('센터 자재 사용내역(09월)'!G:G,'센터 자재 사용내역(09월)'!E:E,'사급자재 사용내역'!C15,'센터 자재 사용내역(09월)'!F:F,"불량") -> 0 | AZ15: =SUMIFS('센터 자재 사용내역(10월)'!G:G,'센터 자재 사용내역(10월)'!E:E,'사급자재 사용내역'!C15,'센터 자재 사용내역(10월)'!F:F,"불량") -> 0 | BA15: =SUMIFS('센터 자재 사용내역(11월)'!G:G,'센터 자재 사용내역(11월)'!E:E,'사급자재 사용내역'!C15,'센터 자재 사용내역(11월)'!F:F,"불량") -> 0 | BB15: =SUMIFS('센터 자재 사용내역(12월)'!G:G,'센터 자재 사용내역(12월)'!E:E,'사급자재 사용내역'!C15,'센터 자재 사용내역(12월)'!F:F,"불량") -> 0 | BC15: =SUM(AQ15:BB15) -> 1
C16: 동양 DFORT-G104 (1*2) | D16: EA | E16: 0 | F16: 0 | I16: =(F16+BC16)-(G16+H16) -> 0 | J16: =Y16 -> 0 | K16: =AN16 -> 0 | L16: =E16-J16+K16 -> 0 | M16: =SUMIFS('센터 자재 사용내역(01월)'!G:G,'센터 자재 사용내역(01월)'!E:E,'사급자재 사용내역'!C16,'센터 자재 사용내역(01월)'!F:F,"신규")+SUMIFS('센터 자재 사용내역(01월)'!G:G,'센터 자재 사용내역(01월)'!E:E,'사급자재 사용내역'!C16,'센터 자재 사용내역(01월)'!F:F,"교체") -> 0 | N16: =SUMIFS('센터 자재 사용내역(02월)'!G:G,'센터 자재 사용내역(02월)'!E:E,'사급자재 사용내역'!C16,'센터 자재 사용내역(02월)'!F:F,"신규")+SUMIFS('센터 자재 사용내역(02월)'!G:G,'센터 자재 사용내역(02월)'!E:E,'사급자재 사용내역'!C16,'센터 자재 사용내역(02월)'!F:F,"교체") -> 0 | O16: =SUMIFS('센터 자재 사용내역(03월)'!G:G,'센터 자재 사용내역(03월)'!E:E,'사급자재 사용내역'!C16,'센터 자재 사용내역(03월)'!F:F,"신규")+SUMIFS('센터 자재 사용내역(03월)'!G:G,'센터 자재 사용내역(03월)'!E:E,'사급자재 사용내역'!C16,'센터 자재 사용내역(03월)'!F:F,"교체") -> 0 | P16: =SUMIFS('센터 자재 사용내역(04월)'!G:G,'센터 자재 사용내역(04월)'!E:E,'사급자재 사용내역'!C16,'센터 자재 사용내역(04월)'!F:F,"신규")+SUMIFS('센터 자재 사용내역(04월)'!G:G,'센터 자재 사용내역(04월)'!E:E,'사급자재 사용내역'!C16,'센터 자재 사용내역(04월)'!F:F,"교체") -> 0 | Q16: =SUMIFS('센터 자재 사용내역(05월)'!G:G,'센터 자재 사용내역(05월)'!E:E,'사급자재 사용내역'!C16,'센터 자재 사용내역(05월)'!F:F,"신규")+SUMIFS('센터 자재 사용내역(05월)'!G:G,'센터 자재 사용내역(05월)'!E:E,'사급자재 사용내역'!C16,'센터 자재 사용내역(05월)'!F:F,"교체") -> 0 | R16: =SUMIFS('센터 자재 사용내역(06월)'!G:G,'센터 자재 사용내역(06월)'!E:E,'사급자재 사용내역'!C16,'센터 자재 사용내역(06월)'!F:F,"신규")+SUMIFS('센터 자재 사용내역(06월)'!G:G,'센터 자재 사용내역(06월)'!E:E,'사급자재 사용내역'!C16,'센터 자재 사용내역(06월)'!F:F,"교체") -> 0 | S16: =SUMIFS('센터 자재 사용내역(07월)'!G:G,'센터 자재 사용내역(07월)'!E:E,'사급자재 사용내역'!C16,'센터 자재 사용내역(07월)'!F:F,"신규")+SUMIFS('센터 자재 사용내역(07월)'!G:G,'센터 자재 사용내역(07월)'!E:E,'사급자재 사용내역'!C16,'센터 자재 사용내역(07월)'!F:F,"교체") -> 0 | T16: =SUMIFS('센터 자재 사용내역(08월)'!G:G,'센터 자재 사용내역(08월)'!E:E,'사급자재 사용내역'!C16,'센터 자재 사용내역(08월)'!F:F,"신규")+SUMIFS('센터 자재 사용내역(08월)'!G:G,'센터 자재 사용내역(08월)'!E:E,'사급자재 사용내역'!C16,'센터 자재 사용내역(08월)'!F:F,"교체") -> 0 | U16: =SUMIFS('센터 자재 사용내역(09월)'!G:G,'센터 자재 사용내역(09월)'!E:E,'사급자재 사용내역'!C16,'센터 자재 사용내역(09월)'!F:F,"신규")+SUMIFS('센터 자재 사용내역(09월)'!G:G,'센터 자재 사용내역(09월)'!E:E,'사급자재 사용내역'!C16,'센터 자재 사용내역(09월)'!F:F,"교체") -> 0 | V16: =SUMIFS('센터 자재 사용내역(10월)'!G:G,'센터 자재 사용내역(10월)'!E:E,'사급자재 사용내역'!C16,'센터 자재 사용내역(10월)'!F:F,"신규")+SUMIFS('센터 자재 사용내역(10월)'!G:G,'센터 자재 사용내역(10월)'!E:E,'사급자재 사용내역'!C16,'센터 자재 사용내역(10월)'!F:F,"교체") -> 0 | W16: =SUMIFS('센터 자재 사용내역(11월)'!G:G,'센터 자재 사용내역(11월)'!E:E,'사급자재 사용내역'!C16,'센터 자재 사용내역(11월)'!F:F,"신규")+SUMIFS('센터 자재 사용내역(11월)'!G:G,'센터 자재 사용내역(11월)'!E:E,'사급자재 사용내역'!C16,'센터 자재 사용내역(11월)'!F:F,"교체") -> 0 | X16: =SUMIFS('센터 자재 사용내역(12월)'!G:G,'센터 자재 사용내역(12월)'!E:E,'사급자재 사용내역'!C16,'센터 자재 사용내역(12월)'!F:F,"신규")+SUMIFS('센터 자재 사용내역(12월)'!G:G,'센터 자재 사용내역(12월)'!E:E,'사급자재 사용내역'!C16,'센터 자재 사용내역(12월)'!F:F,"교체") -> 0 | Y16: =SUM(M16:X16) -> 0 | AN16: =SUM(AB16:AM16) -> 0 | AQ16: =SUMIFS('센터 자재 사용내역(01월)'!G:G,'센터 자재 사용내역(01월)'!E:E,'사급자재 사용내역'!C16,'센터 자재 사용내역(01월)'!F:F,"불량") -> 0 | AR16: =SUMIFS('센터 자재 사용내역(02월)'!G:G,'센터 자재 사용내역(02월)'!E:E,'사급자재 사용내역'!C16,'센터 자재 사용내역(02월)'!F:F,"불량") -> 0 | AS16: =SUMIFS('센터 자재 사용내역(03월)'!G:G,'센터 자재 사용내역(03월)'!E:E,'사급자재 사용내역'!C16,'센터 자재 사용내역(03월)'!F:F,"불량") -> 0 | AT16: =SUMIFS('센터 자재 사용내역(04월)'!G:G,'센터 자재 사용내역(04월)'!E:E,'사급자재 사용내역'!C16,'센터 자재 사용내역(04월)'!F:F,"불량") -> 0 | AU16: =SUMIFS('센터 자재 사용내역(05월)'!G:G,'센터 자재 사용내역(05월)'!E:E,'사급자재 사용내역'!C16,'센터 자재 사용내역(05월)'!F:F,"불량") -> 0 | AV16: =SUMIFS('센터 자재 사용내역(06월)'!G:G,'센터 자재 사용내역(06월)'!E:E,'사급자재 사용내역'!C16,'센터 자재 사용내역(06월)'!F:F,"불량") -> 0 | AW16: =SUMIFS('센터 자재 사용내역(07월)'!G:G,'센터 자재 사용내역(07월)'!E:E,'사급자재 사용내역'!C16,'센터 자재 사용내역(07월)'!F:F,"불량") -> 0 | AX16: =SUMIFS('센터 자재 사용내역(08월)'!G:G,'센터 자재 사용내역(08월)'!E:E,'사급자재 사용내역'!C16,'센터 자재 사용내역(08월)'!F:F,"불량") -> 0 | AY16: =SUMIFS('센터 자재 사용내역(09월)'!G:G,'센터 자재 사용내역(09월)'!E:E,'사급자재 사용내역'!C16,'센터 자재 사용내역(09월)'!F:F,"불량") -> 0 | AZ16: =SUMIFS('센터 자재 사용내역(10월)'!G:G,'센터 자재 사용내역(10월)'!E:E,'사급자재 사용내역'!C16,'센터 자재 사용내역(10월)'!F:F,"불량") -> 0 | BA16: =SUMIFS('센터 자재 사용내역(11월)'!G:G,'센터 자재 사용내역(11월)'!E:E,'사급자재 사용내역'!C16,'센터 자재 사용내역(11월)'!F:F,"불량") -> 0 | BB16: =SUMIFS('센터 자재 사용내역(12월)'!G:G,'센터 자재 사용내역(12월)'!E:E,'사급자재 사용내역'!C16,'센터 자재 사용내역(12월)'!F:F,"불량") -> 0 | BC16: =SUM(AQ16:BB16) -> 0
C17: 동양 DFORT-G204 (1*1) | D17: EA | E17: 4 | F17: 1 | I17: =(F17+BC17)-(G17+H17) -> 2 | J17: =Y17 -> 6 | K17: =AN17 -> 2 | L17: =E17-J17+K17 -> 0 | M17: =SUMIFS('센터 자재 사용내역(01월)'!G:G,'센터 자재 사용내역(01월)'!E:E,'사급자재 사용내역'!C17,'센터 자재 사용내역(01월)'!F:F,"신규")+SUMIFS('센터 자재 사용내역(01월)'!G:G,'센터 자재 사용내역(01월)'!E:E,'사급자재 사용내역'!C17,'센터 자재 사용내역(01월)'!F:F,"교체") -> 2 | N17: =SUMIFS('센터 자재 사용내역(02월)'!G:G,'센터 자재 사용내역(02월)'!E:E,'사급자재 사용내역'!C17,'센터 자재 사용내역(02월)'!F:F,"신규")+SUMIFS('센터 자재 사용내역(02월)'!G:G,'센터 자재 사용내역(02월)'!E:E,'사급자재 사용내역'!C17,'센터 자재 사용내역(02월)'!F:F,"교체") -> 0 | O17: =SUMIFS('센터 자재 사용내역(03월)'!G:G,'센터 자재 사용내역(03월)'!E:E,'사급자재 사용내역'!C17,'센터 자재 사용내역(03월)'!F:F,"신규")+SUMIFS('센터 자재 사용내역(03월)'!G:G,'센터 자재 사용내역(03월)'!E:E,'사급자재 사용내역'!C17,'센터 자재 사용내역(03월)'!F:F,"교체") -> 0 | P17: =SUMIFS('센터 자재 사용내역(04월)'!G:G,'센터 자재 사용내역(04월)'!E:E,'사급자재 사용내역'!C17,'센터 자재 사용내역(04월)'!F:F,"신규")+SUMIFS('센터 자재 사용내역(04월)'!G:G,'센터 자재 사용내역(04월)'!E:E,'사급자재 사용내역'!C17,'센터 자재 사용내역(04월)'!F:F,"교체") -> 1 | Q17: =SUMIFS('센터 자재 사용내역(05월)'!G:G,'센터 자재 사용내역(05월)'!E:E,'사급자재 사용내역'!C17,'센터 자재 사용내역(05월)'!F:F,"신규")+SUMIFS('센터 자재 사용내역(05월)'!G:G,'센터 자재 사용내역(05월)'!E:E,'사급자재 사용내역'!C17,'센터 자재 사용내역(05월)'!F:F,"교체") -> 1 | R17: =SUMIFS('센터 자재 사용내역(06월)'!G:G,'센터 자재 사용내역(06월)'!E:E,'사급자재 사용내역'!C17,'센터 자재 사용내역(06월)'!F:F,"신규")+SUMIFS('센터 자재 사용내역(06월)'!G:G,'센터 자재 사용내역(06월)'!E:E,'사급자재 사용내역'!C17,'센터 자재 사용내역(06월)'!F:F,"교체") -> 0 | S17: =SUMIFS('센터 자재 사용내역(07월)'!G:G,'센터 자재 사용내역(07월)'!E:E,'사급자재 사용내역'!C17,'센터 자재 사용내역(07월)'!F:F,"신규")+SUMIFS('센터 자재 사용내역(07월)'!G:G,'센터 자재 사용내역(07월)'!E:E,'사급자재 사용내역'!C17,'센터 자재 사용내역(07월)'!F:F,"교체") -> 1 | T17: =SUMIFS('센터 자재 사용내역(08월)'!G:G,'센터 자재 사용내역(08월)'!E:E,'사급자재 사용내역'!C17,'센터 자재 사용내역(08월)'!F:F,"신규")+SUMIFS('센터 자재 사용내역(08월)'!G:G,'센터 자재 사용내역(08월)'!E:E,'사급자재 사용내역'!C17,'센터 자재 사용내역(08월)'!F:F,"교체") -> 1 | U17: =SUMIFS('센터 자재 사용내역(09월)'!G:G,'센터 자재 사용내역(09월)'!E:E,'사급자재 사용내역'!C17,'센터 자재 사용내역(09월)'!F:F,"신규")+SUMIFS('센터 자재 사용내역(09월)'!G:G,'센터 자재 사용내역(09월)'!E:E,'사급자재 사용내역'!C17,'센터 자재 사용내역(09월)'!F:F,"교체") -> 0 | V17: =SUMIFS('센터 자재 사용내역(10월)'!G:G,'센터 자재 사용내역(10월)'!E:E,'사급자재 사용내역'!C17,'센터 자재 사용내역(10월)'!F:F,"신규")+SUMIFS('센터 자재 사용내역(10월)'!G:G,'센터 자재 사용내역(10월)'!E:E,'사급자재 사용내역'!C17,'센터 자재 사용내역(10월)'!F:F,"교체") -> 0 | W17: =SUMIFS('센터 자재 사용내역(11월)'!G:G,'센터 자재 사용내역(11월)'!E:E,'사급자재 사용내역'!C17,'센터 자재 사용내역(11월)'!F:F,"신규")+SUMIFS('센터 자재 사용내역(11월)'!G:G,'센터 자재 사용내역(11월)'!E:E,'사급자재 사용내역'!C17,'센터 자재 사용내역(11월)'!F:F,"교체") -> 0 | X17: =SUMIFS('센터 자재 사용내역(12월)'!G:G,'센터 자재 사용내역(12월)'!E:E,'사급자재 사용내역'!C17,'센터 자재 사용내역(12월)'!F:F,"신규")+SUMIFS('센터 자재 사용내역(12월)'!G:G,'센터 자재 사용내역(12월)'!E:E,'사급자재 사용내역'!C17,'센터 자재 사용내역(12월)'!F:F,"교체") -> 0 | Y17: =SUM(M17:X17) -> 6 | AB17: 2 | AN17: =SUM(AB17:AM17) -> 2 | AQ17: =SUMIFS('센터 자재 사용내역(01월)'!G:G,'센터 자재 사용내역(01월)'!E:E,'사급자재 사용내역'!C17,'센터 자재 사용내역(01월)'!F:F,"불량") -> 0 | AR17: =SUMIFS('센터 자재 사용내역(02월)'!G:G,'센터 자재 사용내역(02월)'!E:E,'사급자재 사용내역'!C17,'센터 자재 사용내역(02월)'!F:F,"불량") -> 0 | AS17: =SUMIFS('센터 자재 사용내역(03월)'!G:G,'센터 자재 사용내역(03월)'!E:E,'사급자재 사용내역'!C17,'센터 자재 사용내역(03월)'!F:F,"불량") -> 0 | AT17: =SUMIFS('센터 자재 사용내역(04월)'!G:G,'센터 자재 사용내역(04월)'!E:E,'사급자재 사용내역'!C17,'센터 자재 사용내역(04월)'!F:F,"불량") -> 0 | AU17: =SUMIFS('센터 자재 사용내역(05월)'!G:G,'센터 자재 사용내역(05월)'!E:E,'사급자재 사용내역'!C17,'센터 자재 사용내역(05월)'!F:F,"불량") -> 0 | AV17: =SUMIFS('센터 자재 사용내역(06월)'!G:G,'센터 자재 사용내역(06월)'!E:E,'사급자재 사용내역'!C17,'센터 자재 사용내역(06월)'!F:F,"불량") -> 0 | AW17: =SUMIFS('센터 자재 사용내역(07월)'!G:G,'센터 자재 사용내역(07월)'!E:E,'사급자재 사용내역'!C17,'센터 자재 사용내역(07월)'!F:F,"불량") -> 0 | AX17: =SUMIFS('센터 자재 사용내역(08월)'!G:G,'센터 자재 사용내역(08월)'!E:E,'사급자재 사용내역'!C17,'센터 자재 사용내역(08월)'!F:F,"불량") -> 1 | AY17: =SUMIFS('센터 자재 사용내역(09월)'!G:G,'센터 자재 사용내역(09월)'!E:E,'사급자재 사용내역'!C17,'센터 자재 사용내역(09월)'!F:F,"불량") -> 0 | AZ17: =SUMIFS('센터 자재 사용내역(10월)'!G:G,'센터 자재 사용내역(10월)'!E:E,'사급자재 사용내역'!C17,'센터 자재 사용내역(10월)'!F:F,"불량") -> 0 | BA17: =SUMIFS('센터 자재 사용내역(11월)'!G:G,'센터 자재 사용내역(11월)'!E:E,'사급자재 사용내역'!C17,'센터 자재 사용내역(11월)'!F:F,"불량") -> 0 | BB17: =SUMIFS('센터 자재 사용내역(12월)'!G:G,'센터 자재 사용내역(12월)'!E:E,'사급자재 사용내역'!C17,'센터 자재 사용내역(12월)'!F:F,"불량") -> 0 | BC17: =SUM(AQ17:BB17) -> 1
C18: 동양 DFORT-G204 (2*2) | D18: EA | E18: 2 | F18: 2 | I18: =(F18+BC18)-(G18+H18) -> 3 | J18: =Y18 -> 5 | K18: =AN18 -> 9 | L18: =E18-J18+K18 -> 6 | M18: =SUMIFS('센터 자재 사용내역(01월)'!G:G,'센터 자재 사용내역(01월)'!E:E,'사급자재 사용내역'!C18,'센터 자재 사용내역(01월)'!F:F,"신규")+SUMIFS('센터 자재 사용내역(01월)'!G:G,'센터 자재 사용내역(01월)'!E:E,'사급자재 사용내역'!C18,'센터 자재 사용내역(01월)'!F:F,"교체") -> 1 | N18: =SUMIFS('센터 자재 사용내역(02월)'!G:G,'센터 자재 사용내역(02월)'!E:E,'사급자재 사용내역'!C18,'센터 자재 사용내역(02월)'!F:F,"신규")+SUMIFS('센터 자재 사용내역(02월)'!G:G,'센터 자재 사용내역(02월)'!E:E,'사급자재 사용내역'!C18,'센터 자재 사용내역(02월)'!F:F,"교체") -> 0 | O18: =SUMIFS('센터 자재 사용내역(03월)'!G:G,'센터 자재 사용내역(03월)'!E:E,'사급자재 사용내역'!C18,'센터 자재 사용내역(03월)'!F:F,"신규")+SUMIFS('센터 자재 사용내역(03월)'!G:G,'센터 자재 사용내역(03월)'!E:E,'사급자재 사용내역'!C18,'센터 자재 사용내역(03월)'!F:F,"교체") -> 0 | P18: =SUMIFS('센터 자재 사용내역(04월)'!G:G,'센터 자재 사용내역(04월)'!E:E,'사급자재 사용내역'!C18,'센터 자재 사용내역(04월)'!F:F,"신규")+SUMIFS('센터 자재 사용내역(04월)'!G:G,'센터 자재 사용내역(04월)'!E:E,'사급자재 사용내역'!C18,'센터 자재 사용내역(04월)'!F:F,"교체") -> 0 | Q18: =SUMIFS('센터 자재 사용내역(05월)'!G:G,'센터 자재 사용내역(05월)'!E:E,'사급자재 사용내역'!C18,'센터 자재 사용내역(05월)'!F:F,"신규")+SUMIFS('센터 자재 사용내역(05월)'!G:G,'센터 자재 사용내역(05월)'!E:E,'사급자재 사용내역'!C18,'센터 자재 사용내역(05월)'!F:F,"교체") -> 0 | R18: =SUMIFS('센터 자재 사용내역(06월)'!G:G,'센터 자재 사용내역(06월)'!E:E,'사급자재 사용내역'!C18,'센터 자재 사용내역(06월)'!F:F,"신규")+SUMIFS('센터 자재 사용내역(06월)'!G:G,'센터 자재 사용내역(06월)'!E:E,'사급자재 사용내역'!C18,'센터 자재 사용내역(06월)'!F:F,"교체") -> 0 | S18: =SUMIFS('센터 자재 사용내역(07월)'!G:G,'센터 자재 사용내역(07월)'!E:E,'사급자재 사용내역'!C18,'센터 자재 사용내역(07월)'!F:F,"신규")+SUMIFS('센터 자재 사용내역(07월)'!G:G,'센터 자재 사용내역(07월)'!E:E,'사급자재 사용내역'!C18,'센터 자재 사용내역(07월)'!F:F,"교체") -> 1 | T18: =SUMIFS('센터 자재 사용내역(08월)'!G:G,'센터 자재 사용내역(08월)'!E:E,'사급자재 사용내역'!C18,'센터 자재 사용내역(08월)'!F:F,"신규")+SUMIFS('센터 자재 사용내역(08월)'!G:G,'센터 자재 사용내역(08월)'!E:E,'사급자재 사용내역'!C18,'센터 자재 사용내역(08월)'!F:F,"교체") -> 3 | U18: =SUMIFS('센터 자재 사용내역(09월)'!G:G,'센터 자재 사용내역(09월)'!E:E,'사급자재 사용내역'!C18,'센터 자재 사용내역(09월)'!F:F,"신규")+SUMIFS('센터 자재 사용내역(09월)'!G:G,'센터 자재 사용내역(09월)'!E:E,'사급자재 사용내역'!C18,'센터 자재 사용내역(09월)'!F:F,"교체") -> 0 | V18: =SUMIFS('센터 자재 사용내역(10월)'!G:G,'센터 자재 사용내역(10월)'!E:E,'사급자재 사용내역'!C18,'센터 자재 사용내역(10월)'!F:F,"신규")+SUMIFS('센터 자재 사용내역(10월)'!G:G,'센터 자재 사용내역(10월)'!E:E,'사급자재 사용내역'!C18,'센터 자재 사용내역(10월)'!F:F,"교체") -> 0 | W18: =SUMIFS('센터 자재 사용내역(11월)'!G:G,'센터 자재 사용내역(11월)'!E:E,'사급자재 사용내역'!C18,'센터 자재 사용내역(11월)'!F:F,"신규")+SUMIFS('센터 자재 사용내역(11월)'!G:G,'센터 자재 사용내역(11월)'!E:E,'사급자재 사용내역'!C18,'센터 자재 사용내역(11월)'!F:F,"교체") -> 0 | X18: =SUMIFS('센터 자재 사용내역(12월)'!G:G,'센터 자재 사용내역(12월)'!E:E,'사급자재 사용내역'!C18,'센터 자재 사용내역(12월)'!F:F,"신규")+SUMIFS('센터 자재 사용내역(12월)'!G:G,'센터 자재 사용내역(12월)'!E:E,'사급자재 사용내역'!C18,'센터 자재 사용내역(12월)'!F:F,"교체") -> 0 | Y18: =SUM(M18:X18) -> 5 | AC18: 2 | AD18: 1 | AE18: 1 | AF18: 1 | AG18: 1 | AH18: 1 | AI18: 2 | AN18: =SUM(AB18:AM18) -> 9 | AQ18: =SUMIFS('센터 자재 사용내역(01월)'!G:G,'센터 자재 사용내역(01월)'!E:E,'사급자재 사용내역'!C18,'센터 자재 사용내역(01월)'!F:F,"불량") -> 0 | AR18: =SUMIFS('센터 자재 사용내역(02월)'!G:G,'센터 자재 사용내역(02월)'!E:E,'사급자재 사용내역'!C18,'센터 자재 사용내역(02월)'!F:F,"불량") -> 0 | AS18: =SUMIFS('센터 자재 사용내역(03월)'!G:G,'센터 자재 사용내역(03월)'!E:E,'사급자재 사용내역'!C18,'센터 자재 사용내역(03월)'!F:F,"불량") -> 0 | AT18: =SUMIFS('센터 자재 사용내역(04월)'!G:G,'센터 자재 사용내역(04월)'!E:E,'사급자재 사용내역'!C18,'센터 자재 사용내역(04월)'!F:F,"불량") -> 0 | AU18: =SUMIFS('센터 자재 사용내역(05월)'!G:G,'센터 자재 사용내역(05월)'!E:E,'사급자재 사용내역'!C18,'센터 자재 사용내역(05월)'!F:F,"불량") -> 0 | AV18: =SUMIFS('센터 자재 사용내역(06월)'!G:G,'센터 자재 사용내역(06월)'!E:E,'사급자재 사용내역'!C18,'센터 자재 사용내역(06월)'!F:F,"불량") -> 0 | AW18: =SUMIFS('센터 자재 사용내역(07월)'!G:G,'센터 자재 사용내역(07월)'!E:E,'사급자재 사용내역'!C18,'센터 자재 사용내역(07월)'!F:F,"불량") -> 0 | AX18: =SUMIFS('센터 자재 사용내역(08월)'!G:G,'센터 자재 사용내역(08월)'!E:E,'사급자재 사용내역'!C18,'센터 자재 사용내역(08월)'!F:F,"불량") -> 1 | AY18: =SUMIFS('센터 자재 사용내역(09월)'!G:G,'센터 자재 사용내역(09월)'!E:E,'사급자재 사용내역'!C18,'센터 자재 사용내역(09월)'!F:F,"불량") -> 0 | AZ18: =SUMIFS('센터 자재 사용내역(10월)'!G:G,'센터 자재 사용내역(10월)'!E:E,'사급자재 사용내역'!C18,'센터 자재 사용내역(10월)'!F:F,"불량") -> 0 | BA18: =SUMIFS('센터 자재 사용내역(11월)'!G:G,'센터 자재 사용내역(11월)'!E:E,'사급자재 사용내역'!C18,'센터 자재 사용내역(11월)'!F:F,"불량") -> 0 | BB18: =SUMIFS('센터 자재 사용내역(12월)'!G:G,'센터 자재 사용내역(12월)'!E:E,'사급자재 사용내역'!C18,'센터 자재 사용내역(12월)'!F:F,"불량") -> 0 | BC18: =SUM(AQ18:BB18) -> 1
C19: 동양 V-ONU(RF_Overlay) FOR-G50R(49dBmv) | D19: EA | E19: 28 | F19: 1 | G19: 1 | I19: =(F19+BC19)-(G19+H19) -> 0 | J19: =Y19 -> 0 | K19: =AN19 -> 0 | L19: =E19-J19+K19 -> 28 | M19: =SUMIFS('센터 자재 사용내역(01월)'!G:G,'센터 자재 사용내역(01월)'!E:E,'사급자재 사용내역'!C19,'센터 자재 사용내역(01월)'!F:F,"신규")+SUMIFS('센터 자재 사용내역(01월)'!G:G,'센터 자재 사용내역(01월)'!E:E,'사급자재 사용내역'!C19,'센터 자재 사용내역(01월)'!F:F,"교체") -> 0 | N19: =SUMIFS('센터 자재 사용내역(02월)'!G:G,'센터 자재 사용내역(02월)'!E:E,'사급자재 사용내역'!C19,'센터 자재 사용내역(02월)'!F:F,"신규")+SUMIFS('센터 자재 사용내역(02월)'!G:G,'센터 자재 사용내역(02월)'!E:E,'사급자재 사용내역'!C19,'센터 자재 사용내역(02월)'!F:F,"교체") -> 0 | O19: =SUMIFS('센터 자재 사용내역(03월)'!G:G,'센터 자재 사용내역(03월)'!E:E,'사급자재 사용내역'!C19,'센터 자재 사용내역(03월)'!F:F,"신규")+SUMIFS('센터 자재 사용내역(03월)'!G:G,'센터 자재 사용내역(03월)'!E:E,'사급자재 사용내역'!C19,'센터 자재 사용내역(03월)'!F:F,"교체") -> 0 | P19: =SUMIFS('센터 자재 사용내역(04월)'!G:G,'센터 자재 사용내역(04월)'!E:E,'사급자재 사용내역'!C19,'센터 자재 사용내역(04월)'!F:F,"신규")+SUMIFS('센터 자재 사용내역(04월)'!G:G,'센터 자재 사용내역(04월)'!E:E,'사급자재 사용내역'!C19,'센터 자재 사용내역(04월)'!F:F,"교체") -> 0 | Q19: =SUMIFS('센터 자재 사용내역(05월)'!G:G,'센터 자재 사용내역(05월)'!E:E,'사급자재 사용내역'!C19,'센터 자재 사용내역(05월)'!F:F,"신규")+SUMIFS('센터 자재 사용내역(05월)'!G:G,'센터 자재 사용내역(05월)'!E:E,'사급자재 사용내역'!C19,'센터 자재 사용내역(05월)'!F:F,"교체") -> 0 | R19: =SUMIFS('센터 자재 사용내역(06월)'!G:G,'센터 자재 사용내역(06월)'!E:E,'사급자재 사용내역'!C19,'센터 자재 사용내역(06월)'!F:F,"신규")+SUMIFS('센터 자재 사용내역(06월)'!G:G,'센터 자재 사용내역(06월)'!E:E,'사급자재 사용내역'!C19,'센터 자재 사용내역(06월)'!F:F,"교체") -> 0 | S19: =SUMIFS('센터 자재 사용내역(07월)'!G:G,'센터 자재 사용내역(07월)'!E:E,'사급자재 사용내역'!C19,'센터 자재 사용내역(07월)'!F:F,"신규")+SUMIFS('센터 자재 사용내역(07월)'!G:G,'센터 자재 사용내역(07월)'!E:E,'사급자재 사용내역'!C19,'센터 자재 사용내역(07월)'!F:F,"교체") -> 0 | T19: =SUMIFS('센터 자재 사용내역(08월)'!G:G,'센터 자재 사용내역(08월)'!E:E,'사급자재 사용내역'!C19,'센터 자재 사용내역(08월)'!F:F,"신규")+SUMIFS('센터 자재 사용내역(08월)'!G:G,'센터 자재 사용내역(08월)'!E:E,'사급자재 사용내역'!C19,'센터 자재 사용내역(08월)'!F:F,"교체") -> 0 | U19: =SUMIFS('센터 자재 사용내역(09월)'!G:G,'센터 자재 사용내역(09월)'!E:E,'사급자재 사용내역'!C19,'센터 자재 사용내역(09월)'!F:F,"신규")+SUMIFS('센터 자재 사용내역(09월)'!G:G,'센터 자재 사용내역(09월)'!E:E,'사급자재 사용내역'!C19,'센터 자재 사용내역(09월)'!F:F,"교체") -> 0 | V19: =SUMIFS('센터 자재 사용내역(10월)'!G:G,'센터 자재 사용내역(10월)'!E:E,'사급자재 사용내역'!C19,'센터 자재 사용내역(10월)'!F:F,"신규")+SUMIFS('센터 자재 사용내역(10월)'!G:G,'센터 자재 사용내역(10월)'!E:E,'사급자재 사용내역'!C19,'센터 자재 사용내역(10월)'!F:F,"교체") -> 0 | W19: =SUMIFS('센터 자재 사용내역(11월)'!G:G,'센터 자재 사용내역(11월)'!E:E,'사급자재 사용내역'!C19,'센터 자재 사용내역(11월)'!F:F,"신규")+SUMIFS('센터 자재 사용내역(11월)'!G:G,'센터 자재 사용내역(11월)'!E:E,'사급자재 사용내역'!C19,'센터 자재 사용내역(11월)'!F:F,"교체") -> 0 | X19: =SUMIFS('센터 자재 사용내역(12월)'!G:G,'센터 자재 사용내역(12월)'!E:E,'사급자재 사용내역'!C19,'센터 자재 사용내역(12월)'!F:F,"신규")+SUMIFS('센터 자재 사용내역(12월)'!G:G,'센터 자재 사용내역(12월)'!E:E,'사급자재 사용내역'!C19,'센터 자재 사용내역(12월)'!F:F,"교체") -> 0 | Y19: =SUM(M19:X19) -> 0 | AN19: =SUM(AB19:AM19) -> 0 | AQ19: =SUMIFS('센터 자재 사용내역(01월)'!G:G,'센터 자재 사용내역(01월)'!E:E,'사급자재 사용내역'!C19,'센터 자재 사용내역(01월)'!F:F,"불량") -> 0 | AR19: =SUMIFS('센터 자재 사용내역(02월)'!G:G,'센터 자재 사용내역(02월)'!E:E,'사급자재 사용내역'!C19,'센터 자재 사용내역(02월)'!F:F,"불량") -> 0 | AS19: =SUMIFS('센터 자재 사용내역(03월)'!G:G,'센터 자재 사용내역(03월)'!E:E,'사급자재 사용내역'!C19,'센터 자재 사용내역(03월)'!F:F,"불량") -> 0 | AT19: =SUMIFS('센터 자재 사용내역(04월)'!G:G,'센터 자재 사용내역(04월)'!E:E,'사급자재 사용내역'!C19,'센터 자재 사용내역(04월)'!F:F,"불량") -> 0 | AU19: =SUMIFS('센터 자재 사용내역(05월)'!G:G,'센터 자재 사용내역(05월)'!E:E,'사급자재 사용내역'!C19,'센터 자재 사용내역(05월)'!F:F,"불량") -> 0 | AV19: =SUMIFS('센터 자재 사용내역(06월)'!G:G,'센터 자재 사용내역(06월)'!E:E,'사급자재 사용내역'!C19,'센터 자재 사용내역(06월)'!F:F,"불량") -> 0 | AW19: =SUMIFS('센터 자재 사용내역(07월)'!G:G,'센터 자재 사용내역(07월)'!E:E,'사급자재 사용내역'!C19,'센터 자재 사용내역(07월)'!F:F,"불량") -> 0 | AX19: =SUMIFS('센터 자재 사용내역(08월)'!G:G,'센터 자재 사용내역(08월)'!E:E,'사급자재 사용내역'!C19,'센터 자재 사용내역(08월)'!F:F,"불량") -> 0 | AY19: =SUMIFS('센터 자재 사용내역(09월)'!G:G,'센터 자재 사용내역(09월)'!E:E,'사급자재 사용내역'!C19,'센터 자재 사용내역(09월)'!F:F,"불량") -> 0 | AZ19: =SUMIFS('센터 자재 사용내역(10월)'!G:G,'센터 자재 사용내역(10월)'!E:E,'사급자재 사용내역'!C19,'센터 자재 사용내역(10월)'!F:F,"불량") -> 0 | BA19: =SUMIFS('센터 자재 사용내역(11월)'!G:G,'센터 자재 사용내역(11월)'!E:E,'사급자재 사용내역'!C19,'센터 자재 사용내역(11월)'!F:F,"불량") -> 0 | BB19: =SUMIFS('센터 자재 사용내역(12월)'!G:G,'센터 자재 사용내역(12월)'!E:E,'사급자재 사용내역'!C19,'센터 자재 사용내역(12월)'!F:F,"불량") -> 0 | BC19: =SUM(AQ19:BB19) -> 0
C20: 아리스 VTN (1*1 , DFBT) | D20: EA | E20: 1 | F20: 0 | I20: =(F20+BC20)-(G20+H20) -> 1 | J20: =Y20 -> 0 | K20: =AN20 -> 0 | L20: =E20-J20+K20 -> 1 | M20: =SUMIFS('센터 자재 사용내역(01월)'!G:G,'센터 자재 사용내역(01월)'!E:E,'사급자재 사용내역'!C20,'센터 자재 사용내역(01월)'!F:F,"신규")+SUMIFS('센터 자재 사용내역(01월)'!G:G,'센터 자재 사용내역(01월)'!E:E,'사급자재 사용내역'!C20,'센터 자재 사용내역(01월)'!F:F,"교체") -> 0 | N20: =SUMIFS('센터 자재 사용내역(02월)'!G:G,'센터 자재 사용내역(02월)'!E:E,'사급자재 사용내역'!C20,'센터 자재 사용내역(02월)'!F:F,"신규")+SUMIFS('센터 자재 사용내역(02월)'!G:G,'센터 자재 사용내역(02월)'!E:E,'사급자재 사용내역'!C20,'센터 자재 사용내역(02월)'!F:F,"교체") -> 0 | O20: =SUMIFS('센터 자재 사용내역(03월)'!G:G,'센터 자재 사용내역(03월)'!E:E,'사급자재 사용내역'!C20,'센터 자재 사용내역(03월)'!F:F,"신규")+SUMIFS('센터 자재 사용내역(03월)'!G:G,'센터 자재 사용내역(03월)'!E:E,'사급자재 사용내역'!C20,'센터 자재 사용내역(03월)'!F:F,"교체") -> 0 | P20: =SUMIFS('센터 자재 사용내역(04월)'!G:G,'센터 자재 사용내역(04월)'!E:E,'사급자재 사용내역'!C20,'센터 자재 사용내역(04월)'!F:F,"신규")+SUMIFS('센터 자재 사용내역(04월)'!G:G,'센터 자재 사용내역(04월)'!E:E,'사급자재 사용내역'!C20,'센터 자재 사용내역(04월)'!F:F,"교체") -> 0 | Q20: =SUMIFS('센터 자재 사용내역(05월)'!G:G,'센터 자재 사용내역(05월)'!E:E,'사급자재 사용내역'!C20,'센터 자재 사용내역(05월)'!F:F,"신규")+SUMIFS('센터 자재 사용내역(05월)'!G:G,'센터 자재 사용내역(05월)'!E:E,'사급자재 사용내역'!C20,'센터 자재 사용내역(05월)'!F:F,"교체") -> 0 | R20: =SUMIFS('센터 자재 사용내역(06월)'!G:G,'센터 자재 사용내역(06월)'!E:E,'사급자재 사용내역'!C20,'센터 자재 사용내역(06월)'!F:F,"신규")+SUMIFS('센터 자재 사용내역(06월)'!G:G,'센터 자재 사용내역(06월)'!E:E,'사급자재 사용내역'!C20,'센터 자재 사용내역(06월)'!F:F,"교체") -> 0 | S20: =SUMIFS('센터 자재 사용내역(07월)'!G:G,'센터 자재 사용내역(07월)'!E:E,'사급자재 사용내역'!C20,'센터 자재 사용내역(07월)'!F:F,"신규")+SUMIFS('센터 자재 사용내역(07월)'!G:G,'센터 자재 사용내역(07월)'!E:E,'사급자재 사용내역'!C20,'센터 자재 사용내역(07월)'!F:F,"교체") -> 0 | T20: =SUMIFS('센터 자재 사용내역(08월)'!G:G,'센터 자재 사용내역(08월)'!E:E,'사급자재 사용내역'!C20,'센터 자재 사용내역(08월)'!F:F,"신규")+SUMIFS('센터 자재 사용내역(08월)'!G:G,'센터 자재 사용내역(08월)'!E:E,'사급자재 사용내역'!C20,'센터 자재 사용내역(08월)'!F:F,"교체") -> 0 | U20: =SUMIFS('센터 자재 사용내역(09월)'!G:G,'센터 자재 사용내역(09월)'!E:E,'사급자재 사용내역'!C20,'센터 자재 사용내역(09월)'!F:F,"신규")+SUMIFS('센터 자재 사용내역(09월)'!G:G,'센터 자재 사용내역(09월)'!E:E,'사급자재 사용내역'!C20,'센터 자재 사용내역(09월)'!F:F,"교체") -> 0 | V20: =SUMIFS('센터 자재 사용내역(10월)'!G:G,'센터 자재 사용내역(10월)'!E:E,'사급자재 사용내역'!C20,'센터 자재 사용내역(10월)'!F:F,"신규")+SUMIFS('센터 자재 사용내역(10월)'!G:G,'센터 자재 사용내역(10월)'!E:E,'사급자재 사용내역'!C20,'센터 자재 사용내역(10월)'!F:F,"교체") -> 0 | W20: =SUMIFS('센터 자재 사용내역(11월)'!G:G,'센터 자재 사용내역(11월)'!E:E,'사급자재 사용내역'!C20,'센터 자재 사용내역(11월)'!F:F,"신규")+SUMIFS('센터 자재 사용내역(11월)'!G:G,'센터 자재 사용내역(11월)'!E:E,'사급자재 사용내역'!C20,'센터 자재 사용내역(11월)'!F:F,"교체") -> 0 | X20: =SUMIFS('센터 자재 사용내역(12월)'!G:G,'센터 자재 사용내역(12월)'!E:E,'사급자재 사용내역'!C20,'센터 자재 사용내역(12월)'!F:F,"신규")+SUMIFS('센터 자재 사용내역(12월)'!G:G,'센터 자재 사용내역(12월)'!E:E,'사급자재 사용내역'!C20,'센터 자재 사용내역(12월)'!F:F,"교체") -> 0 | Y20: =SUM(M20:X20) -> 0 | AN20: =SUM(AB20:AM20) -> 0 | AQ20: =SUMIFS('센터 자재 사용내역(01월)'!G:G,'센터 자재 사용내역(01월)'!E:E,'사급자재 사용내역'!C20,'센터 자재 사용내역(01월)'!F:F,"불량") -> 0 | AR20: =SUMIFS('센터 자재 사용내역(02월)'!G:G,'센터 자재 사용내역(02월)'!E:E,'사급자재 사용내역'!C20,'센터 자재 사용내역(02월)'!F:F,"불량") -> 0 | AS20: =SUMIFS('센터 자재 사용내역(03월)'!G:G,'센터 자재 사용내역(03월)'!E:E,'사급자재 사용내역'!C20,'센터 자재 사용내역(03월)'!F:F,"불량") -> 0 | AT20: =SUMIFS('센터 자재 사용내역(04월)'!G:G,'센터 자재 사용내역(04월)'!E:E,'사급자재 사용내역'!C20,'센터 자재 사용내역(04월)'!F:F,"불량") -> 0 | AU20: =SUMIFS('센터 자재 사용내역(05월)'!G:G,'센터 자재 사용내역(05월)'!E:E,'사급자재 사용내역'!C20,'센터 자재 사용내역(05월)'!F:F,"불량") -> 0 | AV20: =SUMIFS('센터 자재 사용내역(06월)'!G:G,'센터 자재 사용내역(06월)'!E:E,'사급자재 사용내역'!C20,'센터 자재 사용내역(06월)'!F:F,"불량") -> 0 | AW20: =SUMIFS('센터 자재 사용내역(07월)'!G:G,'센터 자재 사용내역(07월)'!E:E,'사급자재 사용내역'!C20,'센터 자재 사용내역(07월)'!F:F,"불량") -> 1 | AX20: =SUMIFS('센터 자재 사용내역(08월)'!G:G,'센터 자재 사용내역(08월)'!E:E,'사급자재 사용내역'!C20,'센터 자재 사용내역(08월)'!F:F,"불량") -> 0 | AY20: =SUMIFS('센터 자재 사용내역(09월)'!G:G,'센터 자재 사용내역(09월)'!E:E,'사급자재 사용내역'!C20,'센터 자재 사용내역(09월)'!F:F,"불량") -> 0 | AZ20: =SUMIFS('센터 자재 사용내역(10월)'!G:G,'센터 자재 사용내역(10월)'!E:E,'사급자재 사용내역'!C20,'센터 자재 사용내역(10월)'!F:F,"불량") -> 0 | BA20: =SUMIFS('센터 자재 사용내역(11월)'!G:G,'센터 자재 사용내역(11월)'!E:E,'사급자재 사용내역'!C20,'센터 자재 사용내역(11월)'!F:F,"불량") -> 0 | BB20: =SUMIFS('센터 자재 사용내역(12월)'!G:G,'센터 자재 사용내역(12월)'!E:E,'사급자재 사용내역'!C20,'센터 자재 사용내역(12월)'!F:F,"불량") -> 0 | BC20: =SUM(AQ20:BB20) -> 1
C21: 아리스 RFOG R-ONU (CP861TU)_(48dBmv)_PON 포트 미 제공 | D21: EA | E21: 19 | F21: 1 | G21: 1 | I21: =(F21+BC21)-(G21+H21) -> 0 | J21: =Y21 -> 0 | K21: =AN21 -> 0 | L21: =E21-J21+K21 -> 19 | M21: =SUMIFS('센터 자재 사용내역(01월)'!G:G,'센터 자재 사용내역(01월)'!E:E,'사급자재 사용내역'!C21,'센터 자재 사용내역(01월)'!F:F,"신규")+SUMIFS('센터 자재 사용내역(01월)'!G:G,'센터 자재 사용내역(01월)'!E:E,'사급자재 사용내역'!C21,'센터 자재 사용내역(01월)'!F:F,"교체") -> 0 | N21: =SUMIFS('센터 자재 사용내역(02월)'!G:G,'센터 자재 사용내역(02월)'!E:E,'사급자재 사용내역'!C21,'센터 자재 사용내역(02월)'!F:F,"신규")+SUMIFS('센터 자재 사용내역(02월)'!G:G,'센터 자재 사용내역(02월)'!E:E,'사급자재 사용내역'!C21,'센터 자재 사용내역(02월)'!F:F,"교체") -> 0 | O21: =SUMIFS('센터 자재 사용내역(03월)'!G:G,'센터 자재 사용내역(03월)'!E:E,'사급자재 사용내역'!C21,'센터 자재 사용내역(03월)'!F:F,"신규")+SUMIFS('센터 자재 사용내역(03월)'!G:G,'센터 자재 사용내역(03월)'!E:E,'사급자재 사용내역'!C21,'센터 자재 사용내역(03월)'!F:F,"교체") -> 0 | P21: =SUMIFS('센터 자재 사용내역(04월)'!G:G,'센터 자재 사용내역(04월)'!E:E,'사급자재 사용내역'!C21,'센터 자재 사용내역(04월)'!F:F,"신규")+SUMIFS('센터 자재 사용내역(04월)'!G:G,'센터 자재 사용내역(04월)'!E:E,'사급자재 사용내역'!C21,'센터 자재 사용내역(04월)'!F:F,"교체") -> 0 | Q21: =SUMIFS('센터 자재 사용내역(05월)'!G:G,'센터 자재 사용내역(05월)'!E:E,'사급자재 사용내역'!C21,'센터 자재 사용내역(05월)'!F:F,"신규")+SUMIFS('센터 자재 사용내역(05월)'!G:G,'센터 자재 사용내역(05월)'!E:E,'사급자재 사용내역'!C21,'센터 자재 사용내역(05월)'!F:F,"교체") -> 0 | R21: =SUMIFS('센터 자재 사용내역(06월)'!G:G,'센터 자재 사용내역(06월)'!E:E,'사급자재 사용내역'!C21,'센터 자재 사용내역(06월)'!F:F,"신규")+SUMIFS('센터 자재 사용내역(06월)'!G:G,'센터 자재 사용내역(06월)'!E:E,'사급자재 사용내역'!C21,'센터 자재 사용내역(06월)'!F:F,"교체") -> 0 | S21: =SUMIFS('센터 자재 사용내역(07월)'!G:G,'센터 자재 사용내역(07월)'!E:E,'사급자재 사용내역'!C21,'센터 자재 사용내역(07월)'!F:F,"신규")+SUMIFS('센터 자재 사용내역(07월)'!G:G,'센터 자재 사용내역(07월)'!E:E,'사급자재 사용내역'!C21,'센터 자재 사용내역(07월)'!F:F,"교체") -> 0 | T21: =SUMIFS('센터 자재 사용내역(08월)'!G:G,'센터 자재 사용내역(08월)'!E:E,'사급자재 사용내역'!C21,'센터 자재 사용내역(08월)'!F:F,"신규")+SUMIFS('센터 자재 사용내역(08월)'!G:G,'센터 자재 사용내역(08월)'!E:E,'사급자재 사용내역'!C21,'센터 자재 사용내역(08월)'!F:F,"교체") -> 0 | U21: =SUMIFS('센터 자재 사용내역(09월)'!G:G,'센터 자재 사용내역(09월)'!E:E,'사급자재 사용내역'!C21,'센터 자재 사용내역(09월)'!F:F,"신규")+SUMIFS('센터 자재 사용내역(09월)'!G:G,'센터 자재 사용내역(09월)'!E:E,'사급자재 사용내역'!C21,'센터 자재 사용내역(09월)'!F:F,"교체") -> 0 | V21: =SUMIFS('센터 자재 사용내역(10월)'!G:G,'센터 자재 사용내역(10월)'!E:E,'사급자재 사용내역'!C21,'센터 자재 사용내역(10월)'!F:F,"신규")+SUMIFS('센터 자재 사용내역(10월)'!G:G,'센터 자재 사용내역(10월)'!E:E,'사급자재 사용내역'!C21,'센터 자재 사용내역(10월)'!F:F,"교체") -> 0 | W21: =SUMIFS('센터 자재 사용내역(11월)'!G:G,'센터 자재 사용내역(11월)'!E:E,'사급자재 사용내역'!C21,'센터 자재 사용내역(11월)'!F:F,"신규")+SUMIFS('센터 자재 사용내역(11월)'!G:G,'센터 자재 사용내역(11월)'!E:E,'사급자재 사용내역'!C21,'센터 자재 사용내역(11월)'!F:F,"교체") -> 0 | X21: =SUMIFS('센터 자재 사용내역(12월)'!G:G,'센터 자재 사용내역(12월)'!E:E,'사급자재 사용내역'!C21,'센터 자재 사용내역(12월)'!F:F,"신규")+SUMIFS('센터 자재 사용내역(12월)'!G:G,'센터 자재 사용내역(12월)'!E:E,'사급자재 사용내역'!C21,'센터 자재 사용내역(12월)'!F:F,"교체") -> 0 | Y21: =SUM(M21:X21) -> 0 | AN21: =SUM(AB21:AM21) -> 0 | AQ21: =SUMIFS('센터 자재 사용내역(01월)'!G:G,'센터 자재 사용내역(01월)'!E:E,'사급자재 사용내역'!C21,'센터 자재 사용내역(01월)'!F:F,"불량") -> 0 | AR21: =SUMIFS('센터 자재 사용내역(02월)'!G:G,'센터 자재 사용내역(02월)'!E:E,'사급자재 사용내역'!C21,'센터 자재 사용내역(02월)'!F:F,"불량") -> 0 | AS21: =SUMIFS('센터 자재 사용내역(03월)'!G:G,'센터 자재 사용내역(03월)'!E:E,'사급자재 사용내역'!C21,'센터 자재 사용내역(03월)'!F:F,"불량") -> 0 | AT21: =SUMIFS('센터 자재 사용내역(04월)'!G:G,'센터 자재 사용내역(04월)'!E:E,'사급자재 사용내역'!C21,'센터 자재 사용내역(04월)'!F:F,"불량") -> 0 | AU21: =SUMIFS('센터 자재 사용내역(05월)'!G:G,'센터 자재 사용내역(05월)'!E:E,'사급자재 사용내역'!C21,'센터 자재 사용내역(05월)'!F:F,"불량") -> 0 | AV21: =SUMIFS('센터 자재 사용내역(06월)'!G:G,'센터 자재 사용내역(06월)'!E:E,'사급자재 사용내역'!C21,'센터 자재 사용내역(06월)'!F:F,"불량") -> 0 | AW21: =SUMIFS('센터 자재 사용내역(07월)'!G:G,'센터 자재 사용내역(07월)'!E:E,'사급자재 사용내역'!C21,'센터 자재 사용내역(07월)'!F:F,"불량") -> 0 | AX21: =SUMIFS('센터 자재 사용내역(08월)'!G:G,'센터 자재 사용내역(08월)'!E:E,'사급자재 사용내역'!C21,'센터 자재 사용내역(08월)'!F:F,"불량") -> 0 | AY21: =SUMIFS('센터 자재 사용내역(09월)'!G:G,'센터 자재 사용내역(09월)'!E:E,'사급자재 사용내역'!C21,'센터 자재 사용내역(09월)'!F:F,"불량") -> 0 | AZ21: =SUMIFS('센터 자재 사용내역(10월)'!G:G,'센터 자재 사용내역(10월)'!E:E,'사급자재 사용내역'!C21,'센터 자재 사용내역(10월)'!F:F,"불량") -> 0 | BA21: =SUMIFS('센터 자재 사용내역(11월)'!G:G,'센터 자재 사용내역(11월)'!E:E,'사급자재 사용내역'!C21,'센터 자재 사용내역(11월)'!F:F,"불량") -> 0 | BB21: =SUMIFS('센터 자재 사용내역(12월)'!G:G,'센터 자재 사용내역(12월)'!E:E,'사급자재 사용내역'!C21,'센터 자재 사용내역(12월)'!F:F,"불량") -> 0 | BC21: =SUM(AQ21:BB21) -> 0
C22: 규격외 모델(870M) (철거자재) | D22: EA | E22: 0 | F22: 1 | H22: 5 | I22: =(F22+BC22)-(G22+H22) -> 2 | J22: =Y22 -> 0 | K22: =AN22 -> 0 | L22: =E22-J22+K22 -> 0 | M22: =SUMIFS('센터 자재 사용내역(01월)'!G:G,'센터 자재 사용내역(01월)'!E:E,'사급자재 사용내역'!C22,'센터 자재 사용내역(01월)'!F:F,"신규")+SUMIFS('센터 자재 사용내역(01월)'!G:G,'센터 자재 사용내역(01월)'!E:E,'사급자재 사용내역'!C22,'센터 자재 사용내역(01월)'!F:F,"교체") -> 0 | N22: =SUMIFS('센터 자재 사용내역(02월)'!G:G,'센터 자재 사용내역(02월)'!E:E,'사급자재 사용내역'!C22,'센터 자재 사용내역(02월)'!F:F,"신규")+SUMIFS('센터 자재 사용내역(02월)'!G:G,'센터 자재 사용내역(02월)'!E:E,'사급자재 사용내역'!C22,'센터 자재 사용내역(02월)'!F:F,"교체") -> 0 | O22: =SUMIFS('센터 자재 사용내역(03월)'!G:G,'센터 자재 사용내역(03월)'!E:E,'사급자재 사용내역'!C22,'센터 자재 사용내역(03월)'!F:F,"신규")+SUMIFS('센터 자재 사용내역(03월)'!G:G,'센터 자재 사용내역(03월)'!E:E,'사급자재 사용내역'!C22,'센터 자재 사용내역(03월)'!F:F,"교체") -> 0 | P22: =SUMIFS('센터 자재 사용내역(04월)'!G:G,'센터 자재 사용내역(04월)'!E:E,'사급자재 사용내역'!C22,'센터 자재 사용내역(04월)'!F:F,"신규")+SUMIFS('센터 자재 사용내역(04월)'!G:G,'센터 자재 사용내역(04월)'!E:E,'사급자재 사용내역'!C22,'센터 자재 사용내역(04월)'!F:F,"교체") -> 0 | Q22: =SUMIFS('센터 자재 사용내역(05월)'!G:G,'센터 자재 사용내역(05월)'!E:E,'사급자재 사용내역'!C22,'센터 자재 사용내역(05월)'!F:F,"신규")+SUMIFS('센터 자재 사용내역(05월)'!G:G,'센터 자재 사용내역(05월)'!E:E,'사급자재 사용내역'!C22,'센터 자재 사용내역(05월)'!F:F,"교체") -> 0 | R22: =SUMIFS('센터 자재 사용내역(06월)'!G:G,'센터 자재 사용내역(06월)'!E:E,'사급자재 사용내역'!C22,'센터 자재 사용내역(06월)'!F:F,"신규")+SUMIFS('센터 자재 사용내역(06월)'!G:G,'센터 자재 사용내역(06월)'!E:E,'사급자재 사용내역'!C22,'센터 자재 사용내역(06월)'!F:F,"교체") -> 0 | S22: =SUMIFS('센터 자재 사용내역(07월)'!G:G,'센터 자재 사용내역(07월)'!E:E,'사급자재 사용내역'!C22,'센터 자재 사용내역(07월)'!F:F,"신규")+SUMIFS('센터 자재 사용내역(07월)'!G:G,'센터 자재 사용내역(07월)'!E:E,'사급자재 사용내역'!C22,'센터 자재 사용내역(07월)'!F:F,"교체") -> 0 | T22: =SUMIFS('센터 자재 사용내역(08월)'!G:G,'센터 자재 사용내역(08월)'!E:E,'사급자재 사용내역'!C22,'센터 자재 사용내역(08월)'!F:F,"신규")+SUMIFS('센터 자재 사용내역(08월)'!G:G,'센터 자재 사용내역(08월)'!E:E,'사급자재 사용내역'!C22,'센터 자재 사용내역(08월)'!F:F,"교체") -> 0 | U22: =SUMIFS('센터 자재 사용내역(09월)'!G:G,'센터 자재 사용내역(09월)'!E:E,'사급자재 사용내역'!C22,'센터 자재 사용내역(09월)'!F:F,"신규")+SUMIFS('센터 자재 사용내역(09월)'!G:G,'센터 자재 사용내역(09월)'!E:E,'사급자재 사용내역'!C22,'센터 자재 사용내역(09월)'!F:F,"교체") -> 0 | V22: =SUMIFS('센터 자재 사용내역(10월)'!G:G,'센터 자재 사용내역(10월)'!E:E,'사급자재 사용내역'!C22,'센터 자재 사용내역(10월)'!F:F,"신규")+SUMIFS('센터 자재 사용내역(10월)'!G:G,'센터 자재 사용내역(10월)'!E:E,'사급자재 사용내역'!C22,'센터 자재 사용내역(10월)'!F:F,"교체") -> 0 | W22: =SUMIFS('센터 자재 사용내역(11월)'!G:G,'센터 자재 사용내역(11월)'!E:E,'사급자재 사용내역'!C22,'센터 자재 사용내역(11월)'!F:F,"신규")+SUMIFS('센터 자재 사용내역(11월)'!G:G,'센터 자재 사용내역(11월)'!E:E,'사급자재 사용내역'!C22,'센터 자재 사용내역(11월)'!F:F,"교체") -> 0 | X22: =SUMIFS('센터 자재 사용내역(12월)'!G:G,'센터 자재 사용내역(12월)'!E:E,'사급자재 사용내역'!C22,'센터 자재 사용내역(12월)'!F:F,"신규")+SUMIFS('센터 자재 사용내역(12월)'!G:G,'센터 자재 사용내역(12월)'!E:E,'사급자재 사용내역'!C22,'센터 자재 사용내역(12월)'!F:F,"교체") -> 0 | Y22: =SUM(M22:X22) -> 0 | AN22: =SUM(AB22:AM22) -> 0 | AQ22: =SUMIFS('센터 자재 사용내역(01월)'!G:G,'센터 자재 사용내역(01월)'!E:E,'사급자재 사용내역'!C22,'센터 자재 사용내역(01월)'!F:F,"불량") -> 1 | AR22: =SUMIFS('센터 자재 사용내역(02월)'!G:G,'센터 자재 사용내역(02월)'!E:E,'사급자재 사용내역'!C22,'센터 자재 사용내역(02월)'!F:F,"불량") -> 1 | AS22: =SUMIFS('센터 자재 사용내역(03월)'!G:G,'센터 자재 사용내역(03월)'!E:E,'사급자재 사용내역'!C22,'센터 자재 사용내역(03월)'!F:F,"불량") -> 0 | AT22: =SUMIFS('센터 자재 사용내역(04월)'!G:G,'센터 자재 사용내역(04월)'!E:E,'사급자재 사용내역'!C22,'센터 자재 사용내역(04월)'!F:F,"불량") -> 1 | AU22: =SUMIFS('센터 자재 사용내역(05월)'!G:G,'센터 자재 사용내역(05월)'!E:E,'사급자재 사용내역'!C22,'센터 자재 사용내역(05월)'!F:F,"불량") -> 1 | AV22: =SUMIFS('센터 자재 사용내역(06월)'!G:G,'센터 자재 사용내역(06월)'!E:E,'사급자재 사용내역'!C22,'센터 자재 사용내역(06월)'!F:F,"불량") -> 0 | AW22: =SUMIFS('센터 자재 사용내역(07월)'!G:G,'센터 자재 사용내역(07월)'!E:E,'사급자재 사용내역'!C22,'센터 자재 사용내역(07월)'!F:F,"불량") -> 1 | AX22: =SUMIFS('센터 자재 사용내역(08월)'!G:G,'센터 자재 사용내역(08월)'!E:E,'사급자재 사용내역'!C22,'센터 자재 사용내역(08월)'!F:F,"불량") -> 1 | AY22: =SUMIFS('센터 자재 사용내역(09월)'!G:G,'센터 자재 사용내역(09월)'!E:E,'사급자재 사용내역'!C22,'센터 자재 사용내역(09월)'!F:F,"불량") -> 0 | AZ22: =SUMIFS('센터 자재 사용내역(10월)'!G:G,'센터 자재 사용내역(10월)'!E:E,'사급자재 사용내역'!C22,'센터 자재 사용내역(10월)'!F:F,"불량") -> 0 | BA22: =SUMIFS('센터 자재 사용내역(11월)'!G:G,'센터 자재 사용내역(11월)'!E:E,'사급자재 사용내역'!C22,'센터 자재 사용내역(11월)'!F:F,"불량") -> 0 | BB22: =SUMIFS('센터 자재 사용내역(12월)'!G:G,'센터 자재 사용내역(12월)'!E:E,'사급자재 사용내역'!C22,'센터 자재 사용내역(12월)'!F:F,"불량") -> 0 | BC22: =SUM(AQ22:BB22) -> 6
B23: 간선증폭기 | C23: SA - GM HGBT AGC | D23: EA | E23: 0 | F23: 9 | G23: 5 | H23: 4 | I23: =(F23+BC23)-(G23+H23) -> 4 | J23: =Y23 -> 5 | K23: =AN23 -> 5 | L23: =E23-J23+K23 -> 0 | M23: =SUMIFS('센터 자재 사용내역(01월)'!G:G,'센터 자재 사용내역(01월)'!E:E,'사급자재 사용내역'!C23,'센터 자재 사용내역(01월)'!F:F,"신규")+SUMIFS('센터 자재 사용내역(01월)'!G:G,'센터 자재 사용내역(01월)'!E:E,'사급자재 사용내역'!C23,'센터 자재 사용내역(01월)'!F:F,"교체") -> 0 | N23: =SUMIFS('센터 자재 사용내역(02월)'!G:G,'센터 자재 사용내역(02월)'!E:E,'사급자재 사용내역'!C23,'센터 자재 사용내역(02월)'!F:F,"신규")+SUMIFS('센터 자재 사용내역(02월)'!G:G,'센터 자재 사용내역(02월)'!E:E,'사급자재 사용내역'!C23,'센터 자재 사용내역(02월)'!F:F,"교체") -> 0 | O23: =SUMIFS('센터 자재 사용내역(03월)'!G:G,'센터 자재 사용내역(03월)'!E:E,'사급자재 사용내역'!C23,'센터 자재 사용내역(03월)'!F:F,"신규")+SUMIFS('센터 자재 사용내역(03월)'!G:G,'센터 자재 사용내역(03월)'!E:E,'사급자재 사용내역'!C23,'센터 자재 사용내역(03월)'!F:F,"교체") -> 0 | P23: =SUMIFS('센터 자재 사용내역(04월)'!G:G,'센터 자재 사용내역(04월)'!E:E,'사급자재 사용내역'!C23,'센터 자재 사용내역(04월)'!F:F,"신규")+SUMIFS('센터 자재 사용내역(04월)'!G:G,'센터 자재 사용내역(04월)'!E:E,'사급자재 사용내역'!C23,'센터 자재 사용내역(04월)'!F:F,"교체") -> 0 | Q23: =SUMIFS('센터 자재 사용내역(05월)'!G:G,'센터 자재 사용내역(05월)'!E:E,'사급자재 사용내역'!C23,'센터 자재 사용내역(05월)'!F:F,"신규")+SUMIFS('센터 자재 사용내역(05월)'!G:G,'센터 자재 사용내역(05월)'!E:E,'사급자재 사용내역'!C23,'센터 자재 사용내역(05월)'!F:F,"교체") -> 0 | R23: =SUMIFS('센터 자재 사용내역(06월)'!G:G,'센터 자재 사용내역(06월)'!E:E,'사급자재 사용내역'!C23,'센터 자재 사용내역(06월)'!F:F,"신규")+SUMIFS('센터 자재 사용내역(06월)'!G:G,'센터 자재 사용내역(06월)'!E:E,'사급자재 사용내역'!C23,'센터 자재 사용내역(06월)'!F:F,"교체") -> 2 | S23: =SUMIFS('센터 자재 사용내역(07월)'!G:G,'센터 자재 사용내역(07월)'!E:E,'사급자재 사용내역'!C23,'센터 자재 사용내역(07월)'!F:F,"신규")+SUMIFS('센터 자재 사용내역(07월)'!G:G,'센터 자재 사용내역(07월)'!E:E,'사급자재 사용내역'!C23,'센터 자재 사용내역(07월)'!F:F,"교체") -> 0 | T23: =SUMIFS('센터 자재 사용내역(08월)'!G:G,'센터 자재 사용내역(08월)'!E:E,'사급자재 사용내역'!C23,'센터 자재 사용내역(08월)'!F:F,"신규")+SUMIFS('센터 자재 사용내역(08월)'!G:G,'센터 자재 사용내역(08월)'!E:E,'사급자재 사용내역'!C23,'센터 자재 사용내역(08월)'!F:F,"교체") -> 3 | U23: =SUMIFS('센터 자재 사용내역(09월)'!G:G,'센터 자재 사용내역(09월)'!E:E,'사급자재 사용내역'!C23,'센터 자재 사용내역(09월)'!F:F,"신규")+SUMIFS('센터 자재 사용내역(09월)'!G:G,'센터 자재 사용내역(09월)'!E:E,'사급자재 사용내역'!C23,'센터 자재 사용내역(09월)'!F:F,"교체") -> 0 | V23: =SUMIFS('센터 자재 사용내역(10월)'!G:G,'센터 자재 사용내역(10월)'!E:E,'사급자재 사용내역'!C23,'센터 자재 사용내역(10월)'!F:F,"신규")+SUMIFS('센터 자재 사용내역(10월)'!G:G,'센터 자재 사용내역(10월)'!E:E,'사급자재 사용내역'!C23,'센터 자재 사용내역(10월)'!F:F,"교체") -> 0 | W23: =SUMIFS('센터 자재 사용내역(11월)'!G:G,'센터 자재 사용내역(11월)'!E:E,'사급자재 사용내역'!C23,'센터 자재 사용내역(11월)'!F:F,"신규")+SUMIFS('센터 자재 사용내역(11월)'!G:G,'센터 자재 사용내역(11월)'!E:E,'사급자재 사용내역'!C23,'센터 자재 사용내역(11월)'!F:F,"교체") -> 0 | X23: =SUMIFS('센터 자재 사용내역(12월)'!G:G,'센터 자재 사용내역(12월)'!E:E,'사급자재 사용내역'!C23,'센터 자재 사용내역(12월)'!F:F,"신규")+SUMIFS('센터 자재 사용내역(12월)'!G:G,'센터 자재 사용내역(12월)'!E:E,'사급자재 사용내역'!C23,'센터 자재 사용내역(12월)'!F:F,"교체") -> 0 | Y23: =SUM(M23:X23) -> 5 | AC23: 5 | AN23: =SUM(AB23:AM23) -> 5 | AQ23: =SUMIFS('센터 자재 사용내역(01월)'!G:G,'센터 자재 사용내역(01월)'!E:E,'사급자재 사용내역'!C23,'센터 자재 사용내역(01월)'!F:F,"불량") -> 0 | AR23: =SUMIFS('센터 자재 사용내역(02월)'!G:G,'센터 자재 사용내역(02월)'!E:E,'사급자재 사용내역'!C23,'센터 자재 사용내역(02월)'!F:F,"불량") -> 0 | AS23: =SUMIFS('센터 자재 사용내역(03월)'!G:G,'센터 자재 사용내역(03월)'!E:E,'사급자재 사용내역'!C23,'센터 자재 사용내역(03월)'!F:F,"불량") -> 0 | AT23: =SUMIFS('센터 자재 사용내역(04월)'!G:G,'센터 자재 사용내역(04월)'!E:E,'사급자재 사용내역'!C23,'센터 자재 사용내역(04월)'!F:F,"불량") -> 0 | AU23: =SUMIFS('센터 자재 사용내역(05월)'!G:G,'센터 자재 사용내역(05월)'!E:E,'사급자재 사용내역'!C23,'센터 자재 사용내역(05월)'!F:F,"불량") -> 2 | AV23: =SUMIFS('센터 자재 사용내역(06월)'!G:G,'센터 자재 사용내역(06월)'!E:E,'사급자재 사용내역'!C23,'센터 자재 사용내역(06월)'!F:F,"불량") -> 0 | AW23: =SUMIFS('센터 자재 사용내역(07월)'!G:G,'센터 자재 사용내역(07월)'!E:E,'사급자재 사용내역'!C23,'센터 자재 사용내역(07월)'!F:F,"불량") -> 1 | AX23: =SUMIFS('센터 자재 사용내역(08월)'!G:G,'센터 자재 사용내역(08월)'!E:E,'사급자재 사용내역'!C23,'센터 자재 사용내역(08월)'!F:F,"불량") -> 1 | AY23: =SUMIFS('센터 자재 사용내역(09월)'!G:G,'센터 자재 사용내역(09월)'!E:E,'사급자재 사용내역'!C23,'센터 자재 사용내역(09월)'!F:F,"불량") -> 0 | AZ23: =SUMIFS('센터 자재 사용내역(10월)'!G:G,'센터 자재 사용내역(10월)'!E:E,'사급자재 사용내역'!C23,'센터 자재 사용내역(10월)'!F:F,"불량") -> 0 | BA23: =SUMIFS('센터 자재 사용내역(11월)'!G:G,'센터 자재 사용내역(11월)'!E:E,'사급자재 사용내역'!C23,'센터 자재 사용내역(11월)'!F:F,"불량") -> 0 | BB23: =SUMIFS('센터 자재 사용내역(12월)'!G:G,'센터 자재 사용내역(12월)'!E:E,'사급자재 사용내역'!C23,'센터 자재 사용내역(12월)'!F:F,"불량") -> 0 | BC23: =SUM(AQ23:BB23) -> 4
C24: SA - GM UNBT AGC | D24: EA | E24: 0 | F24: 20 | G24: 13 | H24: 7 | I24: =(F24+BC24)-(G24+H24) -> 17 | J24: =Y24 -> 13 | K24: =AN24 -> 13 | L24: =E24-J24+K24 -> 0 | M24: =SUMIFS('센터 자재 사용내역(01월)'!G:G,'센터 자재 사용내역(01월)'!E:E,'사급자재 사용내역'!C24,'센터 자재 사용내역(01월)'!F:F,"신규")+SUMIFS('센터 자재 사용내역(01월)'!G:G,'센터 자재 사용내역(01월)'!E:E,'사급자재 사용내역'!C24,'센터 자재 사용내역(01월)'!F:F,"교체") -> 0 | N24: =SUMIFS('센터 자재 사용내역(02월)'!G:G,'센터 자재 사용내역(02월)'!E:E,'사급자재 사용내역'!C24,'센터 자재 사용내역(02월)'!F:F,"신규")+SUMIFS('센터 자재 사용내역(02월)'!G:G,'센터 자재 사용내역(02월)'!E:E,'사급자재 사용내역'!C24,'센터 자재 사용내역(02월)'!F:F,"교체") -> 0 | O24: =SUMIFS('센터 자재 사용내역(03월)'!G:G,'센터 자재 사용내역(03월)'!E:E,'사급자재 사용내역'!C24,'센터 자재 사용내역(03월)'!F:F,"신규")+SUMIFS('센터 자재 사용내역(03월)'!G:G,'센터 자재 사용내역(03월)'!E:E,'사급자재 사용내역'!C24,'센터 자재 사용내역(03월)'!F:F,"교체") -> 0 | P24: =SUMIFS('센터 자재 사용내역(04월)'!G:G,'센터 자재 사용내역(04월)'!E:E,'사급자재 사용내역'!C24,'센터 자재 사용내역(04월)'!F:F,"신규")+SUMIFS('센터 자재 사용내역(04월)'!G:G,'센터 자재 사용내역(04월)'!E:E,'사급자재 사용내역'!C24,'센터 자재 사용내역(04월)'!F:F,"교체") -> 2 | Q24: =SUMIFS('센터 자재 사용내역(05월)'!G:G,'센터 자재 사용내역(05월)'!E:E,'사급자재 사용내역'!C24,'센터 자재 사용내역(05월)'!F:F,"신규")+SUMIFS('센터 자재 사용내역(05월)'!G:G,'센터 자재 사용내역(05월)'!E:E,'사급자재 사용내역'!C24,'센터 자재 사용내역(05월)'!F:F,"교체") -> 5 | R24: =SUMIFS('센터 자재 사용내역(06월)'!G:G,'센터 자재 사용내역(06월)'!E:E,'사급자재 사용내역'!C24,'센터 자재 사용내역(06월)'!F:F,"신규")+SUMIFS('센터 자재 사용내역(06월)'!G:G,'센터 자재 사용내역(06월)'!E:E,'사급자재 사용내역'!C24,'센터 자재 사용내역(06월)'!F:F,"교체") -> 1 | S24: =SUMIFS('센터 자재 사용내역(07월)'!G:G,'센터 자재 사용내역(07월)'!E:E,'사급자재 사용내역'!C24,'센터 자재 사용내역(07월)'!F:F,"신규")+SUMIFS('센터 자재 사용내역(07월)'!G:G,'센터 자재 사용내역(07월)'!E:E,'사급자재 사용내역'!C24,'센터 자재 사용내역(07월)'!F:F,"교체") -> 4 | T24: =SUMIFS('센터 자재 사용내역(08월)'!G:G,'센터 자재 사용내역(08월)'!E:E,'사급자재 사용내역'!C24,'센터 자재 사용내역(08월)'!F:F,"신규")+SUMIFS('센터 자재 사용내역(08월)'!G:G,'센터 자재 사용내역(08월)'!E:E,'사급자재 사용내역'!C24,'센터 자재 사용내역(08월)'!F:F,"교체") -> 1 | U24: =SUMIFS('센터 자재 사용내역(09월)'!G:G,'센터 자재 사용내역(09월)'!E:E,'사급자재 사용내역'!C24,'센터 자재 사용내역(09월)'!F:F,"신규")+SUMIFS('센터 자재 사용내역(09월)'!G:G,'센터 자재 사용내역(09월)'!E:E,'사급자재 사용내역'!C24,'센터 자재 사용내역(09월)'!F:F,"교체") -> 0 | V24: =SUMIFS('센터 자재 사용내역(10월)'!G:G,'센터 자재 사용내역(10월)'!E:E,'사급자재 사용내역'!C24,'센터 자재 사용내역(10월)'!F:F,"신규")+SUMIFS('센터 자재 사용내역(10월)'!G:G,'센터 자재 사용내역(10월)'!E:E,'사급자재 사용내역'!C24,'센터 자재 사용내역(10월)'!F:F,"교체") -> 0 | W24: =SUMIFS('센터 자재 사용내역(11월)'!G:G,'센터 자재 사용내역(11월)'!E:E,'사급자재 사용내역'!C24,'센터 자재 사용내역(11월)'!F:F,"신규")+SUMIFS('센터 자재 사용내역(11월)'!G:G,'센터 자재 사용내역(11월)'!E:E,'사급자재 사용내역'!C24,'센터 자재 사용내역(11월)'!F:F,"교체") -> 0 | X24: =SUMIFS('센터 자재 사용내역(12월)'!G:G,'센터 자재 사용내역(12월)'!E:E,'사급자재 사용내역'!C24,'센터 자재 사용내역(12월)'!F:F,"신규")+SUMIFS('센터 자재 사용내역(12월)'!G:G,'센터 자재 사용내역(12월)'!E:E,'사급자재 사용내역'!C24,'센터 자재 사용내역(12월)'!F:F,"교체") -> 0 | Y24: =SUM(M24:X24) -> 13 | AC24: 13 | AN24: =SUM(AB24:AM24) -> 13 | AQ24: =SUMIFS('센터 자재 사용내역(01월)'!G:G,'센터 자재 사용내역(01월)'!E:E,'사급자재 사용내역'!C24,'센터 자재 사용내역(01월)'!F:F,"불량") -> 0 | AR24: =SUMIFS('센터 자재 사용내역(02월)'!G:G,'센터 자재 사용내역(02월)'!E:E,'사급자재 사용내역'!C24,'센터 자재 사용내역(02월)'!F:F,"불량") -> 0 | AS24: =SUMIFS('센터 자재 사용내역(03월)'!G:G,'센터 자재 사용내역(03월)'!E:E,'사급자재 사용내역'!C24,'센터 자재 사용내역(03월)'!F:F,"불량") -> 0 | AT24: =SUMIFS('센터 자재 사용내역(04월)'!G:G,'센터 자재 사용내역(04월)'!E:E,'사급자재 사용내역'!C24,'센터 자재 사용내역(04월)'!F:F,"불량") -> 1 | AU24: =SUMIFS('센터 자재 사용내역(05월)'!G:G,'센터 자재 사용내역(05월)'!E:E,'사급자재 사용내역'!C24,'센터 자재 사용내역(05월)'!F:F,"불량") -> 4 | AV24: =SUMIFS('센터 자재 사용내역(06월)'!G:G,'센터 자재 사용내역(06월)'!E:E,'사급자재 사용내역'!C24,'센터 자재 사용내역(06월)'!F:F,"불량") -> 4 | AW24: =SUMIFS('센터 자재 사용내역(07월)'!G:G,'센터 자재 사용내역(07월)'!E:E,'사급자재 사용내역'!C24,'센터 자재 사용내역(07월)'!F:F,"불량") -> 4 | AX24: =SUMIFS('센터 자재 사용내역(08월)'!G:G,'센터 자재 사용내역(08월)'!E:E,'사급자재 사용내역'!C24,'센터 자재 사용내역(08월)'!F:F,"불량") -> 4 | AY24: =SUMIFS('센터 자재 사용내역(09월)'!G:G,'센터 자재 사용내역(09월)'!E:E,'사급자재 사용내역'!C24,'센터 자재 사용내역(09월)'!F:F,"불량") -> 0 | AZ24: =SUMIFS('센터 자재 사용내역(10월)'!G:G,'센터 자재 사용내역(10월)'!E:E,'사급자재 사용내역'!C24,'센터 자재 사용내역(10월)'!F:F,"불량") -> 0 | BA24: =SUMIFS('센터 자재 사용내역(11월)'!G:G,'센터 자재 사용내역(11월)'!E:E,'사급자재 사용내역'!C24,'센터 자재 사용내역(11월)'!F:F,"불량") -> 0 | BB24: =SUMIFS('센터 자재 사용내역(12월)'!G:G,'센터 자재 사용내역(12월)'!E:E,'사급자재 사용내역'!C24,'센터 자재 사용내역(12월)'!F:F,"불량") -> 0 | BC24: =SUM(AQ24:BB24) -> 17
C25: 모토로라 - MB-87K | D25: EA | E25: 0 | F25: 5 | G25: 7 | I25: =(F25+BC25)-(G25+H25) -> 34 | J25: =Y25 -> 43 | K25: =AN25 -> 55 | L25: =E25-J25+K25 -> 12 | M25: =SUMIFS('센터 자재 사용내역(01월)'!G:G,'센터 자재 사용내역(01월)'!E:E,'사급자재 사용내역'!C25,'센터 자재 사용내역(01월)'!F:F,"신규")+SUMIFS('센터 자재 사용내역(01월)'!G:G,'센터 자재 사용내역(01월)'!E:E,'사급자재 사용내역'!C25,'센터 자재 사용내역(01월)'!F:F,"교체") -> 2 | N25: =SUMIFS('센터 자재 사용내역(02월)'!G:G,'센터 자재 사용내역(02월)'!E:E,'사급자재 사용내역'!C25,'센터 자재 사용내역(02월)'!F:F,"신규")+SUMIFS('센터 자재 사용내역(02월)'!G:G,'센터 자재 사용내역(02월)'!E:E,'사급자재 사용내역'!C25,'센터 자재 사용내역(02월)'!F:F,"교체") -> 0 | O25: =SUMIFS('센터 자재 사용내역(03월)'!G:G,'센터 자재 사용내역(03월)'!E:E,'사급자재 사용내역'!C25,'센터 자재 사용내역(03월)'!F:F,"신규")+SUMIFS('센터 자재 사용내역(03월)'!G:G,'센터 자재 사용내역(03월)'!E:E,'사급자재 사용내역'!C25,'센터 자재 사용내역(03월)'!F:F,"교체") -> 0 | P25: =SUMIFS('센터 자재 사용내역(04월)'!G:G,'센터 자재 사용내역(04월)'!E:E,'사급자재 사용내역'!C25,'센터 자재 사용내역(04월)'!F:F,"신규")+SUMIFS('센터 자재 사용내역(04월)'!G:G,'센터 자재 사용내역(04월)'!E:E,'사급자재 사용내역'!C25,'센터 자재 사용내역(04월)'!F:F,"교체") -> 1 | Q25: =SUMIFS('센터 자재 사용내역(05월)'!G:G,'센터 자재 사용내역(05월)'!E:E,'사급자재 사용내역'!C25,'센터 자재 사용내역(05월)'!F:F,"신규")+SUMIFS('센터 자재 사용내역(05월)'!G:G,'센터 자재 사용내역(05월)'!E:E,'사급자재 사용내역'!C25,'센터 자재 사용내역(05월)'!F:F,"교체") -> 0 | R25: =SUMIFS('센터 자재 사용내역(06월)'!G:G,'센터 자재 사용내역(06월)'!E:E,'사급자재 사용내역'!C25,'센터 자재 사용내역(06월)'!F:F,"신규")+SUMIFS('센터 자재 사용내역(06월)'!G:G,'센터 자재 사용내역(06월)'!E:E,'사급자재 사용내역'!C25,'센터 자재 사용내역(06월)'!F:F,"교체") -> 7 | S25: =SUMIFS('센터 자재 사용내역(07월)'!G:G,'센터 자재 사용내역(07월)'!E:E,'사급자재 사용내역'!C25,'센터 자재 사용내역(07월)'!F:F,"신규")+SUMIFS('센터 자재 사용내역(07월)'!G:G,'센터 자재 사용내역(07월)'!E:E,'사급자재 사용내역'!C25,'센터 자재 사용내역(07월)'!F:F,"교체") -> 20 | T25: =SUMIFS('센터 자재 사용내역(08월)'!G:G,'센터 자재 사용내역(08월)'!E:E,'사급자재 사용내역'!C25,'센터 자재 사용내역(08월)'!F:F,"신규")+SUMIFS('센터 자재 사용내역(08월)'!G:G,'센터 자재 사용내역(08월)'!E:E,'사급자재 사용내역'!C25,'센터 자재 사용내역(08월)'!F:F,"교체") -> 13 | U25: =SUMIFS('센터 자재 사용내역(09월)'!G:G,'센터 자재 사용내역(09월)'!E:E,'사급자재 사용내역'!C25,'센터 자재 사용내역(09월)'!F:F,"신규")+SUMIFS('센터 자재 사용내역(09월)'!G:G,'센터 자재 사용내역(09월)'!E:E,'사급자재 사용내역'!C25,'센터 자재 사용내역(09월)'!F:F,"교체") -> 0 | V25: =SUMIFS('센터 자재 사용내역(10월)'!G:G,'센터 자재 사용내역(10월)'!E:E,'사급자재 사용내역'!C25,'센터 자재 사용내역(10월)'!F:F,"신규")+SUMIFS('센터 자재 사용내역(10월)'!G:G,'센터 자재 사용내역(10월)'!E:E,'사급자재 사용내역'!C25,'센터 자재 사용내역(10월)'!F:F,"교체") -> 0 | W25: =SUMIFS('센터 자재 사용내역(11월)'!G:G,'센터 자재 사용내역(11월)'!E:E,'사급자재 사용내역'!C25,'센터 자재 사용내역(11월)'!F:F,"신규")+SUMIFS('센터 자재 사용내역(11월)'!G:G,'센터 자재 사용내역(11월)'!E:E,'사급자재 사용내역'!C25,'센터 자재 사용내역(11월)'!F:F,"교체") -> 0 | X25: =SUMIFS('센터 자재 사용내역(12월)'!G:G,'센터 자재 사용내역(12월)'!E:E,'사급자재 사용내역'!C25,'센터 자재 사용내역(12월)'!F:F,"신규")+SUMIFS('센터 자재 사용내역(12월)'!G:G,'센터 자재 사용내역(12월)'!E:E,'사급자재 사용내역'!C25,'센터 자재 사용내역(12월)'!F:F,"교체") -> 0 | Y25: =SUM(M25:X25) -> 43 | AB25: 12 | AC25: 43 | AN25: =SUM(AB25:AM25) -> 55 | AQ25: =SUMIFS('센터 자재 사용내역(01월)'!G:G,'센터 자재 사용내역(01월)'!E:E,'사급자재 사용내역'!C25,'센터 자재 사용내역(01월)'!F:F,"불량") -> 2 | AR25: =SUMIFS('센터 자재 사용내역(02월)'!G:G,'센터 자재 사용내역(02월)'!E:E,'사급자재 사용내역'!C25,'센터 자재 사용내역(02월)'!F:F,"불량") -> 1 | AS25: =SUMIFS('센터 자재 사용내역(03월)'!G:G,'센터 자재 사용내역(03월)'!E:E,'사급자재 사용내역'!C25,'센터 자재 사용내역(03월)'!F:F,"불량") -> 1 | AT25: =SUMIFS('센터 자재 사용내역(04월)'!G:G,'센터 자재 사용내역(04월)'!E:E,'사급자재 사용내역'!C25,'센터 자재 사용내역(04월)'!F:F,"불량") -> 0 | AU25: =SUMIFS('센터 자재 사용내역(05월)'!G:G,'센터 자재 사용내역(05월)'!E:E,'사급자재 사용내역'!C25,'센터 자재 사용내역(05월)'!F:F,"불량") -> 0 | AV25: =SUMIFS('센터 자재 사용내역(06월)'!G:G,'센터 자재 사용내역(06월)'!E:E,'사급자재 사용내역'!C25,'센터 자재 사용내역(06월)'!F:F,"불량") -> 8 | AW25: =SUMIFS('센터 자재 사용내역(07월)'!G:G,'센터 자재 사용내역(07월)'!E:E,'사급자재 사용내역'!C25,'센터 자재 사용내역(07월)'!F:F,"불량") -> 16 | AX25: =SUMIFS('센터 자재 사용내역(08월)'!G:G,'센터 자재 사용내역(08월)'!E:E,'사급자재 사용내역'!C25,'센터 자재 사용내역(08월)'!F:F,"불량") -> 8 | AY25: =SUMIFS('센터 자재 사용내역(09월)'!G:G,'센터 자재 사용내역(09월)'!E:E,'사급자재 사용내역'!C25,'센터 자재 사용내역(09월)'!F:F,"불량") -> 0 | AZ25: =SUMIFS('센터 자재 사용내역(10월)'!G:G,'센터 자재 사용내역(10월)'!E:E,'사급자재 사용내역'!C25,'센터 자재 사용내역(10월)'!F:F,"불량") -> 0 | BA25: =SUMIFS('센터 자재 사용내역(11월)'!G:G,'센터 자재 사용내역(11월)'!E:E,'사급자재 사용내역'!C25,'센터 자재 사용내역(11월)'!F:F,"불량") -> 0 | BB25: =SUMIFS('센터 자재 사용내역(12월)'!G:G,'센터 자재 사용내역(12월)'!E:E,'사급자재 사용내역'!C25,'센터 자재 사용내역(12월)'!F:F,"불량") -> 0 | BC25: =SUM(AQ25:BB25) -> 36
C26: 모토로라 - MBE-87K | D26: EA | E26: 0 | F26: 63 | G26: 65 | H26: 7 | I26: =(F26+BC26)-(G26+H26) -> 41 | J26: =Y26 -> 51 | K26: =AN26 -> 51 | L26: =E26-J26+K26 -> 0 | M26: =SUMIFS('센터 자재 사용내역(01월)'!G:G,'센터 자재 사용내역(01월)'!E:E,'사급자재 사용내역'!C26,'센터 자재 사용내역(01월)'!F:F,"신규")+SUMIFS('센터 자재 사용내역(01월)'!G:G,'센터 자재 사용내역(01월)'!E:E,'사급자재 사용내역'!C26,'센터 자재 사용내역(01월)'!F:F,"교체") -> 8 | N26: =SUMIFS('센터 자재 사용내역(02월)'!G:G,'센터 자재 사용내역(02월)'!E:E,'사급자재 사용내역'!C26,'센터 자재 사용내역(02월)'!F:F,"신규")+SUMIFS('센터 자재 사용내역(02월)'!G:G,'센터 자재 사용내역(02월)'!E:E,'사급자재 사용내역'!C26,'센터 자재 사용내역(02월)'!F:F,"교체") -> 2 | O26: =SUMIFS('센터 자재 사용내역(03월)'!G:G,'센터 자재 사용내역(03월)'!E:E,'사급자재 사용내역'!C26,'센터 자재 사용내역(03월)'!F:F,"신규")+SUMIFS('센터 자재 사용내역(03월)'!G:G,'센터 자재 사용내역(03월)'!E:E,'사급자재 사용내역'!C26,'센터 자재 사용내역(03월)'!F:F,"교체") -> 5 | P26: =SUMIFS('센터 자재 사용내역(04월)'!G:G,'센터 자재 사용내역(04월)'!E:E,'사급자재 사용내역'!C26,'센터 자재 사용내역(04월)'!F:F,"신규")+SUMIFS('센터 자재 사용내역(04월)'!G:G,'센터 자재 사용내역(04월)'!E:E,'사급자재 사용내역'!C26,'센터 자재 사용내역(04월)'!F:F,"교체") -> 3 | Q26: =SUMIFS('센터 자재 사용내역(05월)'!G:G,'센터 자재 사용내역(05월)'!E:E,'사급자재 사용내역'!C26,'센터 자재 사용내역(05월)'!F:F,"신규")+SUMIFS('센터 자재 사용내역(05월)'!G:G,'센터 자재 사용내역(05월)'!E:E,'사급자재 사용내역'!C26,'센터 자재 사용내역(05월)'!F:F,"교체") -> 9 | R26: =SUMIFS('센터 자재 사용내역(06월)'!G:G,'센터 자재 사용내역(06월)'!E:E,'사급자재 사용내역'!C26,'센터 자재 사용내역(06월)'!F:F,"신규")+SUMIFS('센터 자재 사용내역(06월)'!G:G,'센터 자재 사용내역(06월)'!E:E,'사급자재 사용내역'!C26,'센터 자재 사용내역(06월)'!F:F,"교체") -> 11 | S26: =SUMIFS('센터 자재 사용내역(07월)'!G:G,'센터 자재 사용내역(07월)'!E:E,'사급자재 사용내역'!C26,'센터 자재 사용내역(07월)'!F:F,"신규")+SUMIFS('센터 자재 사용내역(07월)'!G:G,'센터 자재 사용내역(07월)'!E:E,'사급자재 사용내역'!C26,'센터 자재 사용내역(07월)'!F:F,"교체") -> 9 | T26: =SUMIFS('센터 자재 사용내역(08월)'!G:G,'센터 자재 사용내역(08월)'!E:E,'사급자재 사용내역'!C26,'센터 자재 사용내역(08월)'!F:F,"신규")+SUMIFS('센터 자재 사용내역(08월)'!G:G,'센터 자재 사용내역(08월)'!E:E,'사급자재 사용내역'!C26,'센터 자재 사용내역(08월)'!F:F,"교체") -> 4 | U26: =SUMIFS('센터 자재 사용내역(09월)'!G:G,'센터 자재 사용내역(09월)'!E:E,'사급자재 사용내역'!C26,'센터 자재 사용내역(09월)'!F:F,"신규")+SUMIFS('센터 자재 사용내역(09월)'!G:G,'센터 자재 사용내역(09월)'!E:E,'사급자재 사용내역'!C26,'센터 자재 사용내역(09월)'!F:F,"교체") -> 0 | V26: =SUMIFS('센터 자재 사용내역(10월)'!G:G,'센터 자재 사용내역(10월)'!E:E,'사급자재 사용내역'!C26,'센터 자재 사용내역(10월)'!F:F,"신규")+SUMIFS('센터 자재 사용내역(10월)'!G:G,'센터 자재 사용내역(10월)'!E:E,'사급자재 사용내역'!C26,'센터 자재 사용내역(10월)'!F:F,"교체") -> 0 | W26: =SUMIFS('센터 자재 사용내역(11월)'!G:G,'센터 자재 사용내역(11월)'!E:E,'사급자재 사용내역'!C26,'센터 자재 사용내역(11월)'!F:F,"신규")+SUMIFS('센터 자재 사용내역(11월)'!G:G,'센터 자재 사용내역(11월)'!E:E,'사급자재 사용내역'!C26,'센터 자재 사용내역(11월)'!F:F,"교체") -> 0 | X26: =SUMIFS('센터 자재 사용내역(12월)'!G:G,'센터 자재 사용내역(12월)'!E:E,'사급자재 사용내역'!C26,'센터 자재 사용내역(12월)'!F:F,"신규")+SUMIFS('센터 자재 사용내역(12월)'!G:G,'센터 자재 사용내역(12월)'!E:E,'사급자재 사용내역'!C26,'센터 자재 사용내역(12월)'!F:F,"교체") -> 0 | Y26: =SUM(M26:X26) -> 51 | AB26: 27 | AC26: 24 | AN26: =SUM(AB26:AM26) -> 51 | AQ26: =SUMIFS('센터 자재 사용내역(01월)'!G:G,'센터 자재 사용내역(01월)'!E:E,'사급자재 사용내역'!C26,'센터 자재 사용내역(01월)'!F:F,"불량") -> 9 | AR26: =SUMIFS('센터 자재 사용내역(02월)'!G:G,'센터 자재 사용내역(02월)'!E:E,'사급자재 사용내역'!C26,'센터 자재 사용내역(02월)'!F:F,"불량") -> 3 | AS26: =SUMIFS('센터 자재 사용내역(03월)'!G:G,'센터 자재 사용내역(03월)'!E:E,'사급자재 사용내역'!C26,'센터 자재 사용내역(03월)'!F:F,"불량") -> 3 | AT26: =SUMIFS('센터 자재 사용내역(04월)'!G:G,'센터 자재 사용내역(04월)'!E:E,'사급자재 사용내역'!C26,'센터 자재 사용내역(04월)'!F:F,"불량") -> 4 | AU26: =SUMIFS('센터 자재 사용내역(05월)'!G:G,'센터 자재 사용내역(05월)'!E:E,'사급자재 사용내역'!C26,'센터 자재 사용내역(05월)'!F:F,"불량") -> 10 | AV26: =SUMIFS('센터 자재 사용내역(06월)'!G:G,'센터 자재 사용내역(06월)'!E:E,'사급자재 사용내역'!C26,'센터 자재 사용내역(06월)'!F:F,"불량") -> 7 | AW26: =SUMIFS('센터 자재 사용내역(07월)'!G:G,'센터 자재 사용내역(07월)'!E:E,'사급자재 사용내역'!C26,'센터 자재 사용내역(07월)'!F:F,"불량") -> 9 | AX26: =SUMIFS('센터 자재 사용내역(08월)'!G:G,'센터 자재 사용내역(08월)'!E:E,'사급자재 사용내역'!C26,'센터 자재 사용내역(08월)'!F:F,"불량") -> 5 | AY26: =SUMIFS('센터 자재 사용내역(09월)'!G:G,'센터 자재 사용내역(09월)'!E:E,'사급자재 사용내역'!C26,'센터 자재 사용내역(09월)'!F:F,"불량") -> 0 | AZ26: =SUMIFS('센터 자재 사용내역(10월)'!G:G,'센터 자재 사용내역(10월)'!E:E,'사급자재 사용내역'!C26,'센터 자재 사용내역(10월)'!F:F,"불량") -> 0 | BA26: =SUMIFS('센터 자재 사용내역(11월)'!G:G,'센터 자재 사용내역(11월)'!E:E,'사급자재 사용내역'!C26,'센터 자재 사용내역(11월)'!F:F,"불량") -> 0 | BB26: =SUMIFS('센터 자재 사용내역(12월)'!G:G,'센터 자재 사용내역(12월)'!E:E,'사급자재 사용내역'!C26,'센터 자재 사용내역(12월)'!F:F,"불량") -> 0 | BC26: =SUM(AQ26:BB26) -> 50
C27: 모토로라 - MBV3-100K | D27: EA | E27: 0 | F27: 32 | G27: 35 | H27: 2 | I27: =(F27+BC27)-(G27+H27) -> 46 | J27: =Y27 -> 40 | K27: =AN27 -> 44 | L27: =E27-J27+K27 -> 4 | M27: =SUMIFS('센터 자재 사용내역(01월)'!G:G,'센터 자재 사용내역(01월)'!E:E,'사급자재 사용내역'!C27,'센터 자재 사용내역(01월)'!F:F,"신규")+SUMIFS('센터 자재 사용내역(01월)'!G:G,'센터 자재 사용내역(01월)'!E:E,'사급자재 사용내역'!C27,'센터 자재 사용내역(01월)'!F:F,"교체") -> 3 | N27: =SUMIFS('센터 자재 사용내역(02월)'!G:G,'센터 자재 사용내역(02월)'!E:E,'사급자재 사용내역'!C27,'센터 자재 사용내역(02월)'!F:F,"신규")+SUMIFS('센터 자재 사용내역(02월)'!G:G,'센터 자재 사용내역(02월)'!E:E,'사급자재 사용내역'!C27,'센터 자재 사용내역(02월)'!F:F,"교체") -> 5 | O27: =SUMIFS('센터 자재 사용내역(03월)'!G:G,'센터 자재 사용내역(03월)'!E:E,'사급자재 사용내역'!C27,'센터 자재 사용내역(03월)'!F:F,"신규")+SUMIFS('센터 자재 사용내역(03월)'!G:G,'센터 자재 사용내역(03월)'!E:E,'사급자재 사용내역'!C27,'센터 자재 사용내역(03월)'!F:F,"교체") -> 7 | P27: =SUMIFS('센터 자재 사용내역(04월)'!G:G,'센터 자재 사용내역(04월)'!E:E,'사급자재 사용내역'!C27,'센터 자재 사용내역(04월)'!F:F,"신규")+SUMIFS('센터 자재 사용내역(04월)'!G:G,'센터 자재 사용내역(04월)'!E:E,'사급자재 사용내역'!C27,'센터 자재 사용내역(04월)'!F:F,"교체") -> 5 | Q27: =SUMIFS('센터 자재 사용내역(05월)'!G:G,'센터 자재 사용내역(05월)'!E:E,'사급자재 사용내역'!C27,'센터 자재 사용내역(05월)'!F:F,"신규")+SUMIFS('센터 자재 사용내역(05월)'!G:G,'센터 자재 사용내역(05월)'!E:E,'사급자재 사용내역'!C27,'센터 자재 사용내역(05월)'!F:F,"교체") -> 7 | R27: =SUMIFS('센터 자재 사용내역(06월)'!G:G,'센터 자재 사용내역(06월)'!E:E,'사급자재 사용내역'!C27,'센터 자재 사용내역(06월)'!F:F,"신규")+SUMIFS('센터 자재 사용내역(06월)'!G:G,'센터 자재 사용내역(06월)'!E:E,'사급자재 사용내역'!C27,'센터 자재 사용내역(06월)'!F:F,"교체") -> 1 | S27: =SUMIFS('센터 자재 사용내역(07월)'!G:G,'센터 자재 사용내역(07월)'!E:E,'사급자재 사용내역'!C27,'센터 자재 사용내역(07월)'!F:F,"신규")+SUMIFS('센터 자재 사용내역(07월)'!G:G,'센터 자재 사용내역(07월)'!E:E,'사급자재 사용내역'!C27,'센터 자재 사용내역(07월)'!F:F,"교체") -> 5 | T27: =SUMIFS('센터 자재 사용내역(08월)'!G:G,'센터 자재 사용내역(08월)'!E:E,'사급자재 사용내역'!C27,'센터 자재 사용내역(08월)'!F:F,"신규")+SUMIFS('센터 자재 사용내역(08월)'!G:G,'센터 자재 사용내역(08월)'!E:E,'사급자재 사용내역'!C27,'센터 자재 사용내역(08월)'!F:F,"교체") -> 7 | U27: =SUMIFS('센터 자재 사용내역(09월)'!G:G,'센터 자재 사용내역(09월)'!E:E,'사급자재 사용내역'!C27,'센터 자재 사용내역(09월)'!F:F,"신규")+SUMIFS('센터 자재 사용내역(09월)'!G:G,'센터 자재 사용내역(09월)'!E:E,'사급자재 사용내역'!C27,'센터 자재 사용내역(09월)'!F:F,"교체") -> 0 | V27: =SUMIFS('센터 자재 사용내역(10월)'!G:G,'센터 자재 사용내역(10월)'!E:E,'사급자재 사용내역'!C27,'센터 자재 사용내역(10월)'!F:F,"신규")+SUMIFS('센터 자재 사용내역(10월)'!G:G,'센터 자재 사용내역(10월)'!E:E,'사급자재 사용내역'!C27,'센터 자재 사용내역(10월)'!F:F,"교체") -> 0 | W27: =SUMIFS('센터 자재 사용내역(11월)'!G:G,'센터 자재 사용내역(11월)'!E:E,'사급자재 사용내역'!C27,'센터 자재 사용내역(11월)'!F:F,"신규")+SUMIFS('센터 자재 사용내역(11월)'!G:G,'센터 자재 사용내역(11월)'!E:E,'사급자재 사용내역'!C27,'센터 자재 사용내역(11월)'!F:F,"교체") -> 0 | X27: =SUMIFS('센터 자재 사용내역(12월)'!G:G,'센터 자재 사용내역(12월)'!E:E,'사급자재 사용내역'!C27,'센터 자재 사용내역(12월)'!F:F,"신규")+SUMIFS('센터 자재 사용내역(12월)'!G:G,'센터 자재 사용내역(12월)'!E:E,'사급자재 사용내역'!C27,'센터 자재 사용내역(12월)'!F:F,"교체") -> 0 | Y27: =SUM(M27:X27) -> 40 | AB27: 33 | AC27: 11 | AN27: =SUM(AB27:AM27) -> 44 | AQ27: =SUMIFS('센터 자재 사용내역(01월)'!G:G,'센터 자재 사용내역(01월)'!E:E,'사급자재 사용내역'!C27,'센터 자재 사용내역(01월)'!F:F,"불량") -> 5 | AR27: =SUMIFS('센터 자재 사용내역(02월)'!G:G,'센터 자재 사용내역(02월)'!E:E,'사급자재 사용내역'!C27,'센터 자재 사용내역(02월)'!F:F,"불량") -> 2 | AS27: =SUMIFS('센터 자재 사용내역(03월)'!G:G,'센터 자재 사용내역(03월)'!E:E,'사급자재 사용내역'!C27,'센터 자재 사용내역(03월)'!F:F,"불량") -> 7 | AT27: =SUMIFS('센터 자재 사용내역(04월)'!G:G,'센터 자재 사용내역(04월)'!E:E,'사급자재 사용내역'!C27,'센터 자재 사용내역(04월)'!F:F,"불량") -> 3 | AU27: =SUMIFS('센터 자재 사용내역(05월)'!G:G,'센터 자재 사용내역(05월)'!E:E,'사급자재 사용내역'!C27,'센터 자재 사용내역(05월)'!F:F,"불량") -> 8 | AV27: =SUMIFS('센터 자재 사용내역(06월)'!G:G,'센터 자재 사용내역(06월)'!E:E,'사급자재 사용내역'!C27,'센터 자재 사용내역(06월)'!F:F,"불량") -> 8 | AW27: =SUMIFS('센터 자재 사용내역(07월)'!G:G,'센터 자재 사용내역(07월)'!E:E,'사급자재 사용내역'!C27,'센터 자재 사용내역(07월)'!F:F,"불량") -> 11 | AX27: =SUMIFS('센터 자재 사용내역(08월)'!G:G,'센터 자재 사용내역(08월)'!E:E,'사급자재 사용내역'!C27,'센터 자재 사용내역(08월)'!F:F,"불량") -> 7 | AY27: =SUMIFS('센터 자재 사용내역(09월)'!G:G,'센터 자재 사용내역(09월)'!E:E,'사급자재 사용내역'!C27,'센터 자재 사용내역(09월)'!F:F,"불량") -> 0 | AZ27: =SUMIFS('센터 자재 사용내역(10월)'!G:G,'센터 자재 사용내역(10월)'!E:E,'사급자재 사용내역'!C27,'센터 자재 사용내역(10월)'!F:F,"불량") -> 0 | BA27: =SUMIFS('센터 자재 사용내역(11월)'!G:G,'센터 자재 사용내역(11월)'!E:E,'사급자재 사용내역'!C27,'센터 자재 사용내역(11월)'!F:F,"불량") -> 0 | BB27: =SUMIFS('센터 자재 사용내역(12월)'!G:G,'센터 자재 사용내역(12월)'!E:E,'사급자재 사용내역'!C27,'센터 자재 사용내역(12월)'!F:F,"불량") -> 0 | BC27: =SUM(AQ27:BB27) -> 51
C28: 텔라움 - NT-1G | D28: EA | E28: 0 | F28: 0 | H28: 1 | I28: =(F28+BC28)-(G28+H28) -> 1 | J28: =Y28 -> 0 | K28: =AN28 -> 0 | L28: =E28-J28+K28 -> 0 | M28: =SUMIFS('센터 자재 사용내역(01월)'!G:G,'센터 자재 사용내역(01월)'!E:E,'사급자재 사용내역'!C28,'센터 자재 사용내역(01월)'!F:F,"신규")+SUMIFS('센터 자재 사용내역(01월)'!G:G,'센터 자재 사용내역(01월)'!E:E,'사급자재 사용내역'!C28,'센터 자재 사용내역(01월)'!F:F,"교체") -> 0 | N28: =SUMIFS('센터 자재 사용내역(02월)'!G:G,'센터 자재 사용내역(02월)'!E:E,'사급자재 사용내역'!C28,'센터 자재 사용내역(02월)'!F:F,"신규")+SUMIFS('센터 자재 사용내역(02월)'!G:G,'센터 자재 사용내역(02월)'!E:E,'사급자재 사용내역'!C28,'센터 자재 사용내역(02월)'!F:F,"교체") -> 0 | O28: =SUMIFS('센터 자재 사용내역(03월)'!G:G,'센터 자재 사용내역(03월)'!E:E,'사급자재 사용내역'!C28,'센터 자재 사용내역(03월)'!F:F,"신규")+SUMIFS('센터 자재 사용내역(03월)'!G:G,'센터 자재 사용내역(03월)'!E:E,'사급자재 사용내역'!C28,'센터 자재 사용내역(03월)'!F:F,"교체") -> 0 | P28: =SUMIFS('센터 자재 사용내역(04월)'!G:G,'센터 자재 사용내역(04월)'!E:E,'사급자재 사용내역'!C28,'센터 자재 사용내역(04월)'!F:F,"신규")+SUMIFS('센터 자재 사용내역(04월)'!G:G,'센터 자재 사용내역(04월)'!E:E,'사급자재 사용내역'!C28,'센터 자재 사용내역(04월)'!F:F,"교체") -> 0 | Q28: =SUMIFS('센터 자재 사용내역(05월)'!G:G,'센터 자재 사용내역(05월)'!E:E,'사급자재 사용내역'!C28,'센터 자재 사용내역(05월)'!F:F,"신규")+SUMIFS('센터 자재 사용내역(05월)'!G:G,'센터 자재 사용내역(05월)'!E:E,'사급자재 사용내역'!C28,'센터 자재 사용내역(05월)'!F:F,"교체") -> 0 | R28: =SUMIFS('센터 자재 사용내역(06월)'!G:G,'센터 자재 사용내역(06월)'!E:E,'사급자재 사용내역'!C28,'센터 자재 사용내역(06월)'!F:F,"신규")+SUMIFS('센터 자재 사용내역(06월)'!G:G,'센터 자재 사용내역(06월)'!E:E,'사급자재 사용내역'!C28,'센터 자재 사용내역(06월)'!F:F,"교체") -> 0 | S28: =SUMIFS('센터 자재 사용내역(07월)'!G:G,'센터 자재 사용내역(07월)'!E:E,'사급자재 사용내역'!C28,'센터 자재 사용내역(07월)'!F:F,"신규")+SUMIFS('센터 자재 사용내역(07월)'!G:G,'센터 자재 사용내역(07월)'!E:E,'사급자재 사용내역'!C28,'센터 자재 사용내역(07월)'!F:F,"교체") -> 0 | T28: =SUMIFS('센터 자재 사용내역(08월)'!G:G,'센터 자재 사용내역(08월)'!E:E,'사급자재 사용내역'!C28,'센터 자재 사용내역(08월)'!F:F,"신규")+SUMIFS('센터 자재 사용내역(08월)'!G:G,'센터 자재 사용내역(08월)'!E:E,'사급자재 사용내역'!C28,'센터 자재 사용내역(08월)'!F:F,"교체") -> 0 | U28: =SUMIFS('센터 자재 사용내역(09월)'!G:G,'센터 자재 사용내역(09월)'!E:E,'사급자재 사용내역'!C28,'센터 자재 사용내역(09월)'!F:F,"신규")+SUMIFS('센터 자재 사용내역(09월)'!G:G,'센터 자재 사용내역(09월)'!E:E,'사급자재 사용내역'!C28,'센터 자재 사용내역(09월)'!F:F,"교체") -> 0 | V28: =SUMIFS('센터 자재 사용내역(10월)'!G:G,'센터 자재 사용내역(10월)'!E:E,'사급자재 사용내역'!C28,'센터 자재 사용내역(10월)'!F:F,"신규")+SUMIFS('센터 자재 사용내역(10월)'!G:G,'센터 자재 사용내역(10월)'!E:E,'사급자재 사용내역'!C28,'센터 자재 사용내역(10월)'!F:F,"교체") -> 0 | W28: =SUMIFS('센터 자재 사용내역(11월)'!G:G,'센터 자재 사용내역(11월)'!E:E,'사급자재 사용내역'!C28,'센터 자재 사용내역(11월)'!F:F,"신규")+SUMIFS('센터 자재 사용내역(11월)'!G:G,'센터 자재 사용내역(11월)'!E:E,'사급자재 사용내역'!C28,'센터 자재 사용내역(11월)'!F:F,"교체") -> 0 | X28: =SUMIFS('센터 자재 사용내역(12월)'!G:G,'센터 자재 사용내역(12월)'!E:E,'사급자재 사용내역'!C28,'센터 자재 사용내역(12월)'!F:F,"신규")+SUMIFS('센터 자재 사용내역(12월)'!G:G,'센터 자재 사용내역(12월)'!E:E,'사급자재 사용내역'!C28,'센터 자재 사용내역(12월)'!F:F,"교체") -> 0 | Y28: =SUM(M28:X28) -> 0 | AN28: =SUM(AB28:AM28) -> 0 | AQ28: =SUMIFS('센터 자재 사용내역(01월)'!G:G,'센터 자재 사용내역(01월)'!E:E,'사급자재 사용내역'!C28,'센터 자재 사용내역(01월)'!F:F,"불량") -> 0 | AR28: =SUMIFS('센터 자재 사용내역(02월)'!G:G,'센터 자재 사용내역(02월)'!E:E,'사급자재 사용내역'!C28,'센터 자재 사용내역(02월)'!F:F,"불량") -> 0 | AS28: =SUMIFS('센터 자재 사용내역(03월)'!G:G,'센터 자재 사용내역(03월)'!E:E,'사급자재 사용내역'!C28,'센터 자재 사용내역(03월)'!F:F,"불량") -> 0 | AT28: =SUMIFS('센터 자재 사용내역(04월)'!G:G,'센터 자재 사용내역(04월)'!E:E,'사급자재 사용내역'!C28,'센터 자재 사용내역(04월)'!F:F,"불량") -> 0 | AU28: =SUMIFS('센터 자재 사용내역(05월)'!G:G,'센터 자재 사용내역(05월)'!E:E,'사급자재 사용내역'!C28,'센터 자재 사용내역(05월)'!F:F,"불량") -> 0 | AV28: =SUMIFS('센터 자재 사용내역(06월)'!G:G,'센터 자재 사용내역(06월)'!E:E,'사급자재 사용내역'!C28,'센터 자재 사용내역(06월)'!F:F,"불량") -> 1 | AW28: =SUMIFS('센터 자재 사용내역(07월)'!G:G,'센터 자재 사용내역(07월)'!E:E,'사급자재 사용내역'!C28,'센터 자재 사용내역(07월)'!F:F,"불량") -> 1 | AX28: =SUMIFS('센터 자재 사용내역(08월)'!G:G,'센터 자재 사용내역(08월)'!E:E,'사급자재 사용내역'!C28,'센터 자재 사용내역(08월)'!F:F,"불량") -> 0 | AY28: =SUMIFS('센터 자재 사용내역(09월)'!G:G,'센터 자재 사용내역(09월)'!E:E,'사급자재 사용내역'!C28,'센터 자재 사용내역(09월)'!F:F,"불량") -> 0 | AZ28: =SUMIFS('센터 자재 사용내역(10월)'!G:G,'센터 자재 사용내역(10월)'!E:E,'사급자재 사용내역'!C28,'센터 자재 사용내역(10월)'!F:F,"불량") -> 0 | BA28: =SUMIFS('센터 자재 사용내역(11월)'!G:G,'센터 자재 사용내역(11월)'!E:E,'사급자재 사용내역'!C28,'센터 자재 사용내역(11월)'!F:F,"불량") -> 0 | BB28: =SUMIFS('센터 자재 사용내역(12월)'!G:G,'센터 자재 사용내역(12월)'!E:E,'사급자재 사용내역'!C28,'센터 자재 사용내역(12월)'!F:F,"불량") -> 0 | BC28: =SUM(AQ28:BB28) -> 2
C29: 텔라움 - ND-3500G | D29: EA | E29: 0 | F29: 0 | I29: =(F29+BC29)-(G29+H29) -> 0 | J29: =Y29 -> 0 | K29: =AN29 -> 0 | L29: =E29-J29+K29 -> 0 | M29: =SUMIFS('센터 자재 사용내역(01월)'!G:G,'센터 자재 사용내역(01월)'!E:E,'사급자재 사용내역'!C29,'센터 자재 사용내역(01월)'!F:F,"신규")+SUMIFS('센터 자재 사용내역(01월)'!G:G,'센터 자재 사용내역(01월)'!E:E,'사급자재 사용내역'!C29,'센터 자재 사용내역(01월)'!F:F,"교체") -> 0 | N29: =SUMIFS('센터 자재 사용내역(02월)'!G:G,'센터 자재 사용내역(02월)'!E:E,'사급자재 사용내역'!C29,'센터 자재 사용내역(02월)'!F:F,"신규")+SUMIFS('센터 자재 사용내역(02월)'!G:G,'센터 자재 사용내역(02월)'!E:E,'사급자재 사용내역'!C29,'센터 자재 사용내역(02월)'!F:F,"교체") -> 0 | O29: =SUMIFS('센터 자재 사용내역(03월)'!G:G,'센터 자재 사용내역(03월)'!E:E,'사급자재 사용내역'!C29,'센터 자재 사용내역(03월)'!F:F,"신규")+SUMIFS('센터 자재 사용내역(03월)'!G:G,'센터 자재 사용내역(03월)'!E:E,'사급자재 사용내역'!C29,'센터 자재 사용내역(03월)'!F:F,"교체") -> 0 | P29: =SUMIFS('센터 자재 사용내역(04월)'!G:G,'센터 자재 사용내역(04월)'!E:E,'사급자재 사용내역'!C29,'센터 자재 사용내역(04월)'!F:F,"신규")+SUMIFS('센터 자재 사용내역(04월)'!G:G,'센터 자재 사용내역(04월)'!E:E,'사급자재 사용내역'!C29,'센터 자재 사용내역(04월)'!F:F,"교체") -> 0 | Q29: =SUMIFS('센터 자재 사용내역(05월)'!G:G,'센터 자재 사용내역(05월)'!E:E,'사급자재 사용내역'!C29,'센터 자재 사용내역(05월)'!F:F,"신규")+SUMIFS('센터 자재 사용내역(05월)'!G:G,'센터 자재 사용내역(05월)'!E:E,'사급자재 사용내역'!C29,'센터 자재 사용내역(05월)'!F:F,"교체") -> 0 | R29: =SUMIFS('센터 자재 사용내역(06월)'!G:G,'센터 자재 사용내역(06월)'!E:E,'사급자재 사용내역'!C29,'센터 자재 사용내역(06월)'!F:F,"신규")+SUMIFS('센터 자재 사용내역(06월)'!G:G,'센터 자재 사용내역(06월)'!E:E,'사급자재 사용내역'!C29,'센터 자재 사용내역(06월)'!F:F,"교체") -> 0 | S29: =SUMIFS('센터 자재 사용내역(07월)'!G:G,'센터 자재 사용내역(07월)'!E:E,'사급자재 사용내역'!C29,'센터 자재 사용내역(07월)'!F:F,"신규")+SUMIFS('센터 자재 사용내역(07월)'!G:G,'센터 자재 사용내역(07월)'!E:E,'사급자재 사용내역'!C29,'센터 자재 사용내역(07월)'!F:F,"교체") -> 0 | T29: =SUMIFS('센터 자재 사용내역(08월)'!G:G,'센터 자재 사용내역(08월)'!E:E,'사급자재 사용내역'!C29,'센터 자재 사용내역(08월)'!F:F,"신규")+SUMIFS('센터 자재 사용내역(08월)'!G:G,'센터 자재 사용내역(08월)'!E:E,'사급자재 사용내역'!C29,'센터 자재 사용내역(08월)'!F:F,"교체") -> 0 | U29: =SUMIFS('센터 자재 사용내역(09월)'!G:G,'센터 자재 사용내역(09월)'!E:E,'사급자재 사용내역'!C29,'센터 자재 사용내역(09월)'!F:F,"신규")+SUMIFS('센터 자재 사용내역(09월)'!G:G,'센터 자재 사용내역(09월)'!E:E,'사급자재 사용내역'!C29,'센터 자재 사용내역(09월)'!F:F,"교체") -> 0 | V29: =SUMIFS('센터 자재 사용내역(10월)'!G:G,'센터 자재 사용내역(10월)'!E:E,'사급자재 사용내역'!C29,'센터 자재 사용내역(10월)'!F:F,"신규")+SUMIFS('센터 자재 사용내역(10월)'!G:G,'센터 자재 사용내역(10월)'!E:E,'사급자재 사용내역'!C29,'센터 자재 사용내역(10월)'!F:F,"교체") -> 0 | W29: =SUMIFS('센터 자재 사용내역(11월)'!G:G,'센터 자재 사용내역(11월)'!E:E,'사급자재 사용내역'!C29,'센터 자재 사용내역(11월)'!F:F,"신규")+SUMIFS('센터 자재 사용내역(11월)'!G:G,'센터 자재 사용내역(11월)'!E:E,'사급자재 사용내역'!C29,'센터 자재 사용내역(11월)'!F:F,"교체") -> 0 | X29: =SUMIFS('센터 자재 사용내역(12월)'!G:G,'센터 자재 사용내역(12월)'!E:E,'사급자재 사용내역'!C29,'센터 자재 사용내역(12월)'!F:F,"신규")+SUMIFS('센터 자재 사용내역(12월)'!G:G,'센터 자재 사용내역(12월)'!E:E,'사급자재 사용내역'!C29,'센터 자재 사용내역(12월)'!F:F,"교체") -> 0 | Y29: =SUM(M29:X29) -> 0 | AN29: =SUM(AB29:AM29) -> 0 | AQ29: =SUMIFS('센터 자재 사용내역(01월)'!G:G,'센터 자재 사용내역(01월)'!E:E,'사급자재 사용내역'!C29,'센터 자재 사용내역(01월)'!F:F,"불량") -> 0 | AR29: =SUMIFS('센터 자재 사용내역(02월)'!G:G,'센터 자재 사용내역(02월)'!E:E,'사급자재 사용내역'!C29,'센터 자재 사용내역(02월)'!F:F,"불량") -> 0 | AS29: =SUMIFS('센터 자재 사용내역(03월)'!G:G,'센터 자재 사용내역(03월)'!E:E,'사급자재 사용내역'!C29,'센터 자재 사용내역(03월)'!F:F,"불량") -> 0 | AT29: =SUMIFS('센터 자재 사용내역(04월)'!G:G,'센터 자재 사용내역(04월)'!E:E,'사급자재 사용내역'!C29,'센터 자재 사용내역(04월)'!F:F,"불량") -> 0 | AU29: =SUMIFS('센터 자재 사용내역(05월)'!G:G,'센터 자재 사용내역(05월)'!E:E,'사급자재 사용내역'!C29,'센터 자재 사용내역(05월)'!F:F,"불량") -> 0 | AV29: =SUMIFS('센터 자재 사용내역(06월)'!G:G,'센터 자재 사용내역(06월)'!E:E,'사급자재 사용내역'!C29,'센터 자재 사용내역(06월)'!F:F,"불량") -> 0 | AW29: =SUMIFS('센터 자재 사용내역(07월)'!G:G,'센터 자재 사용내역(07월)'!E:E,'사급자재 사용내역'!C29,'센터 자재 사용내역(07월)'!F:F,"불량") -> 0 | AX29: =SUMIFS('센터 자재 사용내역(08월)'!G:G,'센터 자재 사용내역(08월)'!E:E,'사급자재 사용내역'!C29,'센터 자재 사용내역(08월)'!F:F,"불량") -> 0 | AY29: =SUMIFS('센터 자재 사용내역(09월)'!G:G,'센터 자재 사용내역(09월)'!E:E,'사급자재 사용내역'!C29,'센터 자재 사용내역(09월)'!F:F,"불량") -> 0 | AZ29: =SUMIFS('센터 자재 사용내역(10월)'!G:G,'센터 자재 사용내역(10월)'!E:E,'사급자재 사용내역'!C29,'센터 자재 사용내역(10월)'!F:F,"불량") -> 0 | BA29: =SUMIFS('센터 자재 사용내역(11월)'!G:G,'센터 자재 사용내역(11월)'!E:E,'사급자재 사용내역'!C29,'센터 자재 사용내역(11월)'!F:F,"불량") -> 0 | BB29: =SUMIFS('센터 자재 사용내역(12월)'!G:G,'센터 자재 사용내역(12월)'!E:E,'사급자재 사용내역'!C29,'센터 자재 사용내역(12월)'!F:F,"불량") -> 0 | BC29: =SUM(AQ29:BB29) -> 0
C30: 동양 - STBA-G402D | D30: EA | E30: 0 | F30: 6 | H30: 6 | I30: =(F30+BC30)-(G30+H30) -> 0 | J30: =Y30 -> 0 | K30: =AN30 -> 0 | L30: =E30-J30+K30 -> 0 | M30: =SUMIFS('센터 자재 사용내역(01월)'!G:G,'센터 자재 사용내역(01월)'!E:E,'사급자재 사용내역'!C30,'센터 자재 사용내역(01월)'!F:F,"신규")+SUMIFS('센터 자재 사용내역(01월)'!G:G,'센터 자재 사용내역(01월)'!E:E,'사급자재 사용내역'!C30,'센터 자재 사용내역(01월)'!F:F,"교체") -> 0 | N30: =SUMIFS('센터 자재 사용내역(02월)'!G:G,'센터 자재 사용내역(02월)'!E:E,'사급자재 사용내역'!C30,'센터 자재 사용내역(02월)'!F:F,"신규")+SUMIFS('센터 자재 사용내역(02월)'!G:G,'센터 자재 사용내역(02월)'!E:E,'사급자재 사용내역'!C30,'센터 자재 사용내역(02월)'!F:F,"교체") -> 0 | O30: =SUMIFS('센터 자재 사용내역(03월)'!G:G,'센터 자재 사용내역(03월)'!E:E,'사급자재 사용내역'!C30,'센터 자재 사용내역(03월)'!F:F,"신규")+SUMIFS('센터 자재 사용내역(03월)'!G:G,'센터 자재 사용내역(03월)'!E:E,'사급자재 사용내역'!C30,'센터 자재 사용내역(03월)'!F:F,"교체") -> 0 | P30: =SUMIFS('센터 자재 사용내역(04월)'!G:G,'센터 자재 사용내역(04월)'!E:E,'사급자재 사용내역'!C30,'센터 자재 사용내역(04월)'!F:F,"신규")+SUMIFS('센터 자재 사용내역(04월)'!G:G,'센터 자재 사용내역(04월)'!E:E,'사급자재 사용내역'!C30,'센터 자재 사용내역(04월)'!F:F,"교체") -> 0 | Q30: =SUMIFS('센터 자재 사용내역(05월)'!G:G,'센터 자재 사용내역(05월)'!E:E,'사급자재 사용내역'!C30,'센터 자재 사용내역(05월)'!F:F,"신규")+SUMIFS('센터 자재 사용내역(05월)'!G:G,'센터 자재 사용내역(05월)'!E:E,'사급자재 사용내역'!C30,'센터 자재 사용내역(05월)'!F:F,"교체") -> 0 | R30: =SUMIFS('센터 자재 사용내역(06월)'!G:G,'센터 자재 사용내역(06월)'!E:E,'사급자재 사용내역'!C30,'센터 자재 사용내역(06월)'!F:F,"신규")+SUMIFS('센터 자재 사용내역(06월)'!G:G,'센터 자재 사용내역(06월)'!E:E,'사급자재 사용내역'!C30,'센터 자재 사용내역(06월)'!F:F,"교체") -> 0 | S30: =SUMIFS('센터 자재 사용내역(07월)'!G:G,'센터 자재 사용내역(07월)'!E:E,'사급자재 사용내역'!C30,'센터 자재 사용내역(07월)'!F:F,"신규")+SUMIFS('센터 자재 사용내역(07월)'!G:G,'센터 자재 사용내역(07월)'!E:E,'사급자재 사용내역'!C30,'센터 자재 사용내역(07월)'!F:F,"교체") -> 0 | T30: =SUMIFS('센터 자재 사용내역(08월)'!G:G,'센터 자재 사용내역(08월)'!E:E,'사급자재 사용내역'!C30,'센터 자재 사용내역(08월)'!F:F,"신규")+SUMIFS('센터 자재 사용내역(08월)'!G:G,'센터 자재 사용내역(08월)'!E:E,'사급자재 사용내역'!C30,'센터 자재 사용내역(08월)'!F:F,"교체") -> 0 | U30: =SUMIFS('센터 자재 사용내역(09월)'!G:G,'센터 자재 사용내역(09월)'!E:E,'사급자재 사용내역'!C30,'센터 자재 사용내역(09월)'!F:F,"신규")+SUMIFS('센터 자재 사용내역(09월)'!G:G,'센터 자재 사용내역(09월)'!E:E,'사급자재 사용내역'!C30,'센터 자재 사용내역(09월)'!F:F,"교체") -> 0 | V30: =SUMIFS('센터 자재 사용내역(10월)'!G:G,'센터 자재 사용내역(10월)'!E:E,'사급자재 사용내역'!C30,'센터 자재 사용내역(10월)'!F:F,"신규")+SUMIFS('센터 자재 사용내역(10월)'!G:G,'센터 자재 사용내역(10월)'!E:E,'사급자재 사용내역'!C30,'센터 자재 사용내역(10월)'!F:F,"교체") -> 0 | W30: =SUMIFS('센터 자재 사용내역(11월)'!G:G,'센터 자재 사용내역(11월)'!E:E,'사급자재 사용내역'!C30,'센터 자재 사용내역(11월)'!F:F,"신규")+SUMIFS('센터 자재 사용내역(11월)'!G:G,'센터 자재 사용내역(11월)'!E:E,'사급자재 사용내역'!C30,'센터 자재 사용내역(11월)'!F:F,"교체") -> 0 | X30: =SUMIFS('센터 자재 사용내역(12월)'!G:G,'센터 자재 사용내역(12월)'!E:E,'사급자재 사용내역'!C30,'센터 자재 사용내역(12월)'!F:F,"신규")+SUMIFS('센터 자재 사용내역(12월)'!G:G,'센터 자재 사용내역(12월)'!E:E,'사급자재 사용내역'!C30,'센터 자재 사용내역(12월)'!F:F,"교체") -> 0 | Y30: =SUM(M30:X30) -> 0 | AN30: =SUM(AB30:AM30) -> 0 | AQ30: =SUMIFS('센터 자재 사용내역(01월)'!G:G,'센터 자재 사용내역(01월)'!E:E,'사급자재 사용내역'!C30,'센터 자재 사용내역(01월)'!F:F,"불량") -> 0 | AR30: =SUMIFS('센터 자재 사용내역(02월)'!G:G,'센터 자재 사용내역(02월)'!E:E,'사급자재 사용내역'!C30,'센터 자재 사용내역(02월)'!F:F,"불량") -> 0 | AS30: =SUMIFS('센터 자재 사용내역(03월)'!G:G,'센터 자재 사용내역(03월)'!E:E,'사급자재 사용내역'!C30,'센터 자재 사용내역(03월)'!F:F,"불량") -> 0 | AT30: =SUMIFS('센터 자재 사용내역(04월)'!G:G,'센터 자재 사용내역(04월)'!E:E,'사급자재 사용내역'!C30,'센터 자재 사용내역(04월)'!F:F,"불량") -> 0 | AU30: =SUMIFS('센터 자재 사용내역(05월)'!G:G,'센터 자재 사용내역(05월)'!E:E,'사급자재 사용내역'!C30,'센터 자재 사용내역(05월)'!F:F,"불량") -> 0 | AV30: =SUMIFS('센터 자재 사용내역(06월)'!G:G,'센터 자재 사용내역(06월)'!E:E,'사급자재 사용내역'!C30,'센터 자재 사용내역(06월)'!F:F,"불량") -> 0 | AW30: =SUMIFS('센터 자재 사용내역(07월)'!G:G,'센터 자재 사용내역(07월)'!E:E,'사급자재 사용내역'!C30,'센터 자재 사용내역(07월)'!F:F,"불량") -> 0 | AX30: =SUMIFS('센터 자재 사용내역(08월)'!G:G,'센터 자재 사용내역(08월)'!E:E,'사급자재 사용내역'!C30,'센터 자재 사용내역(08월)'!F:F,"불량") -> 0 | AY30: =SUMIFS('센터 자재 사용내역(09월)'!G:G,'센터 자재 사용내역(09월)'!E:E,'사급자재 사용내역'!C30,'센터 자재 사용내역(09월)'!F:F,"불량") -> 0 | AZ30: =SUMIFS('센터 자재 사용내역(10월)'!G:G,'센터 자재 사용내역(10월)'!E:E,'사급자재 사용내역'!C30,'센터 자재 사용내역(10월)'!F:F,"불량") -> 0 | BA30: =SUMIFS('센터 자재 사용내역(11월)'!G:G,'센터 자재 사용내역(11월)'!E:E,'사급자재 사용내역'!C30,'센터 자재 사용내역(11월)'!F:F,"불량") -> 0 | BB30: =SUMIFS('센터 자재 사용내역(12월)'!G:G,'센터 자재 사용내역(12월)'!E:E,'사급자재 사용내역'!C30,'센터 자재 사용내역(12월)'!F:F,"불량") -> 0 | BC30: =SUM(AQ30:BB30) -> 0
C31: 동양 - SDA-G403D | D31: EA | E31: 0 | F31: 4 | H31: 9 | I31: =(F31+BC31)-(G31+H31) -> 0 | J31: =Y31 -> 16 | K31: =AN31 -> 25 | L31: =E31-J31+K31 -> 9 | M31: =SUMIFS('센터 자재 사용내역(01월)'!G:G,'센터 자재 사용내역(01월)'!E:E,'사급자재 사용내역'!C31,'센터 자재 사용내역(01월)'!F:F,"신규")+SUMIFS('센터 자재 사용내역(01월)'!G:G,'센터 자재 사용내역(01월)'!E:E,'사급자재 사용내역'!C31,'센터 자재 사용내역(01월)'!F:F,"교체") -> 0 | N31: =SUMIFS('센터 자재 사용내역(02월)'!G:G,'센터 자재 사용내역(02월)'!E:E,'사급자재 사용내역'!C31,'센터 자재 사용내역(02월)'!F:F,"신규")+SUMIFS('센터 자재 사용내역(02월)'!G:G,'센터 자재 사용내역(02월)'!E:E,'사급자재 사용내역'!C31,'센터 자재 사용내역(02월)'!F:F,"교체") -> 0 | O31: =SUMIFS('센터 자재 사용내역(03월)'!G:G,'센터 자재 사용내역(03월)'!E:E,'사급자재 사용내역'!C31,'센터 자재 사용내역(03월)'!F:F,"신규")+SUMIFS('센터 자재 사용내역(03월)'!G:G,'센터 자재 사용내역(03월)'!E:E,'사급자재 사용내역'!C31,'센터 자재 사용내역(03월)'!F:F,"교체") -> 0 | P31: =SUMIFS('센터 자재 사용내역(04월)'!G:G,'센터 자재 사용내역(04월)'!E:E,'사급자재 사용내역'!C31,'센터 자재 사용내역(04월)'!F:F,"신규")+SUMIFS('센터 자재 사용내역(04월)'!G:G,'센터 자재 사용내역(04월)'!E:E,'사급자재 사용내역'!C31,'센터 자재 사용내역(04월)'!F:F,"교체") -> 0 | Q31: =SUMIFS('센터 자재 사용내역(05월)'!G:G,'센터 자재 사용내역(05월)'!E:E,'사급자재 사용내역'!C31,'센터 자재 사용내역(05월)'!F:F,"신규")+SUMIFS('센터 자재 사용내역(05월)'!G:G,'센터 자재 사용내역(05월)'!E:E,'사급자재 사용내역'!C31,'센터 자재 사용내역(05월)'!F:F,"교체") -> 5 | R31: =SUMIFS('센터 자재 사용내역(06월)'!G:G,'센터 자재 사용내역(06월)'!E:E,'사급자재 사용내역'!C31,'센터 자재 사용내역(06월)'!F:F,"신규")+SUMIFS('센터 자재 사용내역(06월)'!G:G,'센터 자재 사용내역(06월)'!E:E,'사급자재 사용내역'!C31,'센터 자재 사용내역(06월)'!F:F,"교체") -> 7 | S31: =SUMIFS('센터 자재 사용내역(07월)'!G:G,'센터 자재 사용내역(07월)'!E:E,'사급자재 사용내역'!C31,'센터 자재 사용내역(07월)'!F:F,"신규")+SUMIFS('센터 자재 사용내역(07월)'!G:G,'센터 자재 사용내역(07월)'!E:E,'사급자재 사용내역'!C31,'센터 자재 사용내역(07월)'!F:F,"교체") -> 3 | T31: =SUMIFS('센터 자재 사용내역(08월)'!G:G,'센터 자재 사용내역(08월)'!E:E,'사급자재 사용내역'!C31,'센터 자재 사용내역(08월)'!F:F,"신규")+SUMIFS('센터 자재 사용내역(08월)'!G:G,'센터 자재 사용내역(08월)'!E:E,'사급자재 사용내역'!C31,'센터 자재 사용내역(08월)'!F:F,"교체") -> 1 | U31: =SUMIFS('센터 자재 사용내역(09월)'!G:G,'센터 자재 사용내역(09월)'!E:E,'사급자재 사용내역'!C31,'센터 자재 사용내역(09월)'!F:F,"신규")+SUMIFS('센터 자재 사용내역(09월)'!G:G,'센터 자재 사용내역(09월)'!E:E,'사급자재 사용내역'!C31,'센터 자재 사용내역(09월)'!F:F,"교체") -> 0 | V31: =SUMIFS('센터 자재 사용내역(10월)'!G:G,'센터 자재 사용내역(10월)'!E:E,'사급자재 사용내역'!C31,'센터 자재 사용내역(10월)'!F:F,"신규")+SUMIFS('센터 자재 사용내역(10월)'!G:G,'센터 자재 사용내역(10월)'!E:E,'사급자재 사용내역'!C31,'센터 자재 사용내역(10월)'!F:F,"교체") -> 0 | W31: =SUMIFS('센터 자재 사용내역(11월)'!G:G,'센터 자재 사용내역(11월)'!E:E,'사급자재 사용내역'!C31,'센터 자재 사용내역(11월)'!F:F,"신규")+SUMIFS('센터 자재 사용내역(11월)'!G:G,'센터 자재 사용내역(11월)'!E:E,'사급자재 사용내역'!C31,'센터 자재 사용내역(11월)'!F:F,"교체") -> 0 | X31: =SUMIFS('센터 자재 사용내역(12월)'!G:G,'센터 자재 사용내역(12월)'!E:E,'사급자재 사용내역'!C31,'센터 자재 사용내역(12월)'!F:F,"신규")+SUMIFS('센터 자재 사용내역(12월)'!G:G,'센터 자재 사용내역(12월)'!E:E,'사급자재 사용내역'!C31,'센터 자재 사용내역(12월)'!F:F,"교체") -> 0 | Y31: =SUM(M31:X31) -> 16 | AF31: 8 | AG31: 4 | AH31: 3 | AI31: 10 | AN31: =SUM(AB31:AM31) -> 25 | AQ31: =SUMIFS('센터 자재 사용내역(01월)'!G:G,'센터 자재 사용내역(01월)'!E:E,'사급자재 사용내역'!C31,'센터 자재 사용내역(01월)'!F:F,"불량") -> 0 | AR31: =SUMIFS('센터 자재 사용내역(02월)'!G:G,'센터 자재 사용내역(02월)'!E:E,'사급자재 사용내역'!C31,'센터 자재 사용내역(02월)'!F:F,"불량") -> 1 | AS31: =SUMIFS('센터 자재 사용내역(03월)'!G:G,'센터 자재 사용내역(03월)'!E:E,'사급자재 사용내역'!C31,'센터 자재 사용내역(03월)'!F:F,"불량") -> 1 | AT31: =SUMIFS('센터 자재 사용내역(04월)'!G:G,'센터 자재 사용내역(04월)'!E:E,'사급자재 사용내역'!C31,'센터 자재 사용내역(04월)'!F:F,"불량") -> 2 | AU31: =SUMIFS('센터 자재 사용내역(05월)'!G:G,'센터 자재 사용내역(05월)'!E:E,'사급자재 사용내역'!C31,'센터 자재 사용내역(05월)'!F:F,"불량") -> 1 | AV31: =SUMIFS('센터 자재 사용내역(06월)'!G:G,'센터 자재 사용내역(06월)'!E:E,'사급자재 사용내역'!C31,'센터 자재 사용내역(06월)'!F:F,"불량") -> 0 | AW31: =SUMIFS('센터 자재 사용내역(07월)'!G:G,'센터 자재 사용내역(07월)'!E:E,'사급자재 사용내역'!C31,'센터 자재 사용내역(07월)'!F:F,"불량") -> 0 | AX31: =SUMIFS('센터 자재 사용내역(08월)'!G:G,'센터 자재 사용내역(08월)'!E:E,'사급자재 사용내역'!C31,'센터 자재 사용내역(08월)'!F:F,"불량") -> 0 | AY31: =SUMIFS('센터 자재 사용내역(09월)'!G:G,'센터 자재 사용내역(09월)'!E:E,'사급자재 사용내역'!C31,'센터 자재 사용내역(09월)'!F:F,"불량") -> 0 | AZ31: =SUMIFS('센터 자재 사용내역(10월)'!G:G,'센터 자재 사용내역(10월)'!E:E,'사급자재 사용내역'!C31,'센터 자재 사용내역(10월)'!F:F,"불량") -> 0 | BA31: =SUMIFS('센터 자재 사용내역(11월)'!G:G,'센터 자재 사용내역(11월)'!E:E,'사급자재 사용내역'!C31,'센터 자재 사용내역(11월)'!F:F,"불량") -> 0 | BB31: =SUMIFS('센터 자재 사용내역(12월)'!G:G,'센터 자재 사용내역(12월)'!E:E,'사급자재 사용내역'!C31,'센터 자재 사용내역(12월)'!F:F,"불량") -> 0 | BC31: =SUM(AQ31:BB31) -> 5
C32: 아리스 - BT100K | D32: EA | E32: 15 | F32: 0 | I32: =(F32+BC32)-(G32+H32) -> 0 | J32: =Y32 -> 0 | K32: =AN32 -> 0 | L32: =E32-J32+K32 -> 15 | M32: =SUMIFS('센터 자재 사용내역(01월)'!G:G,'센터 자재 사용내역(01월)'!E:E,'사급자재 사용내역'!C32,'센터 자재 사용내역(01월)'!F:F,"신규")+SUMIFS('센터 자재 사용내역(01월)'!G:G,'센터 자재 사용내역(01월)'!E:E,'사급자재 사용내역'!C32,'센터 자재 사용내역(01월)'!F:F,"교체") -> 0 | N32: =SUMIFS('센터 자재 사용내역(02월)'!G:G,'센터 자재 사용내역(02월)'!E:E,'사급자재 사용내역'!C32,'센터 자재 사용내역(02월)'!F:F,"신규")+SUMIFS('센터 자재 사용내역(02월)'!G:G,'센터 자재 사용내역(02월)'!E:E,'사급자재 사용내역'!C32,'센터 자재 사용내역(02월)'!F:F,"교체") -> 0 | O32: =SUMIFS('센터 자재 사용내역(03월)'!G:G,'센터 자재 사용내역(03월)'!E:E,'사급자재 사용내역'!C32,'센터 자재 사용내역(03월)'!F:F,"신규")+SUMIFS('센터 자재 사용내역(03월)'!G:G,'센터 자재 사용내역(03월)'!E:E,'사급자재 사용내역'!C32,'센터 자재 사용내역(03월)'!F:F,"교체") -> 0 | P32: =SUMIFS('센터 자재 사용내역(04월)'!G:G,'센터 자재 사용내역(04월)'!E:E,'사급자재 사용내역'!C32,'센터 자재 사용내역(04월)'!F:F,"신규")+SUMIFS('센터 자재 사용내역(04월)'!G:G,'센터 자재 사용내역(04월)'!E:E,'사급자재 사용내역'!C32,'센터 자재 사용내역(04월)'!F:F,"교체") -> 0 | Q32: =SUMIFS('센터 자재 사용내역(05월)'!G:G,'센터 자재 사용내역(05월)'!E:E,'사급자재 사용내역'!C32,'센터 자재 사용내역(05월)'!F:F,"신규")+SUMIFS('센터 자재 사용내역(05월)'!G:G,'센터 자재 사용내역(05월)'!E:E,'사급자재 사용내역'!C32,'센터 자재 사용내역(05월)'!F:F,"교체") -> 0 | R32: =SUMIFS('센터 자재 사용내역(06월)'!G:G,'센터 자재 사용내역(06월)'!E:E,'사급자재 사용내역'!C32,'센터 자재 사용내역(06월)'!F:F,"신규")+SUMIFS('센터 자재 사용내역(06월)'!G:G,'센터 자재 사용내역(06월)'!E:E,'사급자재 사용내역'!C32,'센터 자재 사용내역(06월)'!F:F,"교체") -> 0 | S32: =SUMIFS('센터 자재 사용내역(07월)'!G:G,'센터 자재 사용내역(07월)'!E:E,'사급자재 사용내역'!C32,'센터 자재 사용내역(07월)'!F:F,"신규")+SUMIFS('센터 자재 사용내역(07월)'!G:G,'센터 자재 사용내역(07월)'!E:E,'사급자재 사용내역'!C32,'센터 자재 사용내역(07월)'!F:F,"교체") -> 0 | T32: =SUMIFS('센터 자재 사용내역(08월)'!G:G,'센터 자재 사용내역(08월)'!E:E,'사급자재 사용내역'!C32,'센터 자재 사용내역(08월)'!F:F,"신규")+SUMIFS('센터 자재 사용내역(08월)'!G:G,'센터 자재 사용내역(08월)'!E:E,'사급자재 사용내역'!C32,'센터 자재 사용내역(08월)'!F:F,"교체") -> 0 | U32: =SUMIFS('센터 자재 사용내역(09월)'!G:G,'센터 자재 사용내역(09월)'!E:E,'사급자재 사용내역'!C32,'센터 자재 사용내역(09월)'!F:F,"신규")+SUMIFS('센터 자재 사용내역(09월)'!G:G,'센터 자재 사용내역(09월)'!E:E,'사급자재 사용내역'!C32,'센터 자재 사용내역(09월)'!F:F,"교체") -> 0 | V32: =SUMIFS('센터 자재 사용내역(10월)'!G:G,'센터 자재 사용내역(10월)'!E:E,'사급자재 사용내역'!C32,'센터 자재 사용내역(10월)'!F:F,"신규")+SUMIFS('센터 자재 사용내역(10월)'!G:G,'센터 자재 사용내역(10월)'!E:E,'사급자재 사용내역'!C32,'센터 자재 사용내역(10월)'!F:F,"교체") -> 0 | W32: =SUMIFS('센터 자재 사용내역(11월)'!G:G,'센터 자재 사용내역(11월)'!E:E,'사급자재 사용내역'!C32,'센터 자재 사용내역(11월)'!F:F,"신규")+SUMIFS('센터 자재 사용내역(11월)'!G:G,'센터 자재 사용내역(11월)'!E:E,'사급자재 사용내역'!C32,'센터 자재 사용내역(11월)'!F:F,"교체") -> 0 | X32: =SUMIFS('센터 자재 사용내역(12월)'!G:G,'센터 자재 사용내역(12월)'!E:E,'사급자재 사용내역'!C32,'센터 자재 사용내역(12월)'!F:F,"신규")+SUMIFS('센터 자재 사용내역(12월)'!G:G,'센터 자재 사용내역(12월)'!E:E,'사급자재 사용내역'!C32,'센터 자재 사용내역(12월)'!F:F,"교체") -> 0 | Y32: =SUM(M32:X32) -> 0 | AN32: =SUM(AB32:AM32) -> 0 | AQ32: =SUMIFS('센터 자재 사용내역(01월)'!G:G,'센터 자재 사용내역(01월)'!E:E,'사급자재 사용내역'!C32,'센터 자재 사용내역(01월)'!F:F,"불량") -> 0 | AR32: =SUMIFS('센터 자재 사용내역(02월)'!G:G,'센터 자재 사용내역(02월)'!E:E,'사급자재 사용내역'!C32,'센터 자재 사용내역(02월)'!F:F,"불량") -> 0 | AS32: =SUMIFS('센터 자재 사용내역(03월)'!G:G,'센터 자재 사용내역(03월)'!E:E,'사급자재 사용내역'!C32,'센터 자재 사용내역(03월)'!F:F,"불량") -> 0 | AT32: =SUMIFS('센터 자재 사용내역(04월)'!G:G,'센터 자재 사용내역(04월)'!E:E,'사급자재 사용내역'!C32,'센터 자재 사용내역(04월)'!F:F,"불량") -> 0 | AU32: =SUMIFS('센터 자재 사용내역(05월)'!G:G,'센터 자재 사용내역(05월)'!E:E,'사급자재 사용내역'!C32,'센터 자재 사용내역(05월)'!F:F,"불량") -> 0 | AV32: =SUMIFS('센터 자재 사용내역(06월)'!G:G,'센터 자재 사용내역(06월)'!E:E,'사급자재 사용내역'!C32,'센터 자재 사용내역(06월)'!F:F,"불량") -> 0 | AW32: =SUMIFS('센터 자재 사용내역(07월)'!G:G,'센터 자재 사용내역(07월)'!E:E,'사급자재 사용내역'!C32,'센터 자재 사용내역(07월)'!F:F,"불량") -> 0 | AX32: =SUMIFS('센터 자재 사용내역(08월)'!G:G,'센터 자재 사용내역(08월)'!E:E,'사급자재 사용내역'!C32,'센터 자재 사용내역(08월)'!F:F,"불량") -> 0 | AY32: =SUMIFS('센터 자재 사용내역(09월)'!G:G,'센터 자재 사용내역(09월)'!E:E,'사급자재 사용내역'!C32,'센터 자재 사용내역(09월)'!F:F,"불량") -> 0 | AZ32: =SUMIFS('센터 자재 사용내역(10월)'!G:G,'센터 자재 사용내역(10월)'!E:E,'사급자재 사용내역'!C32,'센터 자재 사용내역(10월)'!F:F,"불량") -> 0 | BA32: =SUMIFS('센터 자재 사용내역(11월)'!G:G,'센터 자재 사용내역(11월)'!E:E,'사급자재 사용내역'!C32,'센터 자재 사용내역(11월)'!F:F,"불량") -> 0 | BB32: =SUMIFS('센터 자재 사용내역(12월)'!G:G,'센터 자재 사용내역(12월)'!E:E,'사급자재 사용내역'!C32,'센터 자재 사용내역(12월)'!F:F,"불량") -> 0 | BC32: =SUM(AQ32:BB32) -> 0
C33: TBA_규격외 모델(870M) (철거자재) | D33: EA | E33: 0 | F33: 0 | H33: 1 | I33: =(F33+BC33)-(G33+H33) -> 1 | J33: =Y33 -> 0 | K33: =AN33 -> 0 | L33: =E33-J33+K33 -> 0 | M33: =SUMIFS('센터 자재 사용내역(01월)'!G:G,'센터 자재 사용내역(01월)'!E:E,'사급자재 사용내역'!C33,'센터 자재 사용내역(01월)'!F:F,"신규")+SUMIFS('센터 자재 사용내역(01월)'!G:G,'센터 자재 사용내역(01월)'!E:E,'사급자재 사용내역'!C33,'센터 자재 사용내역(01월)'!F:F,"교체") -> 0 | N33: =SUMIFS('센터 자재 사용내역(02월)'!G:G,'센터 자재 사용내역(02월)'!E:E,'사급자재 사용내역'!C33,'센터 자재 사용내역(02월)'!F:F,"신규")+SUMIFS('센터 자재 사용내역(02월)'!G:G,'센터 자재 사용내역(02월)'!E:E,'사급자재 사용내역'!C33,'센터 자재 사용내역(02월)'!F:F,"교체") -> 0 | O33: =SUMIFS('센터 자재 사용내역(03월)'!G:G,'센터 자재 사용내역(03월)'!E:E,'사급자재 사용내역'!C33,'센터 자재 사용내역(03월)'!F:F,"신규")+SUMIFS('센터 자재 사용내역(03월)'!G:G,'센터 자재 사용내역(03월)'!E:E,'사급자재 사용내역'!C33,'센터 자재 사용내역(03월)'!F:F,"교체") -> 0 | P33: =SUMIFS('센터 자재 사용내역(04월)'!G:G,'센터 자재 사용내역(04월)'!E:E,'사급자재 사용내역'!C33,'센터 자재 사용내역(04월)'!F:F,"신규")+SUMIFS('센터 자재 사용내역(04월)'!G:G,'센터 자재 사용내역(04월)'!E:E,'사급자재 사용내역'!C33,'센터 자재 사용내역(04월)'!F:F,"교체") -> 0 | Q33: =SUMIFS('센터 자재 사용내역(05월)'!G:G,'센터 자재 사용내역(05월)'!E:E,'사급자재 사용내역'!C33,'센터 자재 사용내역(05월)'!F:F,"신규")+SUMIFS('센터 자재 사용내역(05월)'!G:G,'센터 자재 사용내역(05월)'!E:E,'사급자재 사용내역'!C33,'센터 자재 사용내역(05월)'!F:F,"교체") -> 0 | R33: =SUMIFS('센터 자재 사용내역(06월)'!G:G,'센터 자재 사용내역(06월)'!E:E,'사급자재 사용내역'!C33,'센터 자재 사용내역(06월)'!F:F,"신규")+SUMIFS('센터 자재 사용내역(06월)'!G:G,'센터 자재 사용내역(06월)'!E:E,'사급자재 사용내역'!C33,'센터 자재 사용내역(06월)'!F:F,"교체") -> 0 | S33: =SUMIFS('센터 자재 사용내역(07월)'!G:G,'센터 자재 사용내역(07월)'!E:E,'사급자재 사용내역'!C33,'센터 자재 사용내역(07월)'!F:F,"신규")+SUMIFS('센터 자재 사용내역(07월)'!G:G,'센터 자재 사용내역(07월)'!E:E,'사급자재 사용내역'!C33,'센터 자재 사용내역(07월)'!F:F,"교체") -> 0 | T33: =SUMIFS('센터 자재 사용내역(08월)'!G:G,'센터 자재 사용내역(08월)'!E:E,'사급자재 사용내역'!C33,'센터 자재 사용내역(08월)'!F:F,"신규")+SUMIFS('센터 자재 사용내역(08월)'!G:G,'센터 자재 사용내역(08월)'!E:E,'사급자재 사용내역'!C33,'센터 자재 사용내역(08월)'!F:F,"교체") -> 0 | U33: =SUMIFS('센터 자재 사용내역(09월)'!G:G,'센터 자재 사용내역(09월)'!E:E,'사급자재 사용내역'!C33,'센터 자재 사용내역(09월)'!F:F,"신규")+SUMIFS('센터 자재 사용내역(09월)'!G:G,'센터 자재 사용내역(09월)'!E:E,'사급자재 사용내역'!C33,'센터 자재 사용내역(09월)'!F:F,"교체") -> 0 | V33: =SUMIFS('센터 자재 사용내역(10월)'!G:G,'센터 자재 사용내역(10월)'!E:E,'사급자재 사용내역'!C33,'센터 자재 사용내역(10월)'!F:F,"신규")+SUMIFS('센터 자재 사용내역(10월)'!G:G,'센터 자재 사용내역(10월)'!E:E,'사급자재 사용내역'!C33,'센터 자재 사용내역(10월)'!F:F,"교체") -> 0 | W33: =SUMIFS('센터 자재 사용내역(11월)'!G:G,'센터 자재 사용내역(11월)'!E:E,'사급자재 사용내역'!C33,'센터 자재 사용내역(11월)'!F:F,"신규")+SUMIFS('센터 자재 사용내역(11월)'!G:G,'센터 자재 사용내역(11월)'!E:E,'사급자재 사용내역'!C33,'센터 자재 사용내역(11월)'!F:F,"교체") -> 0 | X33: =SUMIFS('센터 자재 사용내역(12월)'!G:G,'센터 자재 사용내역(12월)'!E:E,'사급자재 사용내역'!C33,'센터 자재 사용내역(12월)'!F:F,"신규")+SUMIFS('센터 자재 사용내역(12월)'!G:G,'센터 자재 사용내역(12월)'!E:E,'사급자재 사용내역'!C33,'센터 자재 사용내역(12월)'!F:F,"교체") -> 0 | Y33: =SUM(M33:X33) -> 0 | AN33: =SUM(AB33:AM33) -> 0 | AQ33: =SUMIFS('센터 자재 사용내역(01월)'!G:G,'센터 자재 사용내역(01월)'!E:E,'사급자재 사용내역'!C33,'센터 자재 사용내역(01월)'!F:F,"불량") -> 0 | AR33: =SUMIFS('센터 자재 사용내역(02월)'!G:G,'센터 자재 사용내역(02월)'!E:E,'사급자재 사용내역'!C33,'센터 자재 사용내역(02월)'!F:F,"불량") -> 0 | AS33: =SUMIFS('센터 자재 사용내역(03월)'!G:G,'센터 자재 사용내역(03월)'!E:E,'사급자재 사용내역'!C33,'센터 자재 사용내역(03월)'!F:F,"불량") -> 0 | AT33: =SUMIFS('센터 자재 사용내역(04월)'!G:G,'센터 자재 사용내역(04월)'!E:E,'사급자재 사용내역'!C33,'센터 자재 사용내역(04월)'!F:F,"불량") -> 0 | AU33: =SUMIFS('센터 자재 사용내역(05월)'!G:G,'센터 자재 사용내역(05월)'!E:E,'사급자재 사용내역'!C33,'센터 자재 사용내역(05월)'!F:F,"불량") -> 1 | AV33: =SUMIFS('센터 자재 사용내역(06월)'!G:G,'센터 자재 사용내역(06월)'!E:E,'사급자재 사용내역'!C33,'센터 자재 사용내역(06월)'!F:F,"불량") -> 0 | AW33: =SUMIFS('센터 자재 사용내역(07월)'!G:G,'센터 자재 사용내역(07월)'!E:E,'사급자재 사용내역'!C33,'센터 자재 사용내역(07월)'!F:F,"불량") -> 0 | AX33: =SUMIFS('센터 자재 사용내역(08월)'!G:G,'센터 자재 사용내역(08월)'!E:E,'사급자재 사용내역'!C33,'센터 자재 사용내역(08월)'!F:F,"불량") -> 1 | AY33: =SUMIFS('센터 자재 사용내역(09월)'!G:G,'센터 자재 사용내역(09월)'!E:E,'사급자재 사용내역'!C33,'센터 자재 사용내역(09월)'!F:F,"불량") -> 0 | AZ33: =SUMIFS('센터 자재 사용내역(10월)'!G:G,'센터 자재 사용내역(10월)'!E:E,'사급자재 사용내역'!C33,'센터 자재 사용내역(10월)'!F:F,"불량") -> 0 | BA33: =SUMIFS('센터 자재 사용내역(11월)'!G:G,'센터 자재 사용내역(11월)'!E:E,'사급자재 사용내역'!C33,'센터 자재 사용내역(11월)'!F:F,"불량") -> 0 | BB33: =SUMIFS('센터 자재 사용내역(12월)'!G:G,'센터 자재 사용내역(12월)'!E:E,'사급자재 사용내역'!C33,'센터 자재 사용내역(12월)'!F:F,"불량") -> 0 | BC33: =SUM(AQ33:BB33) -> 2
B34: 구내증폭기 | C34: LCA-1030_1Ghz (저가형) | D34: EA | E34: 246 | F34: 11 | H34: 25 | I34: =(F34+BC34)-(G34+H34) -> 4 | J34: =Y34 -> 397 | K34: =AN34 -> 151 | L34: =E34-J34+K34 -> 0 | M34: =SUMIFS('센터 자재 사용내역(01월)'!G:G,'센터 자재 사용내역(01월)'!E:E,'사급자재 사용내역'!C34,'센터 자재 사용내역(01월)'!F:F,"신규")+SUMIFS('센터 자재 사용내역(01월)'!G:G,'센터 자재 사용내역(01월)'!E:E,'사급자재 사용내역'!C34,'센터 자재 사용내역(01월)'!F:F,"교체") -> 137 | N34: =SUMIFS('센터 자재 사용내역(02월)'!G:G,'센터 자재 사용내역(02월)'!E:E,'사급자재 사용내역'!C34,'센터 자재 사용내역(02월)'!F:F,"신규")+SUMIFS('센터 자재 사용내역(02월)'!G:G,'센터 자재 사용내역(02월)'!E:E,'사급자재 사용내역'!C34,'센터 자재 사용내역(02월)'!F:F,"교체") -> 59 | O34: =SUMIFS('센터 자재 사용내역(03월)'!G:G,'센터 자재 사용내역(03월)'!E:E,'사급자재 사용내역'!C34,'센터 자재 사용내역(03월)'!F:F,"신규")+SUMIFS('센터 자재 사용내역(03월)'!G:G,'센터 자재 사용내역(03월)'!E:E,'사급자재 사용내역'!C34,'센터 자재 사용내역(03월)'!F:F,"교체") -> 75 | P34: =SUMIFS('센터 자재 사용내역(04월)'!G:G,'센터 자재 사용내역(04월)'!E:E,'사급자재 사용내역'!C34,'센터 자재 사용내역(04월)'!F:F,"신규")+SUMIFS('센터 자재 사용내역(04월)'!G:G,'센터 자재 사용내역(04월)'!E:E,'사급자재 사용내역'!C34,'센터 자재 사용내역(04월)'!F:F,"교체") -> 32 | Q34: =SUMIFS('센터 자재 사용내역(05월)'!G:G,'센터 자재 사용내역(05월)'!E:E,'사급자재 사용내역'!C34,'센터 자재 사용내역(05월)'!F:F,"신규")+SUMIFS('센터 자재 사용내역(05월)'!G:G,'센터 자재 사용내역(05월)'!E:E,'사급자재 사용내역'!C34,'센터 자재 사용내역(05월)'!F:F,"교체") -> 35 | R34: =SUMIFS('센터 자재 사용내역(06월)'!G:G,'센터 자재 사용내역(06월)'!E:E,'사급자재 사용내역'!C34,'센터 자재 사용내역(06월)'!F:F,"신규")+SUMIFS('센터 자재 사용내역(06월)'!G:G,'센터 자재 사용내역(06월)'!E:E,'사급자재 사용내역'!C34,'센터 자재 사용내역(06월)'!F:F,"교체") -> 52 | S34: =SUMIFS('센터 자재 사용내역(07월)'!G:G,'센터 자재 사용내역(07월)'!E:E,'사급자재 사용내역'!C34,'센터 자재 사용내역(07월)'!F:F,"신규")+SUMIFS('센터 자재 사용내역(07월)'!G:G,'센터 자재 사용내역(07월)'!E:E,'사급자재 사용내역'!C34,'센터 자재 사용내역(07월)'!F:F,"교체") -> 7 | T34: =SUMIFS('센터 자재 사용내역(08월)'!G:G,'센터 자재 사용내역(08월)'!E:E,'사급자재 사용내역'!C34,'센터 자재 사용내역(08월)'!F:F,"신규")+SUMIFS('센터 자재 사용내역(08월)'!G:G,'센터 자재 사용내역(08월)'!E:E,'사급자재 사용내역'!C34,'센터 자재 사용내역(08월)'!F:F,"교체") -> 0 | U34: =SUMIFS('센터 자재 사용내역(09월)'!G:G,'센터 자재 사용내역(09월)'!E:E,'사급자재 사용내역'!C34,'센터 자재 사용내역(09월)'!F:F,"신규")+SUMIFS('센터 자재 사용내역(09월)'!G:G,'센터 자재 사용내역(09월)'!E:E,'사급자재 사용내역'!C34,'센터 자재 사용내역(09월)'!F:F,"교체") -> 0 | V34: =SUMIFS('센터 자재 사용내역(10월)'!G:G,'센터 자재 사용내역(10월)'!E:E,'사급자재 사용내역'!C34,'센터 자재 사용내역(10월)'!F:F,"신규")+SUMIFS('센터 자재 사용내역(10월)'!G:G,'센터 자재 사용내역(10월)'!E:E,'사급자재 사용내역'!C34,'센터 자재 사용내역(10월)'!F:F,"교체") -> 0 | W34: =SUMIFS('센터 자재 사용내역(11월)'!G:G,'센터 자재 사용내역(11월)'!E:E,'사급자재 사용내역'!C34,'센터 자재 사용내역(11월)'!F:F,"신규")+SUMIFS('센터 자재 사용내역(11월)'!G:G,'센터 자재 사용내역(11월)'!E:E,'사급자재 사용내역'!C34,'센터 자재 사용내역(11월)'!F:F,"교체") -> 0 | X34: =SUMIFS('센터 자재 사용내역(12월)'!G:G,'센터 자재 사용내역(12월)'!E:E,'사급자재 사용내역'!C34,'센터 자재 사용내역(12월)'!F:F,"신규")+SUMIFS('센터 자재 사용내역(12월)'!G:G,'센터 자재 사용내역(12월)'!E:E,'사급자재 사용내역'!C34,'센터 자재 사용내역(12월)'!F:F,"교체") -> 0 | Y34: =SUM(M34:X34) -> 397 | AB34: 104 | AC34: 47 | AN34: =SUM(AB34:AM34) -> 151 | AQ34: =SUMIFS('센터 자재 사용내역(01월)'!G:G,'센터 자재 사용내역(01월)'!E:E,'사급자재 사용내역'!C34,'센터 자재 사용내역(01월)'!F:F,"불량") -> 4 | AR34: =SUMIFS('센터 자재 사용내역(02월)'!G:G,'센터 자재 사용내역(02월)'!E:E,'사급자재 사용내역'!C34,'센터 자재 사용내역(02월)'!F:F,"불량") -> 4 | AS34: =SUMIFS('센터 자재 사용내역(03월)'!G:G,'센터 자재 사용내역(03월)'!E:E,'사급자재 사용내역'!C34,'센터 자재 사용내역(03월)'!F:F,"불량") -> 1 | AT34: =SUMIFS('센터 자재 사용내역(04월)'!G:G,'센터 자재 사용내역(04월)'!E:E,'사급자재 사용내역'!C34,'센터 자재 사용내역(04월)'!F:F,"불량") -> 1 | AU34: =SUMIFS('센터 자재 사용내역(05월)'!G:G,'센터 자재 사용내역(05월)'!E:E,'사급자재 사용내역'!C34,'센터 자재 사용내역(05월)'!F:F,"불량") -> 3 | AV34: =SUMIFS('센터 자재 사용내역(06월)'!G:G,'센터 자재 사용내역(06월)'!E:E,'사급자재 사용내역'!C34,'센터 자재 사용내역(06월)'!F:F,"불량") -> 1 | AW34: =SUMIFS('센터 자재 사용내역(07월)'!G:G,'센터 자재 사용내역(07월)'!E:E,'사급자재 사용내역'!C34,'센터 자재 사용내역(07월)'!F:F,"불량") -> 4 | AX34: =SUMIFS('센터 자재 사용내역(08월)'!G:G,'센터 자재 사용내역(08월)'!E:E,'사급자재 사용내역'!C34,'센터 자재 사용내역(08월)'!F:F,"불량") -> 0 | AY34: =SUMIFS('센터 자재 사용내역(09월)'!G:G,'센터 자재 사용내역(09월)'!E:E,'사급자재 사용내역'!C34,'센터 자재 사용내역(09월)'!F:F,"불량") -> 0 | AZ34: =SUMIFS('센터 자재 사용내역(10월)'!G:G,'센터 자재 사용내역(10월)'!E:E,'사급자재 사용내역'!C34,'센터 자재 사용내역(10월)'!F:F,"불량") -> 0 | BA34: =SUMIFS('센터 자재 사용내역(11월)'!G:G,'센터 자재 사용내역(11월)'!E:E,'사급자재 사용내역'!C34,'센터 자재 사용내역(11월)'!F:F,"불량") -> 0 | BB34: =SUMIFS('센터 자재 사용내역(12월)'!G:G,'센터 자재 사용내역(12월)'!E:E,'사급자재 사용내역'!C34,'센터 자재 사용내역(12월)'!F:F,"불량") -> 0 | BC34: =SUM(AQ34:BB34) -> 18
C35: CA-1030_1Ghz(동양) | D35: EA | E35: 157 | F35: 0 | I35: =(F35+BC35)-(G35+H35) -> 2 | J35: =Y35 -> 216 | K35: =AN35 -> 770 | L35: =E35-J35+K35 -> 711 | M35: =SUMIFS('센터 자재 사용내역(01월)'!G:G,'센터 자재 사용내역(01월)'!E:E,'사급자재 사용내역'!C35,'센터 자재 사용내역(01월)'!F:F,"신규")+SUMIFS('센터 자재 사용내역(01월)'!G:G,'센터 자재 사용내역(01월)'!E:E,'사급자재 사용내역'!C35,'센터 자재 사용내역(01월)'!F:F,"교체") -> 0 | N35: =SUMIFS('센터 자재 사용내역(02월)'!G:G,'센터 자재 사용내역(02월)'!E:E,'사급자재 사용내역'!C35,'센터 자재 사용내역(02월)'!F:F,"신규")+SUMIFS('센터 자재 사용내역(02월)'!G:G,'센터 자재 사용내역(02월)'!E:E,'사급자재 사용내역'!C35,'센터 자재 사용내역(02월)'!F:F,"교체") -> 0 | O35: =SUMIFS('센터 자재 사용내역(03월)'!G:G,'센터 자재 사용내역(03월)'!E:E,'사급자재 사용내역'!C35,'센터 자재 사용내역(03월)'!F:F,"신규")+SUMIFS('센터 자재 사용내역(03월)'!G:G,'센터 자재 사용내역(03월)'!E:E,'사급자재 사용내역'!C35,'센터 자재 사용내역(03월)'!F:F,"교체") -> 3 | P35: =SUMIFS('센터 자재 사용내역(04월)'!G:G,'센터 자재 사용내역(04월)'!E:E,'사급자재 사용내역'!C35,'센터 자재 사용내역(04월)'!F:F,"신규")+SUMIFS('센터 자재 사용내역(04월)'!G:G,'센터 자재 사용내역(04월)'!E:E,'사급자재 사용내역'!C35,'센터 자재 사용내역(04월)'!F:F,"교체") -> 26 | Q35: =SUMIFS('센터 자재 사용내역(05월)'!G:G,'센터 자재 사용내역(05월)'!E:E,'사급자재 사용내역'!C35,'센터 자재 사용내역(05월)'!F:F,"신규")+SUMIFS('센터 자재 사용내역(05월)'!G:G,'센터 자재 사용내역(05월)'!E:E,'사급자재 사용내역'!C35,'센터 자재 사용내역(05월)'!F:F,"교체") -> 27 | R35: =SUMIFS('센터 자재 사용내역(06월)'!G:G,'센터 자재 사용내역(06월)'!E:E,'사급자재 사용내역'!C35,'센터 자재 사용내역(06월)'!F:F,"신규")+SUMIFS('센터 자재 사용내역(06월)'!G:G,'센터 자재 사용내역(06월)'!E:E,'사급자재 사용내역'!C35,'센터 자재 사용내역(06월)'!F:F,"교체") -> 40 | S35: =SUMIFS('센터 자재 사용내역(07월)'!G:G,'센터 자재 사용내역(07월)'!E:E,'사급자재 사용내역'!C35,'센터 자재 사용내역(07월)'!F:F,"신규")+SUMIFS('센터 자재 사용내역(07월)'!G:G,'센터 자재 사용내역(07월)'!E:E,'사급자재 사용내역'!C35,'센터 자재 사용내역(07월)'!F:F,"교체") -> 81 | T35: =SUMIFS('센터 자재 사용내역(08월)'!G:G,'센터 자재 사용내역(08월)'!E:E,'사급자재 사용내역'!C35,'센터 자재 사용내역(08월)'!F:F,"신규")+SUMIFS('센터 자재 사용내역(08월)'!G:G,'센터 자재 사용내역(08월)'!E:E,'사급자재 사용내역'!C35,'센터 자재 사용내역(08월)'!F:F,"교체") -> 39 | U35: =SUMIFS('센터 자재 사용내역(09월)'!G:G,'센터 자재 사용내역(09월)'!E:E,'사급자재 사용내역'!C35,'센터 자재 사용내역(09월)'!F:F,"신규")+SUMIFS('센터 자재 사용내역(09월)'!G:G,'센터 자재 사용내역(09월)'!E:E,'사급자재 사용내역'!C35,'센터 자재 사용내역(09월)'!F:F,"교체") -> 0 | V35: =SUMIFS('센터 자재 사용내역(10월)'!G:G,'센터 자재 사용내역(10월)'!E:E,'사급자재 사용내역'!C35,'센터 자재 사용내역(10월)'!F:F,"신규")+SUMIFS('센터 자재 사용내역(10월)'!G:G,'센터 자재 사용내역(10월)'!E:E,'사급자재 사용내역'!C35,'센터 자재 사용내역(10월)'!F:F,"교체") -> 0 | W35: =SUMIFS('센터 자재 사용내역(11월)'!G:G,'센터 자재 사용내역(11월)'!E:E,'사급자재 사용내역'!C35,'센터 자재 사용내역(11월)'!F:F,"신규")+SUMIFS('센터 자재 사용내역(11월)'!G:G,'센터 자재 사용내역(11월)'!E:E,'사급자재 사용내역'!C35,'센터 자재 사용내역(11월)'!F:F,"교체") -> 0 | X35: =SUMIFS('센터 자재 사용내역(12월)'!G:G,'센터 자재 사용내역(12월)'!E:E,'사급자재 사용내역'!C35,'센터 자재 사용내역(12월)'!F:F,"신규")+SUMIFS('센터 자재 사용내역(12월)'!G:G,'센터 자재 사용내역(12월)'!E:E,'사급자재 사용내역'!C35,'센터 자재 사용내역(12월)'!F:F,"교체") -> 0 | Y35: =SUM(M35:X35) -> 216 | AD35: 70 | AE35: 40 | AF35: 40 | AG35: 70 | AH35: 550 | AN35: =SUM(AB35:AM35) -> 770 | AQ35: =SUMIFS('센터 자재 사용내역(01월)'!G:G,'센터 자재 사용내역(01월)'!E:E,'사급자재 사용내역'!C35,'센터 자재 사용내역(01월)'!F:F,"불량") -> 0 | AR35: =SUMIFS('센터 자재 사용내역(02월)'!G:G,'센터 자재 사용내역(02월)'!E:E,'사급자재 사용내역'!C35,'센터 자재 사용내역(02월)'!F:F,"불량") -> 0 | AS35: =SUMIFS('센터 자재 사용내역(03월)'!G:G,'센터 자재 사용내역(03월)'!E:E,'사급자재 사용내역'!C35,'센터 자재 사용내역(03월)'!F:F,"불량") -> 0 | AT35: =SUMIFS('센터 자재 사용내역(04월)'!G:G,'센터 자재 사용내역(04월)'!E:E,'사급자재 사용내역'!C35,'센터 자재 사용내역(04월)'!F:F,"불량") -> 0 | AU35: =SUMIFS('센터 자재 사용내역(05월)'!G:G,'센터 자재 사용내역(05월)'!E:E,'사급자재 사용내역'!C35,'센터 자재 사용내역(05월)'!F:F,"불량") -> 0 | AV35: =SUMIFS('센터 자재 사용내역(06월)'!G:G,'센터 자재 사용내역(06월)'!E:E,'사급자재 사용내역'!C35,'센터 자재 사용내역(06월)'!F:F,"불량") -> 0 | AW35: =SUMIFS('센터 자재 사용내역(07월)'!G:G,'센터 자재 사용내역(07월)'!E:E,'사급자재 사용내역'!C35,'센터 자재 사용내역(07월)'!F:F,"불량") -> 1 | AX35: =SUMIFS('센터 자재 사용내역(08월)'!G:G,'센터 자재 사용내역(08월)'!E:E,'사급자재 사용내역'!C35,'센터 자재 사용내역(08월)'!F:F,"불량") -> 1 | AY35: =SUMIFS('센터 자재 사용내역(09월)'!G:G,'센터 자재 사용내역(09월)'!E:E,'사급자재 사용내역'!C35,'센터 자재 사용내역(09월)'!F:F,"불량") -> 0 | AZ35: =SUMIFS('센터 자재 사용내역(10월)'!G:G,'센터 자재 사용내역(10월)'!E:E,'사급자재 사용내역'!C35,'센터 자재 사용내역(10월)'!F:F,"불량") -> 0 | BA35: =SUMIFS('센터 자재 사용내역(11월)'!G:G,'센터 자재 사용내역(11월)'!E:E,'사급자재 사용내역'!C35,'센터 자재 사용내역(11월)'!F:F,"불량") -> 0 | BB35: =SUMIFS('센터 자재 사용내역(12월)'!G:G,'센터 자재 사용내역(12월)'!E:E,'사급자재 사용내역'!C35,'센터 자재 사용내역(12월)'!F:F,"불량") -> 0 | BC35: =SUM(AQ35:BB35) -> 2
C36: CA-1030WSH(N)(동양) | D36: EA | E36: 0 | I36: =(F36+BC36)-(G36+H36) -> 0 | J36: =Y36 -> 42 | K36: =AN36 -> 130 | L36: =E36-J36+K36 -> 88 | M36: =SUMIFS('센터 자재 사용내역(01월)'!G:G,'센터 자재 사용내역(01월)'!E:E,'사급자재 사용내역'!C36,'센터 자재 사용내역(01월)'!F:F,"신규")+SUMIFS('센터 자재 사용내역(01월)'!G:G,'센터 자재 사용내역(01월)'!E:E,'사급자재 사용내역'!C36,'센터 자재 사용내역(01월)'!F:F,"교체") -> 0 | N36: =SUMIFS('센터 자재 사용내역(02월)'!G:G,'센터 자재 사용내역(02월)'!E:E,'사급자재 사용내역'!C36,'센터 자재 사용내역(02월)'!F:F,"신규")+SUMIFS('센터 자재 사용내역(02월)'!G:G,'센터 자재 사용내역(02월)'!E:E,'사급자재 사용내역'!C36,'센터 자재 사용내역(02월)'!F:F,"교체") -> 13 | O36: =SUMIFS('센터 자재 사용내역(03월)'!G:G,'센터 자재 사용내역(03월)'!E:E,'사급자재 사용내역'!C36,'센터 자재 사용내역(03월)'!F:F,"신규")+SUMIFS('센터 자재 사용내역(03월)'!G:G,'센터 자재 사용내역(03월)'!E:E,'사급자재 사용내역'!C36,'센터 자재 사용내역(03월)'!F:F,"교체") -> 0 | P36: =SUMIFS('센터 자재 사용내역(04월)'!G:G,'센터 자재 사용내역(04월)'!E:E,'사급자재 사용내역'!C36,'센터 자재 사용내역(04월)'!F:F,"신규")+SUMIFS('센터 자재 사용내역(04월)'!G:G,'센터 자재 사용내역(04월)'!E:E,'사급자재 사용내역'!C36,'센터 자재 사용내역(04월)'!F:F,"교체") -> 17 | Q36: =SUMIFS('센터 자재 사용내역(05월)'!G:G,'센터 자재 사용내역(05월)'!E:E,'사급자재 사용내역'!C36,'센터 자재 사용내역(05월)'!F:F,"신규")+SUMIFS('센터 자재 사용내역(05월)'!G:G,'센터 자재 사용내역(05월)'!E:E,'사급자재 사용내역'!C36,'센터 자재 사용내역(05월)'!F:F,"교체") -> 12 | R36: =SUMIFS('센터 자재 사용내역(06월)'!G:G,'센터 자재 사용내역(06월)'!E:E,'사급자재 사용내역'!C36,'센터 자재 사용내역(06월)'!F:F,"신규")+SUMIFS('센터 자재 사용내역(06월)'!G:G,'센터 자재 사용내역(06월)'!E:E,'사급자재 사용내역'!C36,'센터 자재 사용내역(06월)'!F:F,"교체") -> 0 | S36: =SUMIFS('센터 자재 사용내역(07월)'!G:G,'센터 자재 사용내역(07월)'!E:E,'사급자재 사용내역'!C36,'센터 자재 사용내역(07월)'!F:F,"신규")+SUMIFS('센터 자재 사용내역(07월)'!G:G,'센터 자재 사용내역(07월)'!E:E,'사급자재 사용내역'!C36,'센터 자재 사용내역(07월)'!F:F,"교체") -> 0 | T36: =SUMIFS('센터 자재 사용내역(08월)'!G:G,'센터 자재 사용내역(08월)'!E:E,'사급자재 사용내역'!C36,'센터 자재 사용내역(08월)'!F:F,"신규")+SUMIFS('센터 자재 사용내역(08월)'!G:G,'센터 자재 사용내역(08월)'!E:E,'사급자재 사용내역'!C36,'센터 자재 사용내역(08월)'!F:F,"교체") -> 0 | U36: =SUMIFS('센터 자재 사용내역(09월)'!G:G,'센터 자재 사용내역(09월)'!E:E,'사급자재 사용내역'!C36,'센터 자재 사용내역(09월)'!F:F,"신규")+SUMIFS('센터 자재 사용내역(09월)'!G:G,'센터 자재 사용내역(09월)'!E:E,'사급자재 사용내역'!C36,'센터 자재 사용내역(09월)'!F:F,"교체") -> 0 | V36: =SUMIFS('센터 자재 사용내역(10월)'!G:G,'센터 자재 사용내역(10월)'!E:E,'사급자재 사용내역'!C36,'센터 자재 사용내역(10월)'!F:F,"신규")+SUMIFS('센터 자재 사용내역(10월)'!G:G,'센터 자재 사용내역(10월)'!E:E,'사급자재 사용내역'!C36,'센터 자재 사용내역(10월)'!F:F,"교체") -> 0 | W36: =SUMIFS('센터 자재 사용내역(11월)'!G:G,'센터 자재 사용내역(11월)'!E:E,'사급자재 사용내역'!C36,'센터 자재 사용내역(11월)'!F:F,"신규")+SUMIFS('센터 자재 사용내역(11월)'!G:G,'센터 자재 사용내역(11월)'!E:E,'사급자재 사용내역'!C36,'센터 자재 사용내역(11월)'!F:F,"교체") -> 0 | X36: =SUMIFS('센터 자재 사용내역(12월)'!G:G,'센터 자재 사용내역(12월)'!E:E,'사급자재 사용내역'!C36,'센터 자재 사용내역(12월)'!F:F,"신규")+SUMIFS('센터 자재 사용내역(12월)'!G:G,'센터 자재 사용내역(12월)'!E:E,'사급자재 사용내역'!C36,'센터 자재 사용내역(12월)'!F:F,"교체") -> 0 | Y36: =SUM(M36:X36) -> 42 | AB36: 30 | AC36: 30 | AD36: 10 | AE36: 20 | AF36: 10 | AG36: 20 | AH36: 10 | AN36: =SUM(AB36:AM36) -> 130 | AQ36: =SUMIFS('센터 자재 사용내역(01월)'!G:G,'센터 자재 사용내역(01월)'!E:E,'사급자재 사용내역'!C36,'센터 자재 사용내역(01월)'!F:F,"불량") -> 0 | AR36: =SUMIFS('센터 자재 사용내역(02월)'!G:G,'센터 자재 사용내역(02월)'!E:E,'사급자재 사용내역'!C36,'센터 자재 사용내역(02월)'!F:F,"불량") -> 0 | AS36: =SUMIFS('센터 자재 사용내역(03월)'!G:G,'센터 자재 사용내역(03월)'!E:E,'사급자재 사용내역'!C36,'센터 자재 사용내역(03월)'!F:F,"불량") -> 0 | AT36: =SUMIFS('센터 자재 사용내역(04월)'!G:G,'센터 자재 사용내역(04월)'!E:E,'사급자재 사용내역'!C36,'센터 자재 사용내역(04월)'!F:F,"불량") -> 0 | AU36: =SUMIFS('센터 자재 사용내역(05월)'!G:G,'센터 자재 사용내역(05월)'!E:E,'사급자재 사용내역'!C36,'센터 자재 사용내역(05월)'!F:F,"불량") -> 0 | AV36: =SUMIFS('센터 자재 사용내역(06월)'!G:G,'센터 자재 사용내역(06월)'!E:E,'사급자재 사용내역'!C36,'센터 자재 사용내역(06월)'!F:F,"불량") -> 0 | AW36: =SUMIFS('센터 자재 사용내역(07월)'!G:G,'센터 자재 사용내역(07월)'!E:E,'사급자재 사용내역'!C36,'센터 자재 사용내역(07월)'!F:F,"불량") -> 0 | AX36: =SUMIFS('센터 자재 사용내역(08월)'!G:G,'센터 자재 사용내역(08월)'!E:E,'사급자재 사용내역'!C36,'센터 자재 사용내역(08월)'!F:F,"불량") -> 0 | AY36: =SUMIFS('센터 자재 사용내역(09월)'!G:G,'센터 자재 사용내역(09월)'!E:E,'사급자재 사용내역'!C36,'센터 자재 사용내역(09월)'!F:F,"불량") -> 0 | AZ36: =SUMIFS('센터 자재 사용내역(10월)'!G:G,'센터 자재 사용내역(10월)'!E:E,'사급자재 사용내역'!C36,'센터 자재 사용내역(10월)'!F:F,"불량") -> 0 | BA36: =SUMIFS('센터 자재 사용내역(11월)'!G:G,'센터 자재 사용내역(11월)'!E:E,'사급자재 사용내역'!C36,'센터 자재 사용내역(11월)'!F:F,"불량") -> 0 | BB36: =SUMIFS('센터 자재 사용내역(12월)'!G:G,'센터 자재 사용내역(12월)'!E:E,'사급자재 사용내역'!C36,'센터 자재 사용내역(12월)'!F:F,"불량") -> 0 | BC36: =SUM(AQ36:BB36) -> 0
C37: CA-G35P-고급형 | D37: EA | E37: 0 | F37: 40 | H37: 194 | I37: =(F37+BC37)-(G37+H37) -> 10 | J37: =Y37 -> 0 | K37: =AN37 -> 0 | L37: =E37-J37+K37 -> 0 | M37: =SUMIFS('센터 자재 사용내역(01월)'!G:G,'센터 자재 사용내역(01월)'!E:E,'사급자재 사용내역'!C37,'센터 자재 사용내역(01월)'!F:F,"신규")+SUMIFS('센터 자재 사용내역(01월)'!G:G,'센터 자재 사용내역(01월)'!E:E,'사급자재 사용내역'!C37,'센터 자재 사용내역(01월)'!F:F,"교체") -> 0 | N37: =SUMIFS('센터 자재 사용내역(02월)'!G:G,'센터 자재 사용내역(02월)'!E:E,'사급자재 사용내역'!C37,'센터 자재 사용내역(02월)'!F:F,"신규")+SUMIFS('센터 자재 사용내역(02월)'!G:G,'센터 자재 사용내역(02월)'!E:E,'사급자재 사용내역'!C37,'센터 자재 사용내역(02월)'!F:F,"교체") -> 0 | O37: =SUMIFS('센터 자재 사용내역(03월)'!G:G,'센터 자재 사용내역(03월)'!E:E,'사급자재 사용내역'!C37,'센터 자재 사용내역(03월)'!F:F,"신규")+SUMIFS('센터 자재 사용내역(03월)'!G:G,'센터 자재 사용내역(03월)'!E:E,'사급자재 사용내역'!C37,'센터 자재 사용내역(03월)'!F:F,"교체") -> 0 | P37: =SUMIFS('센터 자재 사용내역(04월)'!G:G,'센터 자재 사용내역(04월)'!E:E,'사급자재 사용내역'!C37,'센터 자재 사용내역(04월)'!F:F,"신규")+SUMIFS('센터 자재 사용내역(04월)'!G:G,'센터 자재 사용내역(04월)'!E:E,'사급자재 사용내역'!C37,'센터 자재 사용내역(04월)'!F:F,"교체") -> 0 | Q37: =SUMIFS('센터 자재 사용내역(05월)'!G:G,'센터 자재 사용내역(05월)'!E:E,'사급자재 사용내역'!C37,'센터 자재 사용내역(05월)'!F:F,"신규")+SUMIFS('센터 자재 사용내역(05월)'!G:G,'센터 자재 사용내역(05월)'!E:E,'사급자재 사용내역'!C37,'센터 자재 사용내역(05월)'!F:F,"교체") -> 0 | R37: =SUMIFS('센터 자재 사용내역(06월)'!G:G,'센터 자재 사용내역(06월)'!E:E,'사급자재 사용내역'!C37,'센터 자재 사용내역(06월)'!F:F,"신규")+SUMIFS('센터 자재 사용내역(06월)'!G:G,'센터 자재 사용내역(06월)'!E:E,'사급자재 사용내역'!C37,'센터 자재 사용내역(06월)'!F:F,"교체") -> 0 | S37: =SUMIFS('센터 자재 사용내역(07월)'!G:G,'센터 자재 사용내역(07월)'!E:E,'사급자재 사용내역'!C37,'센터 자재 사용내역(07월)'!F:F,"신규")+SUMIFS('센터 자재 사용내역(07월)'!G:G,'센터 자재 사용내역(07월)'!E:E,'사급자재 사용내역'!C37,'센터 자재 사용내역(07월)'!F:F,"교체") -> 0 | T37: =SUMIFS('센터 자재 사용내역(08월)'!G:G,'센터 자재 사용내역(08월)'!E:E,'사급자재 사용내역'!C37,'센터 자재 사용내역(08월)'!F:F,"신규")+SUMIFS('센터 자재 사용내역(08월)'!G:G,'센터 자재 사용내역(08월)'!E:E,'사급자재 사용내역'!C37,'센터 자재 사용내역(08월)'!F:F,"교체") -> 0 | U37: =SUMIFS('센터 자재 사용내역(09월)'!G:G,'센터 자재 사용내역(09월)'!E:E,'사급자재 사용내역'!C37,'센터 자재 사용내역(09월)'!F:F,"신규")+SUMIFS('센터 자재 사용내역(09월)'!G:G,'센터 자재 사용내역(09월)'!E:E,'사급자재 사용내역'!C37,'센터 자재 사용내역(09월)'!F:F,"교체") -> 0 | V37: =SUMIFS('센터 자재 사용내역(10월)'!G:G,'센터 자재 사용내역(10월)'!E:E,'사급자재 사용내역'!C37,'센터 자재 사용내역(10월)'!F:F,"신규")+SUMIFS('센터 자재 사용내역(10월)'!G:G,'센터 자재 사용내역(10월)'!E:E,'사급자재 사용내역'!C37,'센터 자재 사용내역(10월)'!F:F,"교체") -> 0 | W37: =SUMIFS('센터 자재 사용내역(11월)'!G:G,'센터 자재 사용내역(11월)'!E:E,'사급자재 사용내역'!C37,'센터 자재 사용내역(11월)'!F:F,"신규")+SUMIFS('센터 자재 사용내역(11월)'!G:G,'센터 자재 사용내역(11월)'!E:E,'사급자재 사용내역'!C37,'센터 자재 사용내역(11월)'!F:F,"교체") -> 0 | X37: =SUMIFS('센터 자재 사용내역(12월)'!G:G,'센터 자재 사용내역(12월)'!E:E,'사급자재 사용내역'!C37,'센터 자재 사용내역(12월)'!F:F,"신규")+SUMIFS('센터 자재 사용내역(12월)'!G:G,'센터 자재 사용내역(12월)'!E:E,'사급자재 사용내역'!C37,'센터 자재 사용내역(12월)'!F:F,"교체") -> 0 | Y37: =SUM(M37:X37) -> 0 | AN37: =SUM(AB37:AM37) -> 0 | AQ37: =SUMIFS('센터 자재 사용내역(01월)'!G:G,'센터 자재 사용내역(01월)'!E:E,'사급자재 사용내역'!C37,'센터 자재 사용내역(01월)'!F:F,"불량") -> 23 | AR37: =SUMIFS('센터 자재 사용내역(02월)'!G:G,'센터 자재 사용내역(02월)'!E:E,'사급자재 사용내역'!C37,'센터 자재 사용내역(02월)'!F:F,"불량") -> 18 | AS37: =SUMIFS('센터 자재 사용내역(03월)'!G:G,'센터 자재 사용내역(03월)'!E:E,'사급자재 사용내역'!C37,'센터 자재 사용내역(03월)'!F:F,"불량") -> 38 | AT37: =SUMIFS('센터 자재 사용내역(04월)'!G:G,'센터 자재 사용내역(04월)'!E:E,'사급자재 사용내역'!C37,'센터 자재 사용내역(04월)'!F:F,"불량") -> 15 | AU37: =SUMIFS('센터 자재 사용내역(05월)'!G:G,'센터 자재 사용내역(05월)'!E:E,'사급자재 사용내역'!C37,'센터 자재 사용내역(05월)'!F:F,"불량") -> 20 | AV37: =SUMIFS('센터 자재 사용내역(06월)'!G:G,'센터 자재 사용내역(06월)'!E:E,'사급자재 사용내역'!C37,'센터 자재 사용내역(06월)'!F:F,"불량") -> 40 | AW37: =SUMIFS('센터 자재 사용내역(07월)'!G:G,'센터 자재 사용내역(07월)'!E:E,'사급자재 사용내역'!C37,'센터 자재 사용내역(07월)'!F:F,"불량") -> 7 | AX37: =SUMIFS('센터 자재 사용내역(08월)'!G:G,'센터 자재 사용내역(08월)'!E:E,'사급자재 사용내역'!C37,'센터 자재 사용내역(08월)'!F:F,"불량") -> 3 | AY37: =SUMIFS('센터 자재 사용내역(09월)'!G:G,'센터 자재 사용내역(09월)'!E:E,'사급자재 사용내역'!C37,'센터 자재 사용내역(09월)'!F:F,"불량") -> 0 | AZ37: =SUMIFS('센터 자재 사용내역(10월)'!G:G,'센터 자재 사용내역(10월)'!E:E,'사급자재 사용내역'!C37,'센터 자재 사용내역(10월)'!F:F,"불량") -> 0 | BA37: =SUMIFS('센터 자재 사용내역(11월)'!G:G,'센터 자재 사용내역(11월)'!E:E,'사급자재 사용내역'!C37,'센터 자재 사용내역(11월)'!F:F,"불량") -> 0 | BB37: =SUMIFS('센터 자재 사용내역(12월)'!G:G,'센터 자재 사용내역(12월)'!E:E,'사급자재 사용내역'!C37,'센터 자재 사용내역(12월)'!F:F,"불량") -> 0 | BC37: =SUM(AQ37:BB37) -> 164
C38: 구내증폭기(철거자재) | D38: EA | E38: 0 | F38: 68 | H38: 326 | I38: =(F38+BC38)-(G38+H38) -> 63 | J38: =Y38 -> 0 | K38: =AN38 -> 0 | L38: =E38-J38+K38 -> 0 | M38: =SUMIFS('센터 자재 사용내역(01월)'!G:G,'센터 자재 사용내역(01월)'!E:E,'사급자재 사용내역'!C38,'센터 자재 사용내역(01월)'!F:F,"신규")+SUMIFS('센터 자재 사용내역(01월)'!G:G,'센터 자재 사용내역(01월)'!E:E,'사급자재 사용내역'!C38,'센터 자재 사용내역(01월)'!F:F,"교체") -> 0 | N38: =SUMIFS('센터 자재 사용내역(02월)'!G:G,'센터 자재 사용내역(02월)'!E:E,'사급자재 사용내역'!C38,'센터 자재 사용내역(02월)'!F:F,"신규")+SUMIFS('센터 자재 사용내역(02월)'!G:G,'센터 자재 사용내역(02월)'!E:E,'사급자재 사용내역'!C38,'센터 자재 사용내역(02월)'!F:F,"교체") -> 0 | O38: =SUMIFS('센터 자재 사용내역(03월)'!G:G,'센터 자재 사용내역(03월)'!E:E,'사급자재 사용내역'!C38,'센터 자재 사용내역(03월)'!F:F,"신규")+SUMIFS('센터 자재 사용내역(03월)'!G:G,'센터 자재 사용내역(03월)'!E:E,'사급자재 사용내역'!C38,'센터 자재 사용내역(03월)'!F:F,"교체") -> 0 | P38: =SUMIFS('센터 자재 사용내역(04월)'!G:G,'센터 자재 사용내역(04월)'!E:E,'사급자재 사용내역'!C38,'센터 자재 사용내역(04월)'!F:F,"신규")+SUMIFS('센터 자재 사용내역(04월)'!G:G,'센터 자재 사용내역(04월)'!E:E,'사급자재 사용내역'!C38,'센터 자재 사용내역(04월)'!F:F,"교체") -> 0 | Q38: =SUMIFS('센터 자재 사용내역(05월)'!G:G,'센터 자재 사용내역(05월)'!E:E,'사급자재 사용내역'!C38,'센터 자재 사용내역(05월)'!F:F,"신규")+SUMIFS('센터 자재 사용내역(05월)'!G:G,'센터 자재 사용내역(05월)'!E:E,'사급자재 사용내역'!C38,'센터 자재 사용내역(05월)'!F:F,"교체") -> 0 | R38: =SUMIFS('센터 자재 사용내역(06월)'!G:G,'센터 자재 사용내역(06월)'!E:E,'사급자재 사용내역'!C38,'센터 자재 사용내역(06월)'!F:F,"신규")+SUMIFS('센터 자재 사용내역(06월)'!G:G,'센터 자재 사용내역(06월)'!E:E,'사급자재 사용내역'!C38,'센터 자재 사용내역(06월)'!F:F,"교체") -> 0 | S38: =SUMIFS('센터 자재 사용내역(07월)'!G:G,'센터 자재 사용내역(07월)'!E:E,'사급자재 사용내역'!C38,'센터 자재 사용내역(07월)'!F:F,"신규")+SUMIFS('센터 자재 사용내역(07월)'!G:G,'센터 자재 사용내역(07월)'!E:E,'사급자재 사용내역'!C38,'센터 자재 사용내역(07월)'!F:F,"교체") -> 0 | T38: =SUMIFS('센터 자재 사용내역(08월)'!G:G,'센터 자재 사용내역(08월)'!E:E,'사급자재 사용내역'!C38,'센터 자재 사용내역(08월)'!F:F,"신규")+SUMIFS('센터 자재 사용내역(08월)'!G:G,'센터 자재 사용내역(08월)'!E:E,'사급자재 사용내역'!C38,'센터 자재 사용내역(08월)'!F:F,"교체") -> 0 | U38: =SUMIFS('센터 자재 사용내역(09월)'!G:G,'센터 자재 사용내역(09월)'!E:E,'사급자재 사용내역'!C38,'센터 자재 사용내역(09월)'!F:F,"신규")+SUMIFS('센터 자재 사용내역(09월)'!G:G,'센터 자재 사용내역(09월)'!E:E,'사급자재 사용내역'!C38,'센터 자재 사용내역(09월)'!F:F,"교체") -> 0 | V38: =SUMIFS('센터 자재 사용내역(10월)'!G:G,'센터 자재 사용내역(10월)'!E:E,'사급자재 사용내역'!C38,'센터 자재 사용내역(10월)'!F:F,"신규")+SUMIFS('센터 자재 사용내역(10월)'!G:G,'센터 자재 사용내역(10월)'!E:E,'사급자재 사용내역'!C38,'센터 자재 사용내역(10월)'!F:F,"교체") -> 0 | W38: =SUMIFS('센터 자재 사용내역(11월)'!G:G,'센터 자재 사용내역(11월)'!E:E,'사급자재 사용내역'!C38,'센터 자재 사용내역(11월)'!F:F,"신규")+SUMIFS('센터 자재 사용내역(11월)'!G:G,'센터 자재 사용내역(11월)'!E:E,'사급자재 사용내역'!C38,'센터 자재 사용내역(11월)'!F:F,"교체") -> 0 | X38: =SUMIFS('센터 자재 사용내역(12월)'!G:G,'센터 자재 사용내역(12월)'!E:E,'사급자재 사용내역'!C38,'센터 자재 사용내역(12월)'!F:F,"신규")+SUMIFS('센터 자재 사용내역(12월)'!G:G,'센터 자재 사용내역(12월)'!E:E,'사급자재 사용내역'!C38,'센터 자재 사용내역(12월)'!F:F,"교체") -> 0 | Y38: =SUM(M38:X38) -> 0 | AN38: =SUM(AB38:AM38) -> 0 | AQ38: =SUMIFS('센터 자재 사용내역(01월)'!G:G,'센터 자재 사용내역(01월)'!E:E,'사급자재 사용내역'!C38,'센터 자재 사용내역(01월)'!F:F,"불량") -> 48 | AR38: =SUMIFS('센터 자재 사용내역(02월)'!G:G,'센터 자재 사용내역(02월)'!E:E,'사급자재 사용내역'!C38,'센터 자재 사용내역(02월)'!F:F,"불량") -> 30 | AS38: =SUMIFS('센터 자재 사용내역(03월)'!G:G,'센터 자재 사용내역(03월)'!E:E,'사급자재 사용내역'!C38,'센터 자재 사용내역(03월)'!F:F,"불량") -> 35 | AT38: =SUMIFS('센터 자재 사용내역(04월)'!G:G,'센터 자재 사용내역(04월)'!E:E,'사급자재 사용내역'!C38,'센터 자재 사용내역(04월)'!F:F,"불량") -> 54 | AU38: =SUMIFS('센터 자재 사용내역(05월)'!G:G,'센터 자재 사용내역(05월)'!E:E,'사급자재 사용내역'!C38,'센터 자재 사용내역(05월)'!F:F,"불량") -> 46 | AV38: =SUMIFS('센터 자재 사용내역(06월)'!G:G,'센터 자재 사용내역(06월)'!E:E,'사급자재 사용내역'!C38,'센터 자재 사용내역(06월)'!F:F,"불량") -> 45 | AW38: =SUMIFS('센터 자재 사용내역(07월)'!G:G,'센터 자재 사용내역(07월)'!E:E,'사급자재 사용내역'!C38,'센터 자재 사용내역(07월)'!F:F,"불량") -> 30 | AX38: =SUMIFS('센터 자재 사용내역(08월)'!G:G,'센터 자재 사용내역(08월)'!E:E,'사급자재 사용내역'!C38,'센터 자재 사용내역(08월)'!F:F,"불량") -> 33 | AY38: =SUMIFS('센터 자재 사용내역(09월)'!G:G,'센터 자재 사용내역(09월)'!E:E,'사급자재 사용내역'!C38,'센터 자재 사용내역(09월)'!F:F,"불량") -> 0 | AZ38: =SUMIFS('센터 자재 사용내역(10월)'!G:G,'센터 자재 사용내역(10월)'!E:E,'사급자재 사용내역'!C38,'센터 자재 사용내역(10월)'!F:F,"불량") -> 0 | BA38: =SUMIFS('센터 자재 사용내역(11월)'!G:G,'센터 자재 사용내역(11월)'!E:E,'사급자재 사용내역'!C38,'센터 자재 사용내역(11월)'!F:F,"불량") -> 0 | BB38: =SUMIFS('센터 자재 사용내역(12월)'!G:G,'센터 자재 사용내역(12월)'!E:E,'사급자재 사용내역'!C38,'센터 자재 사용내역(12월)'!F:F,"불량") -> 0 | BC38: =SUM(AQ38:BB38) -> 321
B39: 연장증폭기 | C39: 모토로라 - BLE-100K | D39: EA | E39: 0 | F39: 18 | H39: 15 | I39: =(F39+BC39)-(G39+H39) -> 16 | J39: =Y39 -> 9 | K39: =AN39 -> 17 | L39: =E39-J39+K39 -> 8 | M39: =SUMIFS('센터 자재 사용내역(01월)'!G:G,'센터 자재 사용내역(01월)'!E:E,'사급자재 사용내역'!C39,'센터 자재 사용내역(01월)'!F:F,"신규")+SUMIFS('센터 자재 사용내역(01월)'!G:G,'센터 자재 사용내역(01월)'!E:E,'사급자재 사용내역'!C39,'센터 자재 사용내역(01월)'!F:F,"교체") -> 0 | N39: =SUMIFS('센터 자재 사용내역(02월)'!G:G,'센터 자재 사용내역(02월)'!E:E,'사급자재 사용내역'!C39,'센터 자재 사용내역(02월)'!F:F,"신규")+SUMIFS('센터 자재 사용내역(02월)'!G:G,'센터 자재 사용내역(02월)'!E:E,'사급자재 사용내역'!C39,'센터 자재 사용내역(02월)'!F:F,"교체") -> 1 | O39: =SUMIFS('센터 자재 사용내역(03월)'!G:G,'센터 자재 사용내역(03월)'!E:E,'사급자재 사용내역'!C39,'센터 자재 사용내역(03월)'!F:F,"신규")+SUMIFS('센터 자재 사용내역(03월)'!G:G,'센터 자재 사용내역(03월)'!E:E,'사급자재 사용내역'!C39,'센터 자재 사용내역(03월)'!F:F,"교체") -> 2 | P39: =SUMIFS('센터 자재 사용내역(04월)'!G:G,'센터 자재 사용내역(04월)'!E:E,'사급자재 사용내역'!C39,'센터 자재 사용내역(04월)'!F:F,"신규")+SUMIFS('센터 자재 사용내역(04월)'!G:G,'센터 자재 사용내역(04월)'!E:E,'사급자재 사용내역'!C39,'센터 자재 사용내역(04월)'!F:F,"교체") -> 1 | Q39: =SUMIFS('센터 자재 사용내역(05월)'!G:G,'센터 자재 사용내역(05월)'!E:E,'사급자재 사용내역'!C39,'센터 자재 사용내역(05월)'!F:F,"신규")+SUMIFS('센터 자재 사용내역(05월)'!G:G,'센터 자재 사용내역(05월)'!E:E,'사급자재 사용내역'!C39,'센터 자재 사용내역(05월)'!F:F,"교체") -> 1 | R39: =SUMIFS('센터 자재 사용내역(06월)'!G:G,'센터 자재 사용내역(06월)'!E:E,'사급자재 사용내역'!C39,'센터 자재 사용내역(06월)'!F:F,"신규")+SUMIFS('센터 자재 사용내역(06월)'!G:G,'센터 자재 사용내역(06월)'!E:E,'사급자재 사용내역'!C39,'센터 자재 사용내역(06월)'!F:F,"교체") -> 3 | S39: =SUMIFS('센터 자재 사용내역(07월)'!G:G,'센터 자재 사용내역(07월)'!E:E,'사급자재 사용내역'!C39,'센터 자재 사용내역(07월)'!F:F,"신규")+SUMIFS('센터 자재 사용내역(07월)'!G:G,'센터 자재 사용내역(07월)'!E:E,'사급자재 사용내역'!C39,'센터 자재 사용내역(07월)'!F:F,"교체") -> 1 | T39: =SUMIFS('센터 자재 사용내역(08월)'!G:G,'센터 자재 사용내역(08월)'!E:E,'사급자재 사용내역'!C39,'센터 자재 사용내역(08월)'!F:F,"신규")+SUMIFS('센터 자재 사용내역(08월)'!G:G,'센터 자재 사용내역(08월)'!E:E,'사급자재 사용내역'!C39,'센터 자재 사용내역(08월)'!F:F,"교체") -> 0 | U39: =SUMIFS('센터 자재 사용내역(09월)'!G:G,'센터 자재 사용내역(09월)'!E:E,'사급자재 사용내역'!C39,'센터 자재 사용내역(09월)'!F:F,"신규")+SUMIFS('센터 자재 사용내역(09월)'!G:G,'센터 자재 사용내역(09월)'!E:E,'사급자재 사용내역'!C39,'센터 자재 사용내역(09월)'!F:F,"교체") -> 0 | V39: =SUMIFS('센터 자재 사용내역(10월)'!G:G,'센터 자재 사용내역(10월)'!E:E,'사급자재 사용내역'!C39,'센터 자재 사용내역(10월)'!F:F,"신규")+SUMIFS('센터 자재 사용내역(10월)'!G:G,'센터 자재 사용내역(10월)'!E:E,'사급자재 사용내역'!C39,'센터 자재 사용내역(10월)'!F:F,"교체") -> 0 | W39: =SUMIFS('센터 자재 사용내역(11월)'!G:G,'센터 자재 사용내역(11월)'!E:E,'사급자재 사용내역'!C39,'센터 자재 사용내역(11월)'!F:F,"신규")+SUMIFS('센터 자재 사용내역(11월)'!G:G,'센터 자재 사용내역(11월)'!E:E,'사급자재 사용내역'!C39,'센터 자재 사용내역(11월)'!F:F,"교체") -> 0 | X39: =SUMIFS('센터 자재 사용내역(12월)'!G:G,'센터 자재 사용내역(12월)'!E:E,'사급자재 사용내역'!C39,'센터 자재 사용내역(12월)'!F:F,"신규")+SUMIFS('센터 자재 사용내역(12월)'!G:G,'센터 자재 사용내역(12월)'!E:E,'사급자재 사용내역'!C39,'센터 자재 사용내역(12월)'!F:F,"교체") -> 0 | Y39: =SUM(M39:X39) -> 9 | AC39: 17 | AN39: =SUM(AB39:AM39) -> 17 | AQ39: =SUMIFS('센터 자재 사용내역(01월)'!G:G,'센터 자재 사용내역(01월)'!E:E,'사급자재 사용내역'!C39,'센터 자재 사용내역(01월)'!F:F,"불량") -> 2 | AR39: =SUMIFS('센터 자재 사용내역(02월)'!G:G,'센터 자재 사용내역(02월)'!E:E,'사급자재 사용내역'!C39,'센터 자재 사용내역(02월)'!F:F,"불량") -> 0 | AS39: =SUMIFS('센터 자재 사용내역(03월)'!G:G,'센터 자재 사용내역(03월)'!E:E,'사급자재 사용내역'!C39,'센터 자재 사용내역(03월)'!F:F,"불량") -> 3 | AT39: =SUMIFS('센터 자재 사용내역(04월)'!G:G,'센터 자재 사용내역(04월)'!E:E,'사급자재 사용내역'!C39,'센터 자재 사용내역(04월)'!F:F,"불량") -> 3 | AU39: =SUMIFS('센터 자재 사용내역(05월)'!G:G,'센터 자재 사용내역(05월)'!E:E,'사급자재 사용내역'!C39,'센터 자재 사용내역(05월)'!F:F,"불량") -> 2 | AV39: =SUMIFS('센터 자재 사용내역(06월)'!G:G,'센터 자재 사용내역(06월)'!E:E,'사급자재 사용내역'!C39,'센터 자재 사용내역(06월)'!F:F,"불량") -> 3 | AW39: =SUMIFS('센터 자재 사용내역(07월)'!G:G,'센터 자재 사용내역(07월)'!E:E,'사급자재 사용내역'!C39,'센터 자재 사용내역(07월)'!F:F,"불량") -> 0 | AX39: =SUMIFS('센터 자재 사용내역(08월)'!G:G,'센터 자재 사용내역(08월)'!E:E,'사급자재 사용내역'!C39,'센터 자재 사용내역(08월)'!F:F,"불량") -> 0 | AY39: =SUMIFS('센터 자재 사용내역(09월)'!G:G,'센터 자재 사용내역(09월)'!E:E,'사급자재 사용내역'!C39,'센터 자재 사용내역(09월)'!F:F,"불량") -> 0 | AZ39: =SUMIFS('센터 자재 사용내역(10월)'!G:G,'센터 자재 사용내역(10월)'!E:E,'사급자재 사용내역'!C39,'센터 자재 사용내역(10월)'!F:F,"불량") -> 0 | BA39: =SUMIFS('센터 자재 사용내역(11월)'!G:G,'센터 자재 사용내역(11월)'!E:E,'사급자재 사용내역'!C39,'센터 자재 사용내역(11월)'!F:F,"불량") -> 0 | BB39: =SUMIFS('센터 자재 사용내역(12월)'!G:G,'센터 자재 사용내역(12월)'!E:E,'사급자재 사용내역'!C39,'센터 자재 사용내역(12월)'!F:F,"불량") -> 0 | BC39: =SUM(AQ39:BB39) -> 13
C40: SA - GM LE MANUAL | D40: EA | E40: 4 | F40: 5 | I40: =(F40+BC40)-(G40+H40) -> 9 | J40: =Y40 -> 4 | K40: =AN40 -> 2 | L40: =E40-J40+K40 -> 2 | M40: =SUMIFS('센터 자재 사용내역(01월)'!G:G,'센터 자재 사용내역(01월)'!E:E,'사급자재 사용내역'!C40,'센터 자재 사용내역(01월)'!F:F,"신규")+SUMIFS('센터 자재 사용내역(01월)'!G:G,'센터 자재 사용내역(01월)'!E:E,'사급자재 사용내역'!C40,'센터 자재 사용내역(01월)'!F:F,"교체") -> 0 | N40: =SUMIFS('센터 자재 사용내역(02월)'!G:G,'센터 자재 사용내역(02월)'!E:E,'사급자재 사용내역'!C40,'센터 자재 사용내역(02월)'!F:F,"신규")+SUMIFS('센터 자재 사용내역(02월)'!G:G,'센터 자재 사용내역(02월)'!E:E,'사급자재 사용내역'!C40,'센터 자재 사용내역(02월)'!F:F,"교체") -> 1 | O40: =SUMIFS('센터 자재 사용내역(03월)'!G:G,'센터 자재 사용내역(03월)'!E:E,'사급자재 사용내역'!C40,'센터 자재 사용내역(03월)'!F:F,"신규")+SUMIFS('센터 자재 사용내역(03월)'!G:G,'센터 자재 사용내역(03월)'!E:E,'사급자재 사용내역'!C40,'센터 자재 사용내역(03월)'!F:F,"교체") -> 0 | P40: =SUMIFS('센터 자재 사용내역(04월)'!G:G,'센터 자재 사용내역(04월)'!E:E,'사급자재 사용내역'!C40,'센터 자재 사용내역(04월)'!F:F,"신규")+SUMIFS('센터 자재 사용내역(04월)'!G:G,'센터 자재 사용내역(04월)'!E:E,'사급자재 사용내역'!C40,'센터 자재 사용내역(04월)'!F:F,"교체") -> 1 | Q40: =SUMIFS('센터 자재 사용내역(05월)'!G:G,'센터 자재 사용내역(05월)'!E:E,'사급자재 사용내역'!C40,'센터 자재 사용내역(05월)'!F:F,"신규")+SUMIFS('센터 자재 사용내역(05월)'!G:G,'센터 자재 사용내역(05월)'!E:E,'사급자재 사용내역'!C40,'센터 자재 사용내역(05월)'!F:F,"교체") -> 0 | R40: =SUMIFS('센터 자재 사용내역(06월)'!G:G,'센터 자재 사용내역(06월)'!E:E,'사급자재 사용내역'!C40,'센터 자재 사용내역(06월)'!F:F,"신규")+SUMIFS('센터 자재 사용내역(06월)'!G:G,'센터 자재 사용내역(06월)'!E:E,'사급자재 사용내역'!C40,'센터 자재 사용내역(06월)'!F:F,"교체") -> 1 | S40: =SUMIFS('센터 자재 사용내역(07월)'!G:G,'센터 자재 사용내역(07월)'!E:E,'사급자재 사용내역'!C40,'센터 자재 사용내역(07월)'!F:F,"신규")+SUMIFS('센터 자재 사용내역(07월)'!G:G,'센터 자재 사용내역(07월)'!E:E,'사급자재 사용내역'!C40,'센터 자재 사용내역(07월)'!F:F,"교체") -> 1 | T40: =SUMIFS('센터 자재 사용내역(08월)'!G:G,'센터 자재 사용내역(08월)'!E:E,'사급자재 사용내역'!C40,'센터 자재 사용내역(08월)'!F:F,"신규")+SUMIFS('센터 자재 사용내역(08월)'!G:G,'센터 자재 사용내역(08월)'!E:E,'사급자재 사용내역'!C40,'센터 자재 사용내역(08월)'!F:F,"교체") -> 0 | U40: =SUMIFS('센터 자재 사용내역(09월)'!G:G,'센터 자재 사용내역(09월)'!E:E,'사급자재 사용내역'!C40,'센터 자재 사용내역(09월)'!F:F,"신규")+SUMIFS('센터 자재 사용내역(09월)'!G:G,'센터 자재 사용내역(09월)'!E:E,'사급자재 사용내역'!C40,'센터 자재 사용내역(09월)'!F:F,"교체") -> 0 | V40: =SUMIFS('센터 자재 사용내역(10월)'!G:G,'센터 자재 사용내역(10월)'!E:E,'사급자재 사용내역'!C40,'센터 자재 사용내역(10월)'!F:F,"신규")+SUMIFS('센터 자재 사용내역(10월)'!G:G,'센터 자재 사용내역(10월)'!E:E,'사급자재 사용내역'!C40,'센터 자재 사용내역(10월)'!F:F,"교체") -> 0 | W40: =SUMIFS('센터 자재 사용내역(11월)'!G:G,'센터 자재 사용내역(11월)'!E:E,'사급자재 사용내역'!C40,'센터 자재 사용내역(11월)'!F:F,"신규")+SUMIFS('센터 자재 사용내역(11월)'!G:G,'센터 자재 사용내역(11월)'!E:E,'사급자재 사용내역'!C40,'센터 자재 사용내역(11월)'!F:F,"교체") -> 0 | X40: =SUMIFS('센터 자재 사용내역(12월)'!G:G,'센터 자재 사용내역(12월)'!E:E,'사급자재 사용내역'!C40,'센터 자재 사용내역(12월)'!F:F,"신규")+SUMIFS('센터 자재 사용내역(12월)'!G:G,'센터 자재 사용내역(12월)'!E:E,'사급자재 사용내역'!C40,'센터 자재 사용내역(12월)'!F:F,"교체") -> 0 | Y40: =SUM(M40:X40) -> 4 | AC40: 2 | AN40: =SUM(AB40:AM40) -> 2 | AQ40: =SUMIFS('센터 자재 사용내역(01월)'!G:G,'센터 자재 사용내역(01월)'!E:E,'사급자재 사용내역'!C40,'센터 자재 사용내역(01월)'!F:F,"불량") -> 0 | AR40: =SUMIFS('센터 자재 사용내역(02월)'!G:G,'센터 자재 사용내역(02월)'!E:E,'사급자재 사용내역'!C40,'센터 자재 사용내역(02월)'!F:F,"불량") -> 0 | AS40: =SUMIFS('센터 자재 사용내역(03월)'!G:G,'센터 자재 사용내역(03월)'!E:E,'사급자재 사용내역'!C40,'센터 자재 사용내역(03월)'!F:F,"불량") -> 0 | AT40: =SUMIFS('센터 자재 사용내역(04월)'!G:G,'센터 자재 사용내역(04월)'!E:E,'사급자재 사용내역'!C40,'센터 자재 사용내역(04월)'!F:F,"불량") -> 1 | AU40: =SUMIFS('센터 자재 사용내역(05월)'!G:G,'센터 자재 사용내역(05월)'!E:E,'사급자재 사용내역'!C40,'센터 자재 사용내역(05월)'!F:F,"불량") -> 1 | AV40: =SUMIFS('센터 자재 사용내역(06월)'!G:G,'센터 자재 사용내역(06월)'!E:E,'사급자재 사용내역'!C40,'센터 자재 사용내역(06월)'!F:F,"불량") -> 0 | AW40: =SUMIFS('센터 자재 사용내역(07월)'!G:G,'센터 자재 사용내역(07월)'!E:E,'사급자재 사용내역'!C40,'센터 자재 사용내역(07월)'!F:F,"불량") -> 2 | AX40: =SUMIFS('센터 자재 사용내역(08월)'!G:G,'센터 자재 사용내역(08월)'!E:E,'사급자재 사용내역'!C40,'센터 자재 사용내역(08월)'!F:F,"불량") -> 0 | AY40: =SUMIFS('센터 자재 사용내역(09월)'!G:G,'센터 자재 사용내역(09월)'!E:E,'사급자재 사용내역'!C40,'센터 자재 사용내역(09월)'!F:F,"불량") -> 0 | AZ40: =SUMIFS('센터 자재 사용내역(10월)'!G:G,'센터 자재 사용내역(10월)'!E:E,'사급자재 사용내역'!C40,'센터 자재 사용내역(10월)'!F:F,"불량") -> 0 | BA40: =SUMIFS('센터 자재 사용내역(11월)'!G:G,'센터 자재 사용내역(11월)'!E:E,'사급자재 사용내역'!C40,'센터 자재 사용내역(11월)'!F:F,"불량") -> 0 | BB40: =SUMIFS('센터 자재 사용내역(12월)'!G:G,'센터 자재 사용내역(12월)'!E:E,'사급자재 사용내역'!C40,'센터 자재 사용내역(12월)'!F:F,"불량") -> 0 | BC40: =SUM(AQ40:BB40) -> 4
C41: 텔라움 - NE-1G | D41: EA | E41: 7 | F41: 2 | H41: 4 | I41: =(F41+BC41)-(G41+H41) -> 1 | J41: =Y41 -> 3 | K41: =AN41 -> 0 | L41: =E41-J41+K41 -> 4 | M41: =SUMIFS('센터 자재 사용내역(01월)'!G:G,'센터 자재 사용내역(01월)'!E:E,'사급자재 사용내역'!C41,'센터 자재 사용내역(01월)'!F:F,"신규")+SUMIFS('센터 자재 사용내역(01월)'!G:G,'센터 자재 사용내역(01월)'!E:E,'사급자재 사용내역'!C41,'센터 자재 사용내역(01월)'!F:F,"교체") -> 0 | N41: =SUMIFS('센터 자재 사용내역(02월)'!G:G,'센터 자재 사용내역(02월)'!E:E,'사급자재 사용내역'!C41,'센터 자재 사용내역(02월)'!F:F,"신규")+SUMIFS('센터 자재 사용내역(02월)'!G:G,'센터 자재 사용내역(02월)'!E:E,'사급자재 사용내역'!C41,'센터 자재 사용내역(02월)'!F:F,"교체") -> 0 | O41: =SUMIFS('센터 자재 사용내역(03월)'!G:G,'센터 자재 사용내역(03월)'!E:E,'사급자재 사용내역'!C41,'센터 자재 사용내역(03월)'!F:F,"신규")+SUMIFS('센터 자재 사용내역(03월)'!G:G,'센터 자재 사용내역(03월)'!E:E,'사급자재 사용내역'!C41,'센터 자재 사용내역(03월)'!F:F,"교체") -> 0 | P41: =SUMIFS('센터 자재 사용내역(04월)'!G:G,'센터 자재 사용내역(04월)'!E:E,'사급자재 사용내역'!C41,'센터 자재 사용내역(04월)'!F:F,"신규")+SUMIFS('센터 자재 사용내역(04월)'!G:G,'센터 자재 사용내역(04월)'!E:E,'사급자재 사용내역'!C41,'센터 자재 사용내역(04월)'!F:F,"교체") -> 0 | Q41: =SUMIFS('센터 자재 사용내역(05월)'!G:G,'센터 자재 사용내역(05월)'!E:E,'사급자재 사용내역'!C41,'센터 자재 사용내역(05월)'!F:F,"신규")+SUMIFS('센터 자재 사용내역(05월)'!G:G,'센터 자재 사용내역(05월)'!E:E,'사급자재 사용내역'!C41,'센터 자재 사용내역(05월)'!F:F,"교체") -> 1 | R41: =SUMIFS('센터 자재 사용내역(06월)'!G:G,'센터 자재 사용내역(06월)'!E:E,'사급자재 사용내역'!C41,'센터 자재 사용내역(06월)'!F:F,"신규")+SUMIFS('센터 자재 사용내역(06월)'!G:G,'센터 자재 사용내역(06월)'!E:E,'사급자재 사용내역'!C41,'센터 자재 사용내역(06월)'!F:F,"교체") -> 1 | S41: =SUMIFS('센터 자재 사용내역(07월)'!G:G,'센터 자재 사용내역(07월)'!E:E,'사급자재 사용내역'!C41,'센터 자재 사용내역(07월)'!F:F,"신규")+SUMIFS('센터 자재 사용내역(07월)'!G:G,'센터 자재 사용내역(07월)'!E:E,'사급자재 사용내역'!C41,'센터 자재 사용내역(07월)'!F:F,"교체") -> 1 | T41: =SUMIFS('센터 자재 사용내역(08월)'!G:G,'센터 자재 사용내역(08월)'!E:E,'사급자재 사용내역'!C41,'센터 자재 사용내역(08월)'!F:F,"신규")+SUMIFS('센터 자재 사용내역(08월)'!G:G,'센터 자재 사용내역(08월)'!E:E,'사급자재 사용내역'!C41,'센터 자재 사용내역(08월)'!F:F,"교체") -> 0 | U41: =SUMIFS('센터 자재 사용내역(09월)'!G:G,'센터 자재 사용내역(09월)'!E:E,'사급자재 사용내역'!C41,'센터 자재 사용내역(09월)'!F:F,"신규")+SUMIFS('센터 자재 사용내역(09월)'!G:G,'센터 자재 사용내역(09월)'!E:E,'사급자재 사용내역'!C41,'센터 자재 사용내역(09월)'!F:F,"교체") -> 0 | V41: =SUMIFS('센터 자재 사용내역(10월)'!G:G,'센터 자재 사용내역(10월)'!E:E,'사급자재 사용내역'!C41,'센터 자재 사용내역(10월)'!F:F,"신규")+SUMIFS('센터 자재 사용내역(10월)'!G:G,'센터 자재 사용내역(10월)'!E:E,'사급자재 사용내역'!C41,'센터 자재 사용내역(10월)'!F:F,"교체") -> 0 | W41: =SUMIFS('센터 자재 사용내역(11월)'!G:G,'센터 자재 사용내역(11월)'!E:E,'사급자재 사용내역'!C41,'센터 자재 사용내역(11월)'!F:F,"신규")+SUMIFS('센터 자재 사용내역(11월)'!G:G,'센터 자재 사용내역(11월)'!E:E,'사급자재 사용내역'!C41,'센터 자재 사용내역(11월)'!F:F,"교체") -> 0 | X41: =SUMIFS('센터 자재 사용내역(12월)'!G:G,'센터 자재 사용내역(12월)'!E:E,'사급자재 사용내역'!C41,'센터 자재 사용내역(12월)'!F:F,"신규")+SUMIFS('센터 자재 사용내역(12월)'!G:G,'센터 자재 사용내역(12월)'!E:E,'사급자재 사용내역'!C41,'센터 자재 사용내역(12월)'!F:F,"교체") -> 0 | Y41: =SUM(M41:X41) -> 3 | AN41: =SUM(AB41:AM41) -> 0 | AQ41: =SUMIFS('센터 자재 사용내역(01월)'!G:G,'센터 자재 사용내역(01월)'!E:E,'사급자재 사용내역'!C41,'센터 자재 사용내역(01월)'!F:F,"불량") -> 0 | AR41: =SUMIFS('센터 자재 사용내역(02월)'!G:G,'센터 자재 사용내역(02월)'!E:E,'사급자재 사용내역'!C41,'센터 자재 사용내역(02월)'!F:F,"불량") -> 0 | AS41: =SUMIFS('센터 자재 사용내역(03월)'!G:G,'센터 자재 사용내역(03월)'!E:E,'사급자재 사용내역'!C41,'센터 자재 사용내역(03월)'!F:F,"불량") -> 0 | AT41: =SUMIFS('센터 자재 사용내역(04월)'!G:G,'센터 자재 사용내역(04월)'!E:E,'사급자재 사용내역'!C41,'센터 자재 사용내역(04월)'!F:F,"불량") -> 0 | AU41: =SUMIFS('센터 자재 사용내역(05월)'!G:G,'센터 자재 사용내역(05월)'!E:E,'사급자재 사용내역'!C41,'센터 자재 사용내역(05월)'!F:F,"불량") -> 1 | AV41: =SUMIFS('센터 자재 사용내역(06월)'!G:G,'센터 자재 사용내역(06월)'!E:E,'사급자재 사용내역'!C41,'센터 자재 사용내역(06월)'!F:F,"불량") -> 1 | AW41: =SUMIFS('센터 자재 사용내역(07월)'!G:G,'센터 자재 사용내역(07월)'!E:E,'사급자재 사용내역'!C41,'센터 자재 사용내역(07월)'!F:F,"불량") -> 1 | AX41: =SUMIFS('센터 자재 사용내역(08월)'!G:G,'센터 자재 사용내역(08월)'!E:E,'사급자재 사용내역'!C41,'센터 자재 사용내역(08월)'!F:F,"불량") -> 0 | AY41: =SUMIFS('센터 자재 사용내역(09월)'!G:G,'센터 자재 사용내역(09월)'!E:E,'사급자재 사용내역'!C41,'센터 자재 사용내역(09월)'!F:F,"불량") -> 0 | AZ41: =SUMIFS('센터 자재 사용내역(10월)'!G:G,'센터 자재 사용내역(10월)'!E:E,'사급자재 사용내역'!C41,'센터 자재 사용내역(10월)'!F:F,"불량") -> 0 | BA41: =SUMIFS('센터 자재 사용내역(11월)'!G:G,'센터 자재 사용내역(11월)'!E:E,'사급자재 사용내역'!C41,'센터 자재 사용내역(11월)'!F:F,"불량") -> 0 | BB41: =SUMIFS('센터 자재 사용내역(12월)'!G:G,'센터 자재 사용내역(12월)'!E:E,'사급자재 사용내역'!C41,'센터 자재 사용내역(12월)'!F:F,"불량") -> 0 | BC41: =SUM(AQ41:BB41) -> 3
C42: 동양 - SEA-G401D | D42: EA | E42: 16 | F42: 0 | I42: =(F42+BC42)-(G42+H42) -> 1 | J42: =Y42 -> 12 | K42: =AN42 -> 0 | L42: =E42-J42+K42 -> 4 | M42: =SUMIFS('센터 자재 사용내역(01월)'!G:G,'센터 자재 사용내역(01월)'!E:E,'사급자재 사용내역'!C42,'센터 자재 사용내역(01월)'!F:F,"신규")+SUMIFS('센터 자재 사용내역(01월)'!G:G,'센터 자재 사용내역(01월)'!E:E,'사급자재 사용내역'!C42,'센터 자재 사용내역(01월)'!F:F,"교체") -> 3 | N42: =SUMIFS('센터 자재 사용내역(02월)'!G:G,'센터 자재 사용내역(02월)'!E:E,'사급자재 사용내역'!C42,'센터 자재 사용내역(02월)'!F:F,"신규")+SUMIFS('센터 자재 사용내역(02월)'!G:G,'센터 자재 사용내역(02월)'!E:E,'사급자재 사용내역'!C42,'센터 자재 사용내역(02월)'!F:F,"교체") -> 3 | O42: =SUMIFS('센터 자재 사용내역(03월)'!G:G,'센터 자재 사용내역(03월)'!E:E,'사급자재 사용내역'!C42,'센터 자재 사용내역(03월)'!F:F,"신규")+SUMIFS('센터 자재 사용내역(03월)'!G:G,'센터 자재 사용내역(03월)'!E:E,'사급자재 사용내역'!C42,'센터 자재 사용내역(03월)'!F:F,"교체") -> 1 | P42: =SUMIFS('센터 자재 사용내역(04월)'!G:G,'센터 자재 사용내역(04월)'!E:E,'사급자재 사용내역'!C42,'센터 자재 사용내역(04월)'!F:F,"신규")+SUMIFS('센터 자재 사용내역(04월)'!G:G,'센터 자재 사용내역(04월)'!E:E,'사급자재 사용내역'!C42,'센터 자재 사용내역(04월)'!F:F,"교체") -> 0 | Q42: =SUMIFS('센터 자재 사용내역(05월)'!G:G,'센터 자재 사용내역(05월)'!E:E,'사급자재 사용내역'!C42,'센터 자재 사용내역(05월)'!F:F,"신규")+SUMIFS('센터 자재 사용내역(05월)'!G:G,'센터 자재 사용내역(05월)'!E:E,'사급자재 사용내역'!C42,'센터 자재 사용내역(05월)'!F:F,"교체") -> 3 | R42: =SUMIFS('센터 자재 사용내역(06월)'!G:G,'센터 자재 사용내역(06월)'!E:E,'사급자재 사용내역'!C42,'센터 자재 사용내역(06월)'!F:F,"신규")+SUMIFS('센터 자재 사용내역(06월)'!G:G,'센터 자재 사용내역(06월)'!E:E,'사급자재 사용내역'!C42,'센터 자재 사용내역(06월)'!F:F,"교체") -> 0 | S42: =SUMIFS('센터 자재 사용내역(07월)'!G:G,'센터 자재 사용내역(07월)'!E:E,'사급자재 사용내역'!C42,'센터 자재 사용내역(07월)'!F:F,"신규")+SUMIFS('센터 자재 사용내역(07월)'!G:G,'센터 자재 사용내역(07월)'!E:E,'사급자재 사용내역'!C42,'센터 자재 사용내역(07월)'!F:F,"교체") -> 2 | T42: =SUMIFS('센터 자재 사용내역(08월)'!G:G,'센터 자재 사용내역(08월)'!E:E,'사급자재 사용내역'!C42,'센터 자재 사용내역(08월)'!F:F,"신규")+SUMIFS('센터 자재 사용내역(08월)'!G:G,'센터 자재 사용내역(08월)'!E:E,'사급자재 사용내역'!C42,'센터 자재 사용내역(08월)'!F:F,"교체") -> 0 | U42: =SUMIFS('센터 자재 사용내역(09월)'!G:G,'센터 자재 사용내역(09월)'!E:E,'사급자재 사용내역'!C42,'센터 자재 사용내역(09월)'!F:F,"신규")+SUMIFS('센터 자재 사용내역(09월)'!G:G,'센터 자재 사용내역(09월)'!E:E,'사급자재 사용내역'!C42,'센터 자재 사용내역(09월)'!F:F,"교체") -> 0 | V42: =SUMIFS('센터 자재 사용내역(10월)'!G:G,'센터 자재 사용내역(10월)'!E:E,'사급자재 사용내역'!C42,'센터 자재 사용내역(10월)'!F:F,"신규")+SUMIFS('센터 자재 사용내역(10월)'!G:G,'센터 자재 사용내역(10월)'!E:E,'사급자재 사용내역'!C42,'센터 자재 사용내역(10월)'!F:F,"교체") -> 0 | W42: =SUMIFS('센터 자재 사용내역(11월)'!G:G,'센터 자재 사용내역(11월)'!E:E,'사급자재 사용내역'!C42,'센터 자재 사용내역(11월)'!F:F,"신규")+SUMIFS('센터 자재 사용내역(11월)'!G:G,'센터 자재 사용내역(11월)'!E:E,'사급자재 사용내역'!C42,'센터 자재 사용내역(11월)'!F:F,"교체") -> 0 | X42: =SUMIFS('센터 자재 사용내역(12월)'!G:G,'센터 자재 사용내역(12월)'!E:E,'사급자재 사용내역'!C42,'센터 자재 사용내역(12월)'!F:F,"신규")+SUMIFS('센터 자재 사용내역(12월)'!G:G,'센터 자재 사용내역(12월)'!E:E,'사급자재 사용내역'!C42,'센터 자재 사용내역(12월)'!F:F,"교체") -> 0 | Y42: =SUM(M42:X42) -> 12 | AN42: =SUM(AB42:AM42) -> 0 | AQ42: =SUMIFS('센터 자재 사용내역(01월)'!G:G,'센터 자재 사용내역(01월)'!E:E,'사급자재 사용내역'!C42,'센터 자재 사용내역(01월)'!F:F,"불량") -> 0 | AR42: =SUMIFS('센터 자재 사용내역(02월)'!G:G,'센터 자재 사용내역(02월)'!E:E,'사급자재 사용내역'!C42,'센터 자재 사용내역(02월)'!F:F,"불량") -> 0 | AS42: =SUMIFS('센터 자재 사용내역(03월)'!G:G,'센터 자재 사용내역(03월)'!E:E,'사급자재 사용내역'!C42,'센터 자재 사용내역(03월)'!F:F,"불량") -> 0 | AT42: =SUMIFS('센터 자재 사용내역(04월)'!G:G,'센터 자재 사용내역(04월)'!E:E,'사급자재 사용내역'!C42,'센터 자재 사용내역(04월)'!F:F,"불량") -> 1 | AU42: =SUMIFS('센터 자재 사용내역(05월)'!G:G,'센터 자재 사용내역(05월)'!E:E,'사급자재 사용내역'!C42,'센터 자재 사용내역(05월)'!F:F,"불량") -> 0 | AV42: =SUMIFS('센터 자재 사용내역(06월)'!G:G,'센터 자재 사용내역(06월)'!E:E,'사급자재 사용내역'!C42,'센터 자재 사용내역(06월)'!F:F,"불량") -> 0 | AW42: =SUMIFS('센터 자재 사용내역(07월)'!G:G,'센터 자재 사용내역(07월)'!E:E,'사급자재 사용내역'!C42,'센터 자재 사용내역(07월)'!F:F,"불량") -> 0 | AX42: =SUMIFS('센터 자재 사용내역(08월)'!G:G,'센터 자재 사용내역(08월)'!E:E,'사급자재 사용내역'!C42,'센터 자재 사용내역(08월)'!F:F,"불량") -> 0 | AY42: =SUMIFS('센터 자재 사용내역(09월)'!G:G,'센터 자재 사용내역(09월)'!E:E,'사급자재 사용내역'!C42,'센터 자재 사용내역(09월)'!F:F,"불량") -> 0 | AZ42: =SUMIFS('센터 자재 사용내역(10월)'!G:G,'센터 자재 사용내역(10월)'!E:E,'사급자재 사용내역'!C42,'센터 자재 사용내역(10월)'!F:F,"불량") -> 0 | BA42: =SUMIFS('센터 자재 사용내역(11월)'!G:G,'센터 자재 사용내역(11월)'!E:E,'사급자재 사용내역'!C42,'센터 자재 사용내역(11월)'!F:F,"불량") -> 0 | BB42: =SUMIFS('센터 자재 사용내역(12월)'!G:G,'센터 자재 사용내역(12월)'!E:E,'사급자재 사용내역'!C42,'센터 자재 사용내역(12월)'!F:F,"불량") -> 0 | BC42: =SUM(AQ42:BB42) -> 1
C43: EA_규격외 모델(870M) (철거자재) | D43: EA | E43: 0 | F43: 0 | H43: 5 | I43: =(F43+BC43)-(G43+H43) -> 0 | J43: =Y43 -> 0 | K43: =AN43 -> 0 | L43: =E43-J43+K43 -> 0 | M43: =SUMIFS('센터 자재 사용내역(01월)'!G:G,'센터 자재 사용내역(01월)'!E:E,'사급자재 사용내역'!C43,'센터 자재 사용내역(01월)'!F:F,"신규")+SUMIFS('센터 자재 사용내역(01월)'!G:G,'센터 자재 사용내역(01월)'!E:E,'사급자재 사용내역'!C43,'센터 자재 사용내역(01월)'!F:F,"교체") -> 0 | N43: =SUMIFS('센터 자재 사용내역(02월)'!G:G,'센터 자재 사용내역(02월)'!E:E,'사급자재 사용내역'!C43,'센터 자재 사용내역(02월)'!F:F,"신규")+SUMIFS('센터 자재 사용내역(02월)'!G:G,'센터 자재 사용내역(02월)'!E:E,'사급자재 사용내역'!C43,'센터 자재 사용내역(02월)'!F:F,"교체") -> 0 | O43: =SUMIFS('센터 자재 사용내역(03월)'!G:G,'센터 자재 사용내역(03월)'!E:E,'사급자재 사용내역'!C43,'센터 자재 사용내역(03월)'!F:F,"신규")+SUMIFS('센터 자재 사용내역(03월)'!G:G,'센터 자재 사용내역(03월)'!E:E,'사급자재 사용내역'!C43,'센터 자재 사용내역(03월)'!F:F,"교체") -> 0 | P43: =SUMIFS('센터 자재 사용내역(04월)'!G:G,'센터 자재 사용내역(04월)'!E:E,'사급자재 사용내역'!C43,'센터 자재 사용내역(04월)'!F:F,"신규")+SUMIFS('센터 자재 사용내역(04월)'!G:G,'센터 자재 사용내역(04월)'!E:E,'사급자재 사용내역'!C43,'센터 자재 사용내역(04월)'!F:F,"교체") -> 0 | Q43: =SUMIFS('센터 자재 사용내역(05월)'!G:G,'센터 자재 사용내역(05월)'!E:E,'사급자재 사용내역'!C43,'센터 자재 사용내역(05월)'!F:F,"신규")+SUMIFS('센터 자재 사용내역(05월)'!G:G,'센터 자재 사용내역(05월)'!E:E,'사급자재 사용내역'!C43,'센터 자재 사용내역(05월)'!F:F,"교체") -> 0 | R43: =SUMIFS('센터 자재 사용내역(06월)'!G:G,'센터 자재 사용내역(06월)'!E:E,'사급자재 사용내역'!C43,'센터 자재 사용내역(06월)'!F:F,"신규")+SUMIFS('센터 자재 사용내역(06월)'!G:G,'센터 자재 사용내역(06월)'!E:E,'사급자재 사용내역'!C43,'센터 자재 사용내역(06월)'!F:F,"교체") -> 0 | S43: =SUMIFS('센터 자재 사용내역(07월)'!G:G,'센터 자재 사용내역(07월)'!E:E,'사급자재 사용내역'!C43,'센터 자재 사용내역(07월)'!F:F,"신규")+SUMIFS('센터 자재 사용내역(07월)'!G:G,'센터 자재 사용내역(07월)'!E:E,'사급자재 사용내역'!C43,'센터 자재 사용내역(07월)'!F:F,"교체") -> 0 | T43: =SUMIFS('센터 자재 사용내역(08월)'!G:G,'센터 자재 사용내역(08월)'!E:E,'사급자재 사용내역'!C43,'센터 자재 사용내역(08월)'!F:F,"신규")+SUMIFS('센터 자재 사용내역(08월)'!G:G,'센터 자재 사용내역(08월)'!E:E,'사급자재 사용내역'!C43,'센터 자재 사용내역(08월)'!F:F,"교체") -> 0 | U43: =SUMIFS('센터 자재 사용내역(09월)'!G:G,'센터 자재 사용내역(09월)'!E:E,'사급자재 사용내역'!C43,'센터 자재 사용내역(09월)'!F:F,"신규")+SUMIFS('센터 자재 사용내역(09월)'!G:G,'센터 자재 사용내역(09월)'!E:E,'사급자재 사용내역'!C43,'센터 자재 사용내역(09월)'!F:F,"교체") -> 0 | V43: =SUMIFS('센터 자재 사용내역(10월)'!G:G,'센터 자재 사용내역(10월)'!E:E,'사급자재 사용내역'!C43,'센터 자재 사용내역(10월)'!F:F,"신규")+SUMIFS('센터 자재 사용내역(10월)'!G:G,'센터 자재 사용내역(10월)'!E:E,'사급자재 사용내역'!C43,'센터 자재 사용내역(10월)'!F:F,"교체") -> 0 | W43: =SUMIFS('센터 자재 사용내역(11월)'!G:G,'센터 자재 사용내역(11월)'!E:E,'사급자재 사용내역'!C43,'센터 자재 사용내역(11월)'!F:F,"신규")+SUMIFS('센터 자재 사용내역(11월)'!G:G,'센터 자재 사용내역(11월)'!E:E,'사급자재 사용내역'!C43,'센터 자재 사용내역(11월)'!F:F,"교체") -> 0 | X43: =SUMIFS('센터 자재 사용내역(12월)'!G:G,'센터 자재 사용내역(12월)'!E:E,'사급자재 사용내역'!C43,'센터 자재 사용내역(12월)'!F:F,"신규")+SUMIFS('센터 자재 사용내역(12월)'!G:G,'센터 자재 사용내역(12월)'!E:E,'사급자재 사용내역'!C43,'센터 자재 사용내역(12월)'!F:F,"교체") -> 0 | Y43: =SUM(M43:X43) -> 0 | AN43: =SUM(AB43:AM43) -> 0 | AQ43: =SUMIFS('센터 자재 사용내역(01월)'!G:G,'센터 자재 사용내역(01월)'!E:E,'사급자재 사용내역'!C43,'센터 자재 사용내역(01월)'!F:F,"불량") -> 0 | AR43: =SUMIFS('센터 자재 사용내역(02월)'!G:G,'센터 자재 사용내역(02월)'!E:E,'사급자재 사용내역'!C43,'센터 자재 사용내역(02월)'!F:F,"불량") -> 5 | AS43: =SUMIFS('센터 자재 사용내역(03월)'!G:G,'센터 자재 사용내역(03월)'!E:E,'사급자재 사용내역'!C43,'센터 자재 사용내역(03월)'!F:F,"불량") -> 0 | AT43: =SUMIFS('센터 자재 사용내역(04월)'!G:G,'센터 자재 사용내역(04월)'!E:E,'사급자재 사용내역'!C43,'센터 자재 사용내역(04월)'!F:F,"불량") -> 0 | AU43: =SUMIFS('센터 자재 사용내역(05월)'!G:G,'센터 자재 사용내역(05월)'!E:E,'사급자재 사용내역'!C43,'센터 자재 사용내역(05월)'!F:F,"불량") -> 0 | AV43: =SUMIFS('센터 자재 사용내역(06월)'!G:G,'센터 자재 사용내역(06월)'!E:E,'사급자재 사용내역'!C43,'센터 자재 사용내역(06월)'!F:F,"불량") -> 0 | AW43: =SUMIFS('센터 자재 사용내역(07월)'!G:G,'센터 자재 사용내역(07월)'!E:E,'사급자재 사용내역'!C43,'센터 자재 사용내역(07월)'!F:F,"불량") -> 0 | AX43: =SUMIFS('센터 자재 사용내역(08월)'!G:G,'센터 자재 사용내역(08월)'!E:E,'사급자재 사용내역'!C43,'센터 자재 사용내역(08월)'!F:F,"불량") -> 0 | AY43: =SUMIFS('센터 자재 사용내역(09월)'!G:G,'센터 자재 사용내역(09월)'!E:E,'사급자재 사용내역'!C43,'센터 자재 사용내역(09월)'!F:F,"불량") -> 0 | AZ43: =SUMIFS('센터 자재 사용내역(10월)'!G:G,'센터 자재 사용내역(10월)'!E:E,'사급자재 사용내역'!C43,'센터 자재 사용내역(10월)'!F:F,"불량") -> 0 | BA43: =SUMIFS('센터 자재 사용내역(11월)'!G:G,'센터 자재 사용내역(11월)'!E:E,'사급자재 사용내역'!C43,'센터 자재 사용내역(11월)'!F:F,"불량") -> 0 | BB43: =SUMIFS('센터 자재 사용내역(12월)'!G:G,'센터 자재 사용내역(12월)'!E:E,'사급자재 사용내역'!C43,'센터 자재 사용내역(12월)'!F:F,"불량") -> 0 | BC43: =SUM(AQ43:BB43) -> 5
B44: 선로증폭기 | C44: 단방향 선로증폭기(750Mhz) | D44: EA | E44: 21 | F44: 1 | H44: 2 | I44: =(F44+BC44)-(G44+H44) -> 0 | J44: =Y44 -> 1 | K44: =AN44 -> 0 | L44: =E44-J44+K44 -> 20 | M44: =SUMIFS('센터 자재 사용내역(01월)'!G:G,'센터 자재 사용내역(01월)'!E:E,'사급자재 사용내역'!C44,'센터 자재 사용내역(01월)'!F:F,"신규")+SUMIFS('센터 자재 사용내역(01월)'!G:G,'센터 자재 사용내역(01월)'!E:E,'사급자재 사용내역'!C44,'센터 자재 사용내역(01월)'!F:F,"교체") -> 0 | N44: =SUMIFS('센터 자재 사용내역(02월)'!G:G,'센터 자재 사용내역(02월)'!E:E,'사급자재 사용내역'!C44,'센터 자재 사용내역(02월)'!F:F,"신규")+SUMIFS('센터 자재 사용내역(02월)'!G:G,'센터 자재 사용내역(02월)'!E:E,'사급자재 사용내역'!C44,'센터 자재 사용내역(02월)'!F:F,"교체") -> 0 | O44: =SUMIFS('센터 자재 사용내역(03월)'!G:G,'센터 자재 사용내역(03월)'!E:E,'사급자재 사용내역'!C44,'센터 자재 사용내역(03월)'!F:F,"신규")+SUMIFS('센터 자재 사용내역(03월)'!G:G,'센터 자재 사용내역(03월)'!E:E,'사급자재 사용내역'!C44,'센터 자재 사용내역(03월)'!F:F,"교체") -> 0 | P44: =SUMIFS('센터 자재 사용내역(04월)'!G:G,'센터 자재 사용내역(04월)'!E:E,'사급자재 사용내역'!C44,'센터 자재 사용내역(04월)'!F:F,"신규")+SUMIFS('센터 자재 사용내역(04월)'!G:G,'센터 자재 사용내역(04월)'!E:E,'사급자재 사용내역'!C44,'센터 자재 사용내역(04월)'!F:F,"교체") -> 1 | Q44: =SUMIFS('센터 자재 사용내역(05월)'!G:G,'센터 자재 사용내역(05월)'!E:E,'사급자재 사용내역'!C44,'센터 자재 사용내역(05월)'!F:F,"신규")+SUMIFS('센터 자재 사용내역(05월)'!G:G,'센터 자재 사용내역(05월)'!E:E,'사급자재 사용내역'!C44,'센터 자재 사용내역(05월)'!F:F,"교체") -> 0 | R44: =SUMIFS('센터 자재 사용내역(06월)'!G:G,'센터 자재 사용내역(06월)'!E:E,'사급자재 사용내역'!C44,'센터 자재 사용내역(06월)'!F:F,"신규")+SUMIFS('센터 자재 사용내역(06월)'!G:G,'센터 자재 사용내역(06월)'!E:E,'사급자재 사용내역'!C44,'센터 자재 사용내역(06월)'!F:F,"교체") -> 0 | S44: =SUMIFS('센터 자재 사용내역(07월)'!G:G,'센터 자재 사용내역(07월)'!E:E,'사급자재 사용내역'!C44,'센터 자재 사용내역(07월)'!F:F,"신규")+SUMIFS('센터 자재 사용내역(07월)'!G:G,'센터 자재 사용내역(07월)'!E:E,'사급자재 사용내역'!C44,'센터 자재 사용내역(07월)'!F:F,"교체") -> 0 | T44: =SUMIFS('센터 자재 사용내역(08월)'!G:G,'센터 자재 사용내역(08월)'!E:E,'사급자재 사용내역'!C44,'센터 자재 사용내역(08월)'!F:F,"신규")+SUMIFS('센터 자재 사용내역(08월)'!G:G,'센터 자재 사용내역(08월)'!E:E,'사급자재 사용내역'!C44,'센터 자재 사용내역(08월)'!F:F,"교체") -> 0 | U44: =SUMIFS('센터 자재 사용내역(09월)'!G:G,'센터 자재 사용내역(09월)'!E:E,'사급자재 사용내역'!C44,'센터 자재 사용내역(09월)'!F:F,"신규")+SUMIFS('센터 자재 사용내역(09월)'!G:G,'센터 자재 사용내역(09월)'!E:E,'사급자재 사용내역'!C44,'센터 자재 사용내역(09월)'!F:F,"교체") -> 0 | V44: =SUMIFS('센터 자재 사용내역(10월)'!G:G,'센터 자재 사용내역(10월)'!E:E,'사급자재 사용내역'!C44,'센터 자재 사용내역(10월)'!F:F,"신규")+SUMIFS('센터 자재 사용내역(10월)'!G:G,'센터 자재 사용내역(10월)'!E:E,'사급자재 사용내역'!C44,'센터 자재 사용내역(10월)'!F:F,"교체") -> 0 | W44: =SUMIFS('센터 자재 사용내역(11월)'!G:G,'센터 자재 사용내역(11월)'!E:E,'사급자재 사용내역'!C44,'센터 자재 사용내역(11월)'!F:F,"신규")+SUMIFS('센터 자재 사용내역(11월)'!G:G,'센터 자재 사용내역(11월)'!E:E,'사급자재 사용내역'!C44,'센터 자재 사용내역(11월)'!F:F,"교체") -> 0 | X44: =SUMIFS('센터 자재 사용내역(12월)'!G:G,'센터 자재 사용내역(12월)'!E:E,'사급자재 사용내역'!C44,'센터 자재 사용내역(12월)'!F:F,"신규")+SUMIFS('센터 자재 사용내역(12월)'!G:G,'센터 자재 사용내역(12월)'!E:E,'사급자재 사용내역'!C44,'센터 자재 사용내역(12월)'!F:F,"교체") -> 0 | Y44: =SUM(M44:X44) -> 1 | AN44: =SUM(AB44:AM44) -> 0 | AQ44: =SUMIFS('센터 자재 사용내역(01월)'!G:G,'센터 자재 사용내역(01월)'!E:E,'사급자재 사용내역'!C44,'센터 자재 사용내역(01월)'!F:F,"불량") -> 0 | AR44: =SUMIFS('센터 자재 사용내역(02월)'!G:G,'센터 자재 사용내역(02월)'!E:E,'사급자재 사용내역'!C44,'센터 자재 사용내역(02월)'!F:F,"불량") -> 0 | AS44: =SUMIFS('센터 자재 사용내역(03월)'!G:G,'센터 자재 사용내역(03월)'!E:E,'사급자재 사용내역'!C44,'센터 자재 사용내역(03월)'!F:F,"불량") -> 0 | AT44: =SUMIFS('센터 자재 사용내역(04월)'!G:G,'센터 자재 사용내역(04월)'!E:E,'사급자재 사용내역'!C44,'센터 자재 사용내역(04월)'!F:F,"불량") -> 1 | AU44: =SUMIFS('센터 자재 사용내역(05월)'!G:G,'센터 자재 사용내역(05월)'!E:E,'사급자재 사용내역'!C44,'센터 자재 사용내역(05월)'!F:F,"불량") -> 0 | AV44: =SUMIFS('센터 자재 사용내역(06월)'!G:G,'센터 자재 사용내역(06월)'!E:E,'사급자재 사용내역'!C44,'센터 자재 사용내역(06월)'!F:F,"불량") -> 0 | AW44: =SUMIFS('센터 자재 사용내역(07월)'!G:G,'센터 자재 사용내역(07월)'!E:E,'사급자재 사용내역'!C44,'센터 자재 사용내역(07월)'!F:F,"불량") -> 0 | AX44: =SUMIFS('센터 자재 사용내역(08월)'!G:G,'센터 자재 사용내역(08월)'!E:E,'사급자재 사용내역'!C44,'센터 자재 사용내역(08월)'!F:F,"불량") -> 0 | AY44: =SUMIFS('센터 자재 사용내역(09월)'!G:G,'센터 자재 사용내역(09월)'!E:E,'사급자재 사용내역'!C44,'센터 자재 사용내역(09월)'!F:F,"불량") -> 0 | AZ44: =SUMIFS('센터 자재 사용내역(10월)'!G:G,'센터 자재 사용내역(10월)'!E:E,'사급자재 사용내역'!C44,'센터 자재 사용내역(10월)'!F:F,"불량") -> 0 | BA44: =SUMIFS('센터 자재 사용내역(11월)'!G:G,'센터 자재 사용내역(11월)'!E:E,'사급자재 사용내역'!C44,'센터 자재 사용내역(11월)'!F:F,"불량") -> 0 | BB44: =SUMIFS('센터 자재 사용내역(12월)'!G:G,'센터 자재 사용내역(12월)'!E:E,'사급자재 사용내역'!C44,'센터 자재 사용내역(12월)'!F:F,"불량") -> 0 | BC44: =SUM(AQ44:BB44) -> 1
B45: 케이블 | C45: 12C 동축케이블 | D45: M | E45: 1390 | F45: 0 | I45: =(F45+BC45)-(G45+H45) -> 0 | J45: =Y45 -> 731 | K45: =AN45 -> 0 | L45: =E45-J45+K45 -> 659 | M45: =SUMIFS('센터 자재 사용내역(01월)'!G:G,'센터 자재 사용내역(01월)'!E:E,'사급자재 사용내역'!C45,'센터 자재 사용내역(01월)'!F:F,"신규")+SUMIFS('센터 자재 사용내역(01월)'!G:G,'센터 자재 사용내역(01월)'!E:E,'사급자재 사용내역'!C45,'센터 자재 사용내역(01월)'!F:F,"교체") -> 25 | N45: =SUMIFS('센터 자재 사용내역(02월)'!G:G,'센터 자재 사용내역(02월)'!E:E,'사급자재 사용내역'!C45,'센터 자재 사용내역(02월)'!F:F,"신규")+SUMIFS('센터 자재 사용내역(02월)'!G:G,'센터 자재 사용내역(02월)'!E:E,'사급자재 사용내역'!C45,'센터 자재 사용내역(02월)'!F:F,"교체") -> 95 | O45: =SUMIFS('센터 자재 사용내역(03월)'!G:G,'센터 자재 사용내역(03월)'!E:E,'사급자재 사용내역'!C45,'센터 자재 사용내역(03월)'!F:F,"신규")+SUMIFS('센터 자재 사용내역(03월)'!G:G,'센터 자재 사용내역(03월)'!E:E,'사급자재 사용내역'!C45,'센터 자재 사용내역(03월)'!F:F,"교체") -> 50 | P45: =SUMIFS('센터 자재 사용내역(04월)'!G:G,'센터 자재 사용내역(04월)'!E:E,'사급자재 사용내역'!C45,'센터 자재 사용내역(04월)'!F:F,"신규")+SUMIFS('센터 자재 사용내역(04월)'!G:G,'센터 자재 사용내역(04월)'!E:E,'사급자재 사용내역'!C45,'센터 자재 사용내역(04월)'!F:F,"교체") -> 0 | Q45: =SUMIFS('센터 자재 사용내역(05월)'!G:G,'센터 자재 사용내역(05월)'!E:E,'사급자재 사용내역'!C45,'센터 자재 사용내역(05월)'!F:F,"신규")+SUMIFS('센터 자재 사용내역(05월)'!G:G,'센터 자재 사용내역(05월)'!E:E,'사급자재 사용내역'!C45,'센터 자재 사용내역(05월)'!F:F,"교체") -> 15 | R45: =SUMIFS('센터 자재 사용내역(06월)'!G:G,'센터 자재 사용내역(06월)'!E:E,'사급자재 사용내역'!C45,'센터 자재 사용내역(06월)'!F:F,"신규")+SUMIFS('센터 자재 사용내역(06월)'!G:G,'센터 자재 사용내역(06월)'!E:E,'사급자재 사용내역'!C45,'센터 자재 사용내역(06월)'!F:F,"교체") -> 266 | S45: =SUMIFS('센터 자재 사용내역(07월)'!G:G,'센터 자재 사용내역(07월)'!E:E,'사급자재 사용내역'!C45,'센터 자재 사용내역(07월)'!F:F,"신규")+SUMIFS('센터 자재 사용내역(07월)'!G:G,'센터 자재 사용내역(07월)'!E:E,'사급자재 사용내역'!C45,'센터 자재 사용내역(07월)'!F:F,"교체") -> 0 | T45: =SUMIFS('센터 자재 사용내역(08월)'!G:G,'센터 자재 사용내역(08월)'!E:E,'사급자재 사용내역'!C45,'센터 자재 사용내역(08월)'!F:F,"신규")+SUMIFS('센터 자재 사용내역(08월)'!G:G,'센터 자재 사용내역(08월)'!E:E,'사급자재 사용내역'!C45,'센터 자재 사용내역(08월)'!F:F,"교체") -> 280 | U45: =SUMIFS('센터 자재 사용내역(09월)'!G:G,'센터 자재 사용내역(09월)'!E:E,'사급자재 사용내역'!C45,'센터 자재 사용내역(09월)'!F:F,"신규")+SUMIFS('센터 자재 사용내역(09월)'!G:G,'센터 자재 사용내역(09월)'!E:E,'사급자재 사용내역'!C45,'센터 자재 사용내역(09월)'!F:F,"교체") -> 0 | V45: =SUMIFS('센터 자재 사용내역(10월)'!G:G,'센터 자재 사용내역(10월)'!E:E,'사급자재 사용내역'!C45,'센터 자재 사용내역(10월)'!F:F,"신규")+SUMIFS('센터 자재 사용내역(10월)'!G:G,'센터 자재 사용내역(10월)'!E:E,'사급자재 사용내역'!C45,'센터 자재 사용내역(10월)'!F:F,"교체") -> 0 | W45: =SUMIFS('센터 자재 사용내역(11월)'!G:G,'센터 자재 사용내역(11월)'!E:E,'사급자재 사용내역'!C45,'센터 자재 사용내역(11월)'!F:F,"신규")+SUMIFS('센터 자재 사용내역(11월)'!G:G,'센터 자재 사용내역(11월)'!E:E,'사급자재 사용내역'!C45,'센터 자재 사용내역(11월)'!F:F,"교체") -> 0 | X45: =SUMIFS('센터 자재 사용내역(12월)'!G:G,'센터 자재 사용내역(12월)'!E:E,'사급자재 사용내역'!C45,'센터 자재 사용내역(12월)'!F:F,"신규")+SUMIFS('센터 자재 사용내역(12월)'!G:G,'센터 자재 사용내역(12월)'!E:E,'사급자재 사용내역'!C45,'센터 자재 사용내역(12월)'!F:F,"교체") -> 0 | Y45: =SUM(M45:X45) -> 731 | AN45: =SUM(AB45:AM45) -> 0 | AQ45: =SUMIFS('센터 자재 사용내역(01월)'!G:G,'센터 자재 사용내역(01월)'!E:E,'사급자재 사용내역'!C45,'센터 자재 사용내역(01월)'!F:F,"불량") -> 0 | AR45: =SUMIFS('센터 자재 사용내역(02월)'!G:G,'센터 자재 사용내역(02월)'!E:E,'사급자재 사용내역'!C45,'센터 자재 사용내역(02월)'!F:F,"불량") -> 0 | AS45: =SUMIFS('센터 자재 사용내역(03월)'!G:G,'센터 자재 사용내역(03월)'!E:E,'사급자재 사용내역'!C45,'센터 자재 사용내역(03월)'!F:F,"불량") -> 0 | AT45: =SUMIFS('센터 자재 사용내역(04월)'!G:G,'센터 자재 사용내역(04월)'!E:E,'사급자재 사용내역'!C45,'센터 자재 사용내역(04월)'!F:F,"불량") -> 0 | AU45: =SUMIFS('센터 자재 사용내역(05월)'!G:G,'센터 자재 사용내역(05월)'!E:E,'사급자재 사용내역'!C45,'센터 자재 사용내역(05월)'!F:F,"불량") -> 0 | AV45: =SUMIFS('센터 자재 사용내역(06월)'!G:G,'센터 자재 사용내역(06월)'!E:E,'사급자재 사용내역'!C45,'센터 자재 사용내역(06월)'!F:F,"불량") -> 0 | AW45: =SUMIFS('센터 자재 사용내역(07월)'!G:G,'센터 자재 사용내역(07월)'!E:E,'사급자재 사용내역'!C45,'센터 자재 사용내역(07월)'!F:F,"불량") -> 0 | AX45: =SUMIFS('센터 자재 사용내역(08월)'!G:G,'센터 자재 사용내역(08월)'!E:E,'사급자재 사용내역'!C45,'센터 자재 사용내역(08월)'!F:F,"불량") -> 0 | AY45: =SUMIFS('센터 자재 사용내역(09월)'!G:G,'센터 자재 사용내역(09월)'!E:E,'사급자재 사용내역'!C45,'센터 자재 사용내역(09월)'!F:F,"불량") -> 0 | AZ45: =SUMIFS('센터 자재 사용내역(10월)'!G:G,'센터 자재 사용내역(10월)'!E:E,'사급자재 사용내역'!C45,'센터 자재 사용내역(10월)'!F:F,"불량") -> 0 | BA45: =SUMIFS('센터 자재 사용내역(11월)'!G:G,'센터 자재 사용내역(11월)'!E:E,'사급자재 사용내역'!C45,'센터 자재 사용내역(11월)'!F:F,"불량") -> 0 | BB45: =SUMIFS('센터 자재 사용내역(12월)'!G:G,'센터 자재 사용내역(12월)'!E:E,'사급자재 사용내역'!C45,'센터 자재 사용내역(12월)'!F:F,"불량") -> 0 | BC45: =SUM(AQ45:BB45) -> 0
C46: 7C(검정:300M)_3중 90% | D46: M | E46: 1953 | F46: 0 | I46: =(F46+BC46)-(G46+H46) -> 0 | J46: =Y46 -> 1953 | K46: =AN46 -> 2100 | L46: =E46-J46+K46 -> 2100 | M46: =SUMIFS('센터 자재 사용내역(01월)'!G:G,'센터 자재 사용내역(01월)'!E:E,'사급자재 사용내역'!C46,'센터 자재 사용내역(01월)'!F:F,"신규")+SUMIFS('센터 자재 사용내역(01월)'!G:G,'센터 자재 사용내역(01월)'!E:E,'사급자재 사용내역'!C46,'센터 자재 사용내역(01월)'!F:F,"교체") -> 490 | N46: =SUMIFS('센터 자재 사용내역(02월)'!G:G,'센터 자재 사용내역(02월)'!E:E,'사급자재 사용내역'!C46,'센터 자재 사용내역(02월)'!F:F,"신규")+SUMIFS('센터 자재 사용내역(02월)'!G:G,'센터 자재 사용내역(02월)'!E:E,'사급자재 사용내역'!C46,'센터 자재 사용내역(02월)'!F:F,"교체") -> 180 | O46: =SUMIFS('센터 자재 사용내역(03월)'!G:G,'센터 자재 사용내역(03월)'!E:E,'사급자재 사용내역'!C46,'센터 자재 사용내역(03월)'!F:F,"신규")+SUMIFS('센터 자재 사용내역(03월)'!G:G,'센터 자재 사용내역(03월)'!E:E,'사급자재 사용내역'!C46,'센터 자재 사용내역(03월)'!F:F,"교체") -> 60 | P46: =SUMIFS('센터 자재 사용내역(04월)'!G:G,'센터 자재 사용내역(04월)'!E:E,'사급자재 사용내역'!C46,'센터 자재 사용내역(04월)'!F:F,"신규")+SUMIFS('센터 자재 사용내역(04월)'!G:G,'센터 자재 사용내역(04월)'!E:E,'사급자재 사용내역'!C46,'센터 자재 사용내역(04월)'!F:F,"교체") -> 755 | Q46: =SUMIFS('센터 자재 사용내역(05월)'!G:G,'센터 자재 사용내역(05월)'!E:E,'사급자재 사용내역'!C46,'센터 자재 사용내역(05월)'!F:F,"신규")+SUMIFS('센터 자재 사용내역(05월)'!G:G,'센터 자재 사용내역(05월)'!E:E,'사급자재 사용내역'!C46,'센터 자재 사용내역(05월)'!F:F,"교체") -> 468 | R46: =SUMIFS('센터 자재 사용내역(06월)'!G:G,'센터 자재 사용내역(06월)'!E:E,'사급자재 사용내역'!C46,'센터 자재 사용내역(06월)'!F:F,"신규")+SUMIFS('센터 자재 사용내역(06월)'!G:G,'센터 자재 사용내역(06월)'!E:E,'사급자재 사용내역'!C46,'센터 자재 사용내역(06월)'!F:F,"교체") -> 0 | S46: =SUMIFS('센터 자재 사용내역(07월)'!G:G,'센터 자재 사용내역(07월)'!E:E,'사급자재 사용내역'!C46,'센터 자재 사용내역(07월)'!F:F,"신규")+SUMIFS('센터 자재 사용내역(07월)'!G:G,'센터 자재 사용내역(07월)'!E:E,'사급자재 사용내역'!C46,'센터 자재 사용내역(07월)'!F:F,"교체") -> 0 | T46: =SUMIFS('센터 자재 사용내역(08월)'!G:G,'센터 자재 사용내역(08월)'!E:E,'사급자재 사용내역'!C46,'센터 자재 사용내역(08월)'!F:F,"신규")+SUMIFS('센터 자재 사용내역(08월)'!G:G,'센터 자재 사용내역(08월)'!E:E,'사급자재 사용내역'!C46,'센터 자재 사용내역(08월)'!F:F,"교체") -> 0 | U46: =SUMIFS('센터 자재 사용내역(09월)'!G:G,'센터 자재 사용내역(09월)'!E:E,'사급자재 사용내역'!C46,'센터 자재 사용내역(09월)'!F:F,"신규")+SUMIFS('센터 자재 사용내역(09월)'!G:G,'센터 자재 사용내역(09월)'!E:E,'사급자재 사용내역'!C46,'센터 자재 사용내역(09월)'!F:F,"교체") -> 0 | V46: =SUMIFS('센터 자재 사용내역(10월)'!G:G,'센터 자재 사용내역(10월)'!E:E,'사급자재 사용내역'!C46,'센터 자재 사용내역(10월)'!F:F,"신규")+SUMIFS('센터 자재 사용내역(10월)'!G:G,'센터 자재 사용내역(10월)'!E:E,'사급자재 사용내역'!C46,'센터 자재 사용내역(10월)'!F:F,"교체") -> 0 | W46: =SUMIFS('센터 자재 사용내역(11월)'!G:G,'센터 자재 사용내역(11월)'!E:E,'사급자재 사용내역'!C46,'센터 자재 사용내역(11월)'!F:F,"신규")+SUMIFS('센터 자재 사용내역(11월)'!G:G,'센터 자재 사용내역(11월)'!E:E,'사급자재 사용내역'!C46,'센터 자재 사용내역(11월)'!F:F,"교체") -> 0 | X46: =SUMIFS('센터 자재 사용내역(12월)'!G:G,'센터 자재 사용내역(12월)'!E:E,'사급자재 사용내역'!C46,'센터 자재 사용내역(12월)'!F:F,"신규")+SUMIFS('센터 자재 사용내역(12월)'!G:G,'센터 자재 사용내역(12월)'!E:E,'사급자재 사용내역'!C46,'센터 자재 사용내역(12월)'!F:F,"교체") -> 0 | Y46: =SUM(M46:X46) -> 1953 | AI46: 2100 | AN46: =SUM(AB46:AM46) -> 2100 | AQ46: =SUMIFS('센터 자재 사용내역(01월)'!G:G,'센터 자재 사용내역(01월)'!E:E,'사급자재 사용내역'!C46,'센터 자재 사용내역(01월)'!F:F,"불량") -> 0 | AR46: =SUMIFS('센터 자재 사용내역(02월)'!G:G,'센터 자재 사용내역(02월)'!E:E,'사급자재 사용내역'!C46,'센터 자재 사용내역(02월)'!F:F,"불량") -> 0 | AS46: =SUMIFS('센터 자재 사용내역(03월)'!G:G,'센터 자재 사용내역(03월)'!E:E,'사급자재 사용내역'!C46,'센터 자재 사용내역(03월)'!F:F,"불량") -> 0 | AT46: =SUMIFS('센터 자재 사용내역(04월)'!G:G,'센터 자재 사용내역(04월)'!E:E,'사급자재 사용내역'!C46,'센터 자재 사용내역(04월)'!F:F,"불량") -> 0 | AU46: =SUMIFS('센터 자재 사용내역(05월)'!G:G,'센터 자재 사용내역(05월)'!E:E,'사급자재 사용내역'!C46,'센터 자재 사용내역(05월)'!F:F,"불량") -> 0 | AV46: =SUMIFS('센터 자재 사용내역(06월)'!G:G,'센터 자재 사용내역(06월)'!E:E,'사급자재 사용내역'!C46,'센터 자재 사용내역(06월)'!F:F,"불량") -> 0 | AW46: =SUMIFS('센터 자재 사용내역(07월)'!G:G,'센터 자재 사용내역(07월)'!E:E,'사급자재 사용내역'!C46,'센터 자재 사용내역(07월)'!F:F,"불량") -> 0 | AX46: =SUMIFS('센터 자재 사용내역(08월)'!G:G,'센터 자재 사용내역(08월)'!E:E,'사급자재 사용내역'!C46,'센터 자재 사용내역(08월)'!F:F,"불량") -> 0 | AY46: =SUMIFS('센터 자재 사용내역(09월)'!G:G,'센터 자재 사용내역(09월)'!E:E,'사급자재 사용내역'!C46,'센터 자재 사용내역(09월)'!F:F,"불량") -> 0 | AZ46: =SUMIFS('센터 자재 사용내역(10월)'!G:G,'센터 자재 사용내역(10월)'!E:E,'사급자재 사용내역'!C46,'센터 자재 사용내역(10월)'!F:F,"불량") -> 0 | BA46: =SUMIFS('센터 자재 사용내역(11월)'!G:G,'센터 자재 사용내역(11월)'!E:E,'사급자재 사용내역'!C46,'센터 자재 사용내역(11월)'!F:F,"불량") -> 0 | BB46: =SUMIFS('센터 자재 사용내역(12월)'!G:G,'센터 자재 사용내역(12월)'!E:E,'사급자재 사용내역'!C46,'센터 자재 사용내역(12월)'!F:F,"불량") -> 0 | BC46: =SUM(AQ46:BB46) -> 0
C47: 7C-SS(검정;1.8mm,300M)_3중 90% | D47: M | E47: 247 | F47: 0 | I47: =(F47+BC47)-(G47+H47) -> 0 | J47: =Y47 -> 1447 | K47: =AN47 -> 1200 | L47: =E47-J47+K47 -> 0 | M47: =SUMIFS('센터 자재 사용내역(01월)'!G:G,'센터 자재 사용내역(01월)'!E:E,'사급자재 사용내역'!C47,'센터 자재 사용내역(01월)'!F:F,"신규")+SUMIFS('센터 자재 사용내역(01월)'!G:G,'센터 자재 사용내역(01월)'!E:E,'사급자재 사용내역'!C47,'센터 자재 사용내역(01월)'!F:F,"교체") -> 0 | N47: =SUMIFS('센터 자재 사용내역(02월)'!G:G,'센터 자재 사용내역(02월)'!E:E,'사급자재 사용내역'!C47,'센터 자재 사용내역(02월)'!F:F,"신규")+SUMIFS('센터 자재 사용내역(02월)'!G:G,'센터 자재 사용내역(02월)'!E:E,'사급자재 사용내역'!C47,'센터 자재 사용내역(02월)'!F:F,"교체") -> 0 | O47: =SUMIFS('센터 자재 사용내역(03월)'!G:G,'센터 자재 사용내역(03월)'!E:E,'사급자재 사용내역'!C47,'센터 자재 사용내역(03월)'!F:F,"신규")+SUMIFS('센터 자재 사용내역(03월)'!G:G,'센터 자재 사용내역(03월)'!E:E,'사급자재 사용내역'!C47,'센터 자재 사용내역(03월)'!F:F,"교체") -> 247 | P47: =SUMIFS('센터 자재 사용내역(04월)'!G:G,'센터 자재 사용내역(04월)'!E:E,'사급자재 사용내역'!C47,'센터 자재 사용내역(04월)'!F:F,"신규")+SUMIFS('센터 자재 사용내역(04월)'!G:G,'센터 자재 사용내역(04월)'!E:E,'사급자재 사용내역'!C47,'센터 자재 사용내역(04월)'!F:F,"교체") -> 0 | Q47: =SUMIFS('센터 자재 사용내역(05월)'!G:G,'센터 자재 사용내역(05월)'!E:E,'사급자재 사용내역'!C47,'센터 자재 사용내역(05월)'!F:F,"신규")+SUMIFS('센터 자재 사용내역(05월)'!G:G,'센터 자재 사용내역(05월)'!E:E,'사급자재 사용내역'!C47,'센터 자재 사용내역(05월)'!F:F,"교체") -> 0 | R47: =SUMIFS('센터 자재 사용내역(06월)'!G:G,'센터 자재 사용내역(06월)'!E:E,'사급자재 사용내역'!C47,'센터 자재 사용내역(06월)'!F:F,"신규")+SUMIFS('센터 자재 사용내역(06월)'!G:G,'센터 자재 사용내역(06월)'!E:E,'사급자재 사용내역'!C47,'센터 자재 사용내역(06월)'!F:F,"교체") -> 515 | S47: =SUMIFS('센터 자재 사용내역(07월)'!G:G,'센터 자재 사용내역(07월)'!E:E,'사급자재 사용내역'!C47,'센터 자재 사용내역(07월)'!F:F,"신규")+SUMIFS('센터 자재 사용내역(07월)'!G:G,'센터 자재 사용내역(07월)'!E:E,'사급자재 사용내역'!C47,'센터 자재 사용내역(07월)'!F:F,"교체") -> 685 | T47: =SUMIFS('센터 자재 사용내역(08월)'!G:G,'센터 자재 사용내역(08월)'!E:E,'사급자재 사용내역'!C47,'센터 자재 사용내역(08월)'!F:F,"신규")+SUMIFS('센터 자재 사용내역(08월)'!G:G,'센터 자재 사용내역(08월)'!E:E,'사급자재 사용내역'!C47,'센터 자재 사용내역(08월)'!F:F,"교체") -> 0 | U47: =SUMIFS('센터 자재 사용내역(09월)'!G:G,'센터 자재 사용내역(09월)'!E:E,'사급자재 사용내역'!C47,'센터 자재 사용내역(09월)'!F:F,"신규")+SUMIFS('센터 자재 사용내역(09월)'!G:G,'센터 자재 사용내역(09월)'!E:E,'사급자재 사용내역'!C47,'센터 자재 사용내역(09월)'!F:F,"교체") -> 0 | V47: =SUMIFS('센터 자재 사용내역(10월)'!G:G,'센터 자재 사용내역(10월)'!E:E,'사급자재 사용내역'!C47,'센터 자재 사용내역(10월)'!F:F,"신규")+SUMIFS('센터 자재 사용내역(10월)'!G:G,'센터 자재 사용내역(10월)'!E:E,'사급자재 사용내역'!C47,'센터 자재 사용내역(10월)'!F:F,"교체") -> 0 | W47: =SUMIFS('센터 자재 사용내역(11월)'!G:G,'센터 자재 사용내역(11월)'!E:E,'사급자재 사용내역'!C47,'센터 자재 사용내역(11월)'!F:F,"신규")+SUMIFS('센터 자재 사용내역(11월)'!G:G,'센터 자재 사용내역(11월)'!E:E,'사급자재 사용내역'!C47,'센터 자재 사용내역(11월)'!F:F,"교체") -> 0 | X47: =SUMIFS('센터 자재 사용내역(12월)'!G:G,'센터 자재 사용내역(12월)'!E:E,'사급자재 사용내역'!C47,'센터 자재 사용내역(12월)'!F:F,"신규")+SUMIFS('센터 자재 사용내역(12월)'!G:G,'센터 자재 사용내역(12월)'!E:E,'사급자재 사용내역'!C47,'센터 자재 사용내역(12월)'!F:F,"교체") -> 0 | Y47: =SUM(M47:X47) -> 1447 | AG47: 1200 | AN47: =SUM(AB47:AM47) -> 1200 | AQ47: =SUMIFS('센터 자재 사용내역(01월)'!G:G,'센터 자재 사용내역(01월)'!E:E,'사급자재 사용내역'!C47,'센터 자재 사용내역(01월)'!F:F,"불량") -> 0 | AR47: =SUMIFS('센터 자재 사용내역(02월)'!G:G,'센터 자재 사용내역(02월)'!E:E,'사급자재 사용내역'!C47,'센터 자재 사용내역(02월)'!F:F,"불량") -> 0 | AS47: =SUMIFS('센터 자재 사용내역(03월)'!G:G,'센터 자재 사용내역(03월)'!E:E,'사급자재 사용내역'!C47,'센터 자재 사용내역(03월)'!F:F,"불량") -> 0 | AT47: =SUMIFS('센터 자재 사용내역(04월)'!G:G,'센터 자재 사용내역(04월)'!E:E,'사급자재 사용내역'!C47,'센터 자재 사용내역(04월)'!F:F,"불량") -> 0 | AU47: =SUMIFS('센터 자재 사용내역(05월)'!G:G,'센터 자재 사용내역(05월)'!E:E,'사급자재 사용내역'!C47,'센터 자재 사용내역(05월)'!F:F,"불량") -> 0 | AV47: =SUMIFS('센터 자재 사용내역(06월)'!G:G,'센터 자재 사용내역(06월)'!E:E,'사급자재 사용내역'!C47,'센터 자재 사용내역(06월)'!F:F,"불량") -> 0 | AW47: =SUMIFS('센터 자재 사용내역(07월)'!G:G,'센터 자재 사용내역(07월)'!E:E,'사급자재 사용내역'!C47,'센터 자재 사용내역(07월)'!F:F,"불량") -> 0 | AX47: =SUMIFS('센터 자재 사용내역(08월)'!G:G,'센터 자재 사용내역(08월)'!E:E,'사급자재 사용내역'!C47,'센터 자재 사용내역(08월)'!F:F,"불량") -> 0 | AY47: =SUMIFS('센터 자재 사용내역(09월)'!G:G,'센터 자재 사용내역(09월)'!E:E,'사급자재 사용내역'!C47,'센터 자재 사용내역(09월)'!F:F,"불량") -> 0 | AZ47: =SUMIFS('센터 자재 사용내역(10월)'!G:G,'센터 자재 사용내역(10월)'!E:E,'사급자재 사용내역'!C47,'센터 자재 사용내역(10월)'!F:F,"불량") -> 0 | BA47: =SUMIFS('센터 자재 사용내역(11월)'!G:G,'센터 자재 사용내역(11월)'!E:E,'사급자재 사용내역'!C47,'센터 자재 사용내역(11월)'!F:F,"불량") -> 0 | BB47: =SUMIFS('센터 자재 사용내역(12월)'!G:G,'센터 자재 사용내역(12월)'!E:E,'사급자재 사용내역'!C47,'센터 자재 사용내역(12월)'!F:F,"불량") -> 0 | BC47: =SUM(AQ47:BB47) -> 0
C48: 5C케이블(흰색: 200M) | D48: M | E48: 450 | F48: 0 | I48: =(F48+BC48)-(G48+H48) -> 0 | J48: =Y48 -> 3650 | K48: =AN48 -> 3200 | L48: =E48-J48+K48 -> 0 | M48: =SUMIFS('센터 자재 사용내역(01월)'!G:G,'센터 자재 사용내역(01월)'!E:E,'사급자재 사용내역'!C48,'센터 자재 사용내역(01월)'!F:F,"신규")+SUMIFS('센터 자재 사용내역(01월)'!G:G,'센터 자재 사용내역(01월)'!E:E,'사급자재 사용내역'!C48,'센터 자재 사용내역(01월)'!F:F,"교체") -> 0 | N48: =SUMIFS('센터 자재 사용내역(02월)'!G:G,'센터 자재 사용내역(02월)'!E:E,'사급자재 사용내역'!C48,'센터 자재 사용내역(02월)'!F:F,"신규")+SUMIFS('센터 자재 사용내역(02월)'!G:G,'센터 자재 사용내역(02월)'!E:E,'사급자재 사용내역'!C48,'센터 자재 사용내역(02월)'!F:F,"교체") -> 0 | O48: =SUMIFS('센터 자재 사용내역(03월)'!G:G,'센터 자재 사용내역(03월)'!E:E,'사급자재 사용내역'!C48,'센터 자재 사용내역(03월)'!F:F,"신규")+SUMIFS('센터 자재 사용내역(03월)'!G:G,'센터 자재 사용내역(03월)'!E:E,'사급자재 사용내역'!C48,'센터 자재 사용내역(03월)'!F:F,"교체") -> 150 | P48: =SUMIFS('센터 자재 사용내역(04월)'!G:G,'센터 자재 사용내역(04월)'!E:E,'사급자재 사용내역'!C48,'센터 자재 사용내역(04월)'!F:F,"신규")+SUMIFS('센터 자재 사용내역(04월)'!G:G,'센터 자재 사용내역(04월)'!E:E,'사급자재 사용내역'!C48,'센터 자재 사용내역(04월)'!F:F,"교체") -> 0 | Q48: =SUMIFS('센터 자재 사용내역(05월)'!G:G,'센터 자재 사용내역(05월)'!E:E,'사급자재 사용내역'!C48,'센터 자재 사용내역(05월)'!F:F,"신규")+SUMIFS('센터 자재 사용내역(05월)'!G:G,'센터 자재 사용내역(05월)'!E:E,'사급자재 사용내역'!C48,'센터 자재 사용내역(05월)'!F:F,"교체") -> 1500 | R48: =SUMIFS('센터 자재 사용내역(06월)'!G:G,'센터 자재 사용내역(06월)'!E:E,'사급자재 사용내역'!C48,'센터 자재 사용내역(06월)'!F:F,"신규")+SUMIFS('센터 자재 사용내역(06월)'!G:G,'센터 자재 사용내역(06월)'!E:E,'사급자재 사용내역'!C48,'센터 자재 사용내역(06월)'!F:F,"교체") -> 1060 | S48: =SUMIFS('센터 자재 사용내역(07월)'!G:G,'센터 자재 사용내역(07월)'!E:E,'사급자재 사용내역'!C48,'센터 자재 사용내역(07월)'!F:F,"신규")+SUMIFS('센터 자재 사용내역(07월)'!G:G,'센터 자재 사용내역(07월)'!E:E,'사급자재 사용내역'!C48,'센터 자재 사용내역(07월)'!F:F,"교체") -> 800 | T48: =SUMIFS('센터 자재 사용내역(08월)'!G:G,'센터 자재 사용내역(08월)'!E:E,'사급자재 사용내역'!C48,'센터 자재 사용내역(08월)'!F:F,"신규")+SUMIFS('센터 자재 사용내역(08월)'!G:G,'센터 자재 사용내역(08월)'!E:E,'사급자재 사용내역'!C48,'센터 자재 사용내역(08월)'!F:F,"교체") -> 140 | U48: =SUMIFS('센터 자재 사용내역(09월)'!G:G,'센터 자재 사용내역(09월)'!E:E,'사급자재 사용내역'!C48,'센터 자재 사용내역(09월)'!F:F,"신규")+SUMIFS('센터 자재 사용내역(09월)'!G:G,'센터 자재 사용내역(09월)'!E:E,'사급자재 사용내역'!C48,'센터 자재 사용내역(09월)'!F:F,"교체") -> 0 | V48: =SUMIFS('센터 자재 사용내역(10월)'!G:G,'센터 자재 사용내역(10월)'!E:E,'사급자재 사용내역'!C48,'센터 자재 사용내역(10월)'!F:F,"신규")+SUMIFS('센터 자재 사용내역(10월)'!G:G,'센터 자재 사용내역(10월)'!E:E,'사급자재 사용내역'!C48,'센터 자재 사용내역(10월)'!F:F,"교체") -> 0 | W48: =SUMIFS('센터 자재 사용내역(11월)'!G:G,'센터 자재 사용내역(11월)'!E:E,'사급자재 사용내역'!C48,'센터 자재 사용내역(11월)'!F:F,"신규")+SUMIFS('센터 자재 사용내역(11월)'!G:G,'센터 자재 사용내역(11월)'!E:E,'사급자재 사용내역'!C48,'센터 자재 사용내역(11월)'!F:F,"교체") -> 0 | X48: =SUMIFS('센터 자재 사용내역(12월)'!G:G,'센터 자재 사용내역(12월)'!E:E,'사급자재 사용내역'!C48,'센터 자재 사용내역(12월)'!F:F,"신규")+SUMIFS('센터 자재 사용내역(12월)'!G:G,'센터 자재 사용내역(12월)'!E:E,'사급자재 사용내역'!C48,'센터 자재 사용내역(12월)'!F:F,"교체") -> 0 | Y48: =SUM(M48:X48) -> 3650 | AC48: 1200 | AG48: 2000 | AN48: =SUM(AB48:AM48) -> 3200 | AQ48: =SUMIFS('센터 자재 사용내역(01월)'!G:G,'센터 자재 사용내역(01월)'!E:E,'사급자재 사용내역'!C48,'센터 자재 사용내역(01월)'!F:F,"불량") -> 0 | AR48: =SUMIFS('센터 자재 사용내역(02월)'!G:G,'센터 자재 사용내역(02월)'!E:E,'사급자재 사용내역'!C48,'센터 자재 사용내역(02월)'!F:F,"불량") -> 0 | AS48: =SUMIFS('센터 자재 사용내역(03월)'!G:G,'센터 자재 사용내역(03월)'!E:E,'사급자재 사용내역'!C48,'센터 자재 사용내역(03월)'!F:F,"불량") -> 0 | AT48: =SUMIFS('센터 자재 사용내역(04월)'!G:G,'센터 자재 사용내역(04월)'!E:E,'사급자재 사용내역'!C48,'센터 자재 사용내역(04월)'!F:F,"불량") -> 0 | AU48: =SUMIFS('센터 자재 사용내역(05월)'!G:G,'센터 자재 사용내역(05월)'!E:E,'사급자재 사용내역'!C48,'센터 자재 사용내역(05월)'!F:F,"불량") -> 0 | AV48: =SUMIFS('센터 자재 사용내역(06월)'!G:G,'센터 자재 사용내역(06월)'!E:E,'사급자재 사용내역'!C48,'센터 자재 사용내역(06월)'!F:F,"불량") -> 0 | AW48: =SUMIFS('센터 자재 사용내역(07월)'!G:G,'센터 자재 사용내역(07월)'!E:E,'사급자재 사용내역'!C48,'센터 자재 사용내역(07월)'!F:F,"불량") -> 0 | AX48: =SUMIFS('센터 자재 사용내역(08월)'!G:G,'센터 자재 사용내역(08월)'!E:E,'사급자재 사용내역'!C48,'센터 자재 사용내역(08월)'!F:F,"불량") -> 0 | AY48: =SUMIFS('센터 자재 사용내역(09월)'!G:G,'센터 자재 사용내역(09월)'!E:E,'사급자재 사용내역'!C48,'센터 자재 사용내역(09월)'!F:F,"불량") -> 0 | AZ48: =SUMIFS('센터 자재 사용내역(10월)'!G:G,'센터 자재 사용내역(10월)'!E:E,'사급자재 사용내역'!C48,'센터 자재 사용내역(10월)'!F:F,"불량") -> 0 | BA48: =SUMIFS('센터 자재 사용내역(11월)'!G:G,'센터 자재 사용내역(11월)'!E:E,'사급자재 사용내역'!C48,'센터 자재 사용내역(11월)'!F:F,"불량") -> 0 | BB48: =SUMIFS('센터 자재 사용내역(12월)'!G:G,'센터 자재 사용내역(12월)'!E:E,'사급자재 사용내역'!C48,'센터 자재 사용내역(12월)'!F:F,"불량") -> 0 | BC48: =SUM(AQ48:BB48) -> 0
D49: M | E49: 0 | F49: 0 | I49: =(F49+BC49)-(G49+H49) -> 0 | J49: =Y49 -> 0 | K49: =AN49 -> 0 | L49: =E49-J49+K49 -> 0 | M49: =SUMIFS('센터 자재 사용내역(01월)'!G:G,'센터 자재 사용내역(01월)'!E:E,'사급자재 사용내역'!C49,'센터 자재 사용내역(01월)'!F:F,"신규")+SUMIFS('센터 자재 사용내역(01월)'!G:G,'센터 자재 사용내역(01월)'!E:E,'사급자재 사용내역'!C49,'센터 자재 사용내역(01월)'!F:F,"교체") -> 0 | N49: =SUMIFS('센터 자재 사용내역(02월)'!G:G,'센터 자재 사용내역(02월)'!E:E,'사급자재 사용내역'!C49,'센터 자재 사용내역(02월)'!F:F,"신규")+SUMIFS('센터 자재 사용내역(02월)'!G:G,'센터 자재 사용내역(02월)'!E:E,'사급자재 사용내역'!C49,'센터 자재 사용내역(02월)'!F:F,"교체") -> 0 | O49: =SUMIFS('센터 자재 사용내역(03월)'!G:G,'센터 자재 사용내역(03월)'!E:E,'사급자재 사용내역'!C49,'센터 자재 사용내역(03월)'!F:F,"신규")+SUMIFS('센터 자재 사용내역(03월)'!G:G,'센터 자재 사용내역(03월)'!E:E,'사급자재 사용내역'!C49,'센터 자재 사용내역(03월)'!F:F,"교체") -> 0 | P49: =SUMIFS('센터 자재 사용내역(04월)'!G:G,'센터 자재 사용내역(04월)'!E:E,'사급자재 사용내역'!C49,'센터 자재 사용내역(04월)'!F:F,"신규")+SUMIFS('센터 자재 사용내역(04월)'!G:G,'센터 자재 사용내역(04월)'!E:E,'사급자재 사용내역'!C49,'센터 자재 사용내역(04월)'!F:F,"교체") -> 0 | Q49: =SUMIFS('센터 자재 사용내역(05월)'!G:G,'센터 자재 사용내역(05월)'!E:E,'사급자재 사용내역'!C49,'센터 자재 사용내역(05월)'!F:F,"신규")+SUMIFS('센터 자재 사용내역(05월)'!G:G,'센터 자재 사용내역(05월)'!E:E,'사급자재 사용내역'!C49,'센터 자재 사용내역(05월)'!F:F,"교체") -> 0 | R49: =SUMIFS('센터 자재 사용내역(06월)'!G:G,'센터 자재 사용내역(06월)'!E:E,'사급자재 사용내역'!C49,'센터 자재 사용내역(06월)'!F:F,"신규")+SUMIFS('센터 자재 사용내역(06월)'!G:G,'센터 자재 사용내역(06월)'!E:E,'사급자재 사용내역'!C49,'센터 자재 사용내역(06월)'!F:F,"교체") -> 0 | S49: =SUMIFS('센터 자재 사용내역(07월)'!G:G,'센터 자재 사용내역(07월)'!E:E,'사급자재 사용내역'!C49,'센터 자재 사용내역(07월)'!F:F,"신규")+SUMIFS('센터 자재 사용내역(07월)'!G:G,'센터 자재 사용내역(07월)'!E:E,'사급자재 사용내역'!C49,'센터 자재 사용내역(07월)'!F:F,"교체") -> 0 | T49: =SUMIFS('센터 자재 사용내역(08월)'!G:G,'센터 자재 사용내역(08월)'!E:E,'사급자재 사용내역'!C49,'센터 자재 사용내역(08월)'!F:F,"신규")+SUMIFS('센터 자재 사용내역(08월)'!G:G,'센터 자재 사용내역(08월)'!E:E,'사급자재 사용내역'!C49,'센터 자재 사용내역(08월)'!F:F,"교체") -> 0 | U49: =SUMIFS('센터 자재 사용내역(09월)'!G:G,'센터 자재 사용내역(09월)'!E:E,'사급자재 사용내역'!C49,'센터 자재 사용내역(09월)'!F:F,"신규")+SUMIFS('센터 자재 사용내역(09월)'!G:G,'센터 자재 사용내역(09월)'!E:E,'사급자재 사용내역'!C49,'센터 자재 사용내역(09월)'!F:F,"교체") -> 0 | V49: =SUMIFS('센터 자재 사용내역(10월)'!G:G,'센터 자재 사용내역(10월)'!E:E,'사급자재 사용내역'!C49,'센터 자재 사용내역(10월)'!F:F,"신규")+SUMIFS('센터 자재 사용내역(10월)'!G:G,'센터 자재 사용내역(10월)'!E:E,'사급자재 사용내역'!C49,'센터 자재 사용내역(10월)'!F:F,"교체") -> 0 | W49: =SUMIFS('센터 자재 사용내역(11월)'!G:G,'센터 자재 사용내역(11월)'!E:E,'사급자재 사용내역'!C49,'센터 자재 사용내역(11월)'!F:F,"신규")+SUMIFS('센터 자재 사용내역(11월)'!G:G,'센터 자재 사용내역(11월)'!E:E,'사급자재 사용내역'!C49,'센터 자재 사용내역(11월)'!F:F,"교체") -> 0 | X49: =SUMIFS('센터 자재 사용내역(12월)'!G:G,'센터 자재 사용내역(12월)'!E:E,'사급자재 사용내역'!C49,'센터 자재 사용내역(12월)'!F:F,"신규")+SUMIFS('센터 자재 사용내역(12월)'!G:G,'센터 자재 사용내역(12월)'!E:E,'사급자재 사용내역'!C49,'센터 자재 사용내역(12월)'!F:F,"교체") -> 0 | Y49: =SUM(M49:X49) -> 0 | AN49: =SUM(AB49:AM49) -> 0 | AQ49: =SUMIFS('센터 자재 사용내역(01월)'!G:G,'센터 자재 사용내역(01월)'!E:E,'사급자재 사용내역'!C49,'센터 자재 사용내역(01월)'!F:F,"불량") -> 0 | AR49: =SUMIFS('센터 자재 사용내역(02월)'!G:G,'센터 자재 사용내역(02월)'!E:E,'사급자재 사용내역'!C49,'센터 자재 사용내역(02월)'!F:F,"불량") -> 0 | AS49: =SUMIFS('센터 자재 사용내역(03월)'!G:G,'센터 자재 사용내역(03월)'!E:E,'사급자재 사용내역'!C49,'센터 자재 사용내역(03월)'!F:F,"불량") -> 0 | AT49: =SUMIFS('센터 자재 사용내역(04월)'!G:G,'센터 자재 사용내역(04월)'!E:E,'사급자재 사용내역'!C49,'센터 자재 사용내역(04월)'!F:F,"불량") -> 0 | AU49: =SUMIFS('센터 자재 사용내역(05월)'!G:G,'센터 자재 사용내역(05월)'!E:E,'사급자재 사용내역'!C49,'센터 자재 사용내역(05월)'!F:F,"불량") -> 0 | AV49: =SUMIFS('센터 자재 사용내역(06월)'!G:G,'센터 자재 사용내역(06월)'!E:E,'사급자재 사용내역'!C49,'센터 자재 사용내역(06월)'!F:F,"불량") -> 0 | AW49: =SUMIFS('센터 자재 사용내역(07월)'!G:G,'센터 자재 사용내역(07월)'!E:E,'사급자재 사용내역'!C49,'센터 자재 사용내역(07월)'!F:F,"불량") -> 0 | AX49: =SUMIFS('센터 자재 사용내역(08월)'!G:G,'센터 자재 사용내역(08월)'!E:E,'사급자재 사용내역'!C49,'센터 자재 사용내역(08월)'!F:F,"불량") -> 0 | AY49: =SUMIFS('센터 자재 사용내역(09월)'!G:G,'센터 자재 사용내역(09월)'!E:E,'사급자재 사용내역'!C49,'센터 자재 사용내역(09월)'!F:F,"불량") -> 0 | AZ49: =SUMIFS('센터 자재 사용내역(10월)'!G:G,'센터 자재 사용내역(10월)'!E:E,'사급자재 사용내역'!C49,'센터 자재 사용내역(10월)'!F:F,"불량") -> 0 | BA49: =SUMIFS('센터 자재 사용내역(11월)'!G:G,'센터 자재 사용내역(11월)'!E:E,'사급자재 사용내역'!C49,'센터 자재 사용내역(11월)'!F:F,"불량") -> 0 | BB49: =SUMIFS('센터 자재 사용내역(12월)'!G:G,'센터 자재 사용내역(12월)'!E:E,'사급자재 사용내역'!C49,'센터 자재 사용내역(12월)'!F:F,"불량") -> 0 | BC49: =SUM(AQ49:BB49) -> 0
B50: 전원공급기( UPS ) | C50: APU-990N | D50: EA | E50: 14 | F50: 1 | H50: 7 | I50: =(F50+BC50)-(G50+H50) -> 0 | J50: =Y50 -> 9 | K50: =AN50 -> 1 | L50: =E50-J50+K50 -> 6 | M50: =SUMIFS('센터 자재 사용내역(01월)'!G:G,'센터 자재 사용내역(01월)'!E:E,'사급자재 사용내역'!C50,'센터 자재 사용내역(01월)'!F:F,"신규")+SUMIFS('센터 자재 사용내역(01월)'!G:G,'센터 자재 사용내역(01월)'!E:E,'사급자재 사용내역'!C50,'센터 자재 사용내역(01월)'!F:F,"교체") -> 0 | N50: =SUMIFS('센터 자재 사용내역(02월)'!G:G,'센터 자재 사용내역(02월)'!E:E,'사급자재 사용내역'!C50,'센터 자재 사용내역(02월)'!F:F,"신규")+SUMIFS('센터 자재 사용내역(02월)'!G:G,'센터 자재 사용내역(02월)'!E:E,'사급자재 사용내역'!C50,'센터 자재 사용내역(02월)'!F:F,"교체") -> 1 | O50: =SUMIFS('센터 자재 사용내역(03월)'!G:G,'센터 자재 사용내역(03월)'!E:E,'사급자재 사용내역'!C50,'센터 자재 사용내역(03월)'!F:F,"신규")+SUMIFS('센터 자재 사용내역(03월)'!G:G,'센터 자재 사용내역(03월)'!E:E,'사급자재 사용내역'!C50,'센터 자재 사용내역(03월)'!F:F,"교체") -> 2 | P50: =SUMIFS('센터 자재 사용내역(04월)'!G:G,'센터 자재 사용내역(04월)'!E:E,'사급자재 사용내역'!C50,'센터 자재 사용내역(04월)'!F:F,"신규")+SUMIFS('센터 자재 사용내역(04월)'!G:G,'센터 자재 사용내역(04월)'!E:E,'사급자재 사용내역'!C50,'센터 자재 사용내역(04월)'!F:F,"교체") -> 2 | Q50: =SUMIFS('센터 자재 사용내역(05월)'!G:G,'센터 자재 사용내역(05월)'!E:E,'사급자재 사용내역'!C50,'센터 자재 사용내역(05월)'!F:F,"신규")+SUMIFS('센터 자재 사용내역(05월)'!G:G,'센터 자재 사용내역(05월)'!E:E,'사급자재 사용내역'!C50,'센터 자재 사용내역(05월)'!F:F,"교체") -> 1 | R50: =SUMIFS('센터 자재 사용내역(06월)'!G:G,'센터 자재 사용내역(06월)'!E:E,'사급자재 사용내역'!C50,'센터 자재 사용내역(06월)'!F:F,"신규")+SUMIFS('센터 자재 사용내역(06월)'!G:G,'센터 자재 사용내역(06월)'!E:E,'사급자재 사용내역'!C50,'센터 자재 사용내역(06월)'!F:F,"교체") -> 1 | S50: =SUMIFS('센터 자재 사용내역(07월)'!G:G,'센터 자재 사용내역(07월)'!E:E,'사급자재 사용내역'!C50,'센터 자재 사용내역(07월)'!F:F,"신규")+SUMIFS('센터 자재 사용내역(07월)'!G:G,'센터 자재 사용내역(07월)'!E:E,'사급자재 사용내역'!C50,'센터 자재 사용내역(07월)'!F:F,"교체") -> 0 | T50: =SUMIFS('센터 자재 사용내역(08월)'!G:G,'센터 자재 사용내역(08월)'!E:E,'사급자재 사용내역'!C50,'센터 자재 사용내역(08월)'!F:F,"신규")+SUMIFS('센터 자재 사용내역(08월)'!G:G,'센터 자재 사용내역(08월)'!E:E,'사급자재 사용내역'!C50,'센터 자재 사용내역(08월)'!F:F,"교체") -> 2 | U50: =SUMIFS('센터 자재 사용내역(09월)'!G:G,'센터 자재 사용내역(09월)'!E:E,'사급자재 사용내역'!C50,'센터 자재 사용내역(09월)'!F:F,"신규")+SUMIFS('센터 자재 사용내역(09월)'!G:G,'센터 자재 사용내역(09월)'!E:E,'사급자재 사용내역'!C50,'센터 자재 사용내역(09월)'!F:F,"교체") -> 0 | V50: =SUMIFS('센터 자재 사용내역(10월)'!G:G,'센터 자재 사용내역(10월)'!E:E,'사급자재 사용내역'!C50,'센터 자재 사용내역(10월)'!F:F,"신규")+SUMIFS('센터 자재 사용내역(10월)'!G:G,'센터 자재 사용내역(10월)'!E:E,'사급자재 사용내역'!C50,'센터 자재 사용내역(10월)'!F:F,"교체") -> 0 | W50: =SUMIFS('센터 자재 사용내역(11월)'!G:G,'센터 자재 사용내역(11월)'!E:E,'사급자재 사용내역'!C50,'센터 자재 사용내역(11월)'!F:F,"신규")+SUMIFS('센터 자재 사용내역(11월)'!G:G,'센터 자재 사용내역(11월)'!E:E,'사급자재 사용내역'!C50,'센터 자재 사용내역(11월)'!F:F,"교체") -> 0 | X50: =SUMIFS('센터 자재 사용내역(12월)'!G:G,'센터 자재 사용내역(12월)'!E:E,'사급자재 사용내역'!C50,'센터 자재 사용내역(12월)'!F:F,"신규")+SUMIFS('센터 자재 사용내역(12월)'!G:G,'센터 자재 사용내역(12월)'!E:E,'사급자재 사용내역'!C50,'센터 자재 사용내역(12월)'!F:F,"교체") -> 0 | Y50: =SUM(M50:X50) -> 9 | AB50: 1 | AN50: =SUM(AB50:AM50) -> 1 | AQ50: =SUMIFS('센터 자재 사용내역(01월)'!G:G,'센터 자재 사용내역(01월)'!E:E,'사급자재 사용내역'!C50,'센터 자재 사용내역(01월)'!F:F,"불량") -> 0 | AR50: =SUMIFS('센터 자재 사용내역(02월)'!G:G,'센터 자재 사용내역(02월)'!E:E,'사급자재 사용내역'!C50,'센터 자재 사용내역(02월)'!F:F,"불량") -> 2 | AS50: =SUMIFS('센터 자재 사용내역(03월)'!G:G,'센터 자재 사용내역(03월)'!E:E,'사급자재 사용내역'!C50,'센터 자재 사용내역(03월)'!F:F,"불량") -> 0 | AT50: =SUMIFS('센터 자재 사용내역(04월)'!G:G,'센터 자재 사용내역(04월)'!E:E,'사급자재 사용내역'!C50,'센터 자재 사용내역(04월)'!F:F,"불량") -> 1 | AU50: =SUMIFS('센터 자재 사용내역(05월)'!G:G,'센터 자재 사용내역(05월)'!E:E,'사급자재 사용내역'!C50,'센터 자재 사용내역(05월)'!F:F,"불량") -> 1 | AV50: =SUMIFS('센터 자재 사용내역(06월)'!G:G,'센터 자재 사용내역(06월)'!E:E,'사급자재 사용내역'!C50,'센터 자재 사용내역(06월)'!F:F,"불량") -> 2 | AW50: =SUMIFS('센터 자재 사용내역(07월)'!G:G,'센터 자재 사용내역(07월)'!E:E,'사급자재 사용내역'!C50,'센터 자재 사용내역(07월)'!F:F,"불량") -> 0 | AX50: =SUMIFS('센터 자재 사용내역(08월)'!G:G,'센터 자재 사용내역(08월)'!E:E,'사급자재 사용내역'!C50,'센터 자재 사용내역(08월)'!F:F,"불량") -> 0 | AY50: =SUMIFS('센터 자재 사용내역(09월)'!G:G,'센터 자재 사용내역(09월)'!E:E,'사급자재 사용내역'!C50,'센터 자재 사용내역(09월)'!F:F,"불량") -> 0 | AZ50: =SUMIFS('센터 자재 사용내역(10월)'!G:G,'센터 자재 사용내역(10월)'!E:E,'사급자재 사용내역'!C50,'센터 자재 사용내역(10월)'!F:F,"불량") -> 0 | BA50: =SUMIFS('센터 자재 사용내역(11월)'!G:G,'센터 자재 사용내역(11월)'!E:E,'사급자재 사용내역'!C50,'센터 자재 사용내역(11월)'!F:F,"불량") -> 0 | BB50: =SUMIFS('센터 자재 사용내역(12월)'!G:G,'센터 자재 사용내역(12월)'!E:E,'사급자재 사용내역'!C50,'센터 자재 사용내역(12월)'!F:F,"불량") -> 0 | BC50: =SUM(AQ50:BB50) -> 6
C51: APU-960N | D51: EA | E51: 3 | F51: 0 | I51: =(F51+BC51)-(G51+H51) -> 0 | J51: =Y51 -> 3 | K51: =AN51 -> 0 | L51: =E51-J51+K51 -> 0 | M51: =SUMIFS('센터 자재 사용내역(01월)'!G:G,'센터 자재 사용내역(01월)'!E:E,'사급자재 사용내역'!C51,'센터 자재 사용내역(01월)'!F:F,"신규")+SUMIFS('센터 자재 사용내역(01월)'!G:G,'센터 자재 사용내역(01월)'!E:E,'사급자재 사용내역'!C51,'센터 자재 사용내역(01월)'!F:F,"교체") -> 2 | N51: =SUMIFS('센터 자재 사용내역(02월)'!G:G,'센터 자재 사용내역(02월)'!E:E,'사급자재 사용내역'!C51,'센터 자재 사용내역(02월)'!F:F,"신규")+SUMIFS('센터 자재 사용내역(02월)'!G:G,'센터 자재 사용내역(02월)'!E:E,'사급자재 사용내역'!C51,'센터 자재 사용내역(02월)'!F:F,"교체") -> 1 | O51: =SUMIFS('센터 자재 사용내역(03월)'!G:G,'센터 자재 사용내역(03월)'!E:E,'사급자재 사용내역'!C51,'센터 자재 사용내역(03월)'!F:F,"신규")+SUMIFS('센터 자재 사용내역(03월)'!G:G,'센터 자재 사용내역(03월)'!E:E,'사급자재 사용내역'!C51,'센터 자재 사용내역(03월)'!F:F,"교체") -> 0 | P51: =SUMIFS('센터 자재 사용내역(04월)'!G:G,'센터 자재 사용내역(04월)'!E:E,'사급자재 사용내역'!C51,'센터 자재 사용내역(04월)'!F:F,"신규")+SUMIFS('센터 자재 사용내역(04월)'!G:G,'센터 자재 사용내역(04월)'!E:E,'사급자재 사용내역'!C51,'센터 자재 사용내역(04월)'!F:F,"교체") -> 0 | Q51: =SUMIFS('센터 자재 사용내역(05월)'!G:G,'센터 자재 사용내역(05월)'!E:E,'사급자재 사용내역'!C51,'센터 자재 사용내역(05월)'!F:F,"신규")+SUMIFS('센터 자재 사용내역(05월)'!G:G,'센터 자재 사용내역(05월)'!E:E,'사급자재 사용내역'!C51,'센터 자재 사용내역(05월)'!F:F,"교체") -> 0 | R51: =SUMIFS('센터 자재 사용내역(06월)'!G:G,'센터 자재 사용내역(06월)'!E:E,'사급자재 사용내역'!C51,'센터 자재 사용내역(06월)'!F:F,"신규")+SUMIFS('센터 자재 사용내역(06월)'!G:G,'센터 자재 사용내역(06월)'!E:E,'사급자재 사용내역'!C51,'센터 자재 사용내역(06월)'!F:F,"교체") -> 0 | S51: =SUMIFS('센터 자재 사용내역(07월)'!G:G,'센터 자재 사용내역(07월)'!E:E,'사급자재 사용내역'!C51,'센터 자재 사용내역(07월)'!F:F,"신규")+SUMIFS('센터 자재 사용내역(07월)'!G:G,'센터 자재 사용내역(07월)'!E:E,'사급자재 사용내역'!C51,'센터 자재 사용내역(07월)'!F:F,"교체") -> 0 | T51: =SUMIFS('센터 자재 사용내역(08월)'!G:G,'센터 자재 사용내역(08월)'!E:E,'사급자재 사용내역'!C51,'센터 자재 사용내역(08월)'!F:F,"신규")+SUMIFS('센터 자재 사용내역(08월)'!G:G,'센터 자재 사용내역(08월)'!E:E,'사급자재 사용내역'!C51,'센터 자재 사용내역(08월)'!F:F,"교체") -> 0 | U51: =SUMIFS('센터 자재 사용내역(09월)'!G:G,'센터 자재 사용내역(09월)'!E:E,'사급자재 사용내역'!C51,'센터 자재 사용내역(09월)'!F:F,"신규")+SUMIFS('센터 자재 사용내역(09월)'!G:G,'센터 자재 사용내역(09월)'!E:E,'사급자재 사용내역'!C51,'센터 자재 사용내역(09월)'!F:F,"교체") -> 0 | V51: =SUMIFS('센터 자재 사용내역(10월)'!G:G,'센터 자재 사용내역(10월)'!E:E,'사급자재 사용내역'!C51,'센터 자재 사용내역(10월)'!F:F,"신규")+SUMIFS('센터 자재 사용내역(10월)'!G:G,'센터 자재 사용내역(10월)'!E:E,'사급자재 사용내역'!C51,'센터 자재 사용내역(10월)'!F:F,"교체") -> 0 | W51: =SUMIFS('센터 자재 사용내역(11월)'!G:G,'센터 자재 사용내역(11월)'!E:E,'사급자재 사용내역'!C51,'센터 자재 사용내역(11월)'!F:F,"신규")+SUMIFS('센터 자재 사용내역(11월)'!G:G,'센터 자재 사용내역(11월)'!E:E,'사급자재 사용내역'!C51,'센터 자재 사용내역(11월)'!F:F,"교체") -> 0 | X51: =SUMIFS('센터 자재 사용내역(12월)'!G:G,'센터 자재 사용내역(12월)'!E:E,'사급자재 사용내역'!C51,'센터 자재 사용내역(12월)'!F:F,"신규")+SUMIFS('센터 자재 사용내역(12월)'!G:G,'센터 자재 사용내역(12월)'!E:E,'사급자재 사용내역'!C51,'센터 자재 사용내역(12월)'!F:F,"교체") -> 0 | Y51: =SUM(M51:X51) -> 3 | AN51: =SUM(AB51:AM51) -> 0 | AQ51: =SUMIFS('센터 자재 사용내역(01월)'!G:G,'센터 자재 사용내역(01월)'!E:E,'사급자재 사용내역'!C51,'센터 자재 사용내역(01월)'!F:F,"불량") -> 0 | AR51: =SUMIFS('센터 자재 사용내역(02월)'!G:G,'센터 자재 사용내역(02월)'!E:E,'사급자재 사용내역'!C51,'센터 자재 사용내역(02월)'!F:F,"불량") -> 0 | AS51: =SUMIFS('센터 자재 사용내역(03월)'!G:G,'센터 자재 사용내역(03월)'!E:E,'사급자재 사용내역'!C51,'센터 자재 사용내역(03월)'!F:F,"불량") -> 0 | AT51: =SUMIFS('센터 자재 사용내역(04월)'!G:G,'센터 자재 사용내역(04월)'!E:E,'사급자재 사용내역'!C51,'센터 자재 사용내역(04월)'!F:F,"불량") -> 0 | AU51: =SUMIFS('센터 자재 사용내역(05월)'!G:G,'센터 자재 사용내역(05월)'!E:E,'사급자재 사용내역'!C51,'센터 자재 사용내역(05월)'!F:F,"불량") -> 0 | AV51: =SUMIFS('센터 자재 사용내역(06월)'!G:G,'센터 자재 사용내역(06월)'!E:E,'사급자재 사용내역'!C51,'센터 자재 사용내역(06월)'!F:F,"불량") -> 0 | AW51: =SUMIFS('센터 자재 사용내역(07월)'!G:G,'센터 자재 사용내역(07월)'!E:E,'사급자재 사용내역'!C51,'센터 자재 사용내역(07월)'!F:F,"불량") -> 0 | AX51: =SUMIFS('센터 자재 사용내역(08월)'!G:G,'센터 자재 사용내역(08월)'!E:E,'사급자재 사용내역'!C51,'센터 자재 사용내역(08월)'!F:F,"불량") -> 0 | AY51: =SUMIFS('센터 자재 사용내역(09월)'!G:G,'센터 자재 사용내역(09월)'!E:E,'사급자재 사용내역'!C51,'센터 자재 사용내역(09월)'!F:F,"불량") -> 0 | AZ51: =SUMIFS('센터 자재 사용내역(10월)'!G:G,'센터 자재 사용내역(10월)'!E:E,'사급자재 사용내역'!C51,'센터 자재 사용내역(10월)'!F:F,"불량") -> 0 | BA51: =SUMIFS('센터 자재 사용내역(11월)'!G:G,'센터 자재 사용내역(11월)'!E:E,'사급자재 사용내역'!C51,'센터 자재 사용내역(11월)'!F:F,"불량") -> 0 | BB51: =SUMIFS('센터 자재 사용내역(12월)'!G:G,'센터 자재 사용내역(12월)'!E:E,'사급자재 사용내역'!C51,'센터 자재 사용내역(12월)'!F:F,"불량") -> 0 | BC51: =SUM(AQ51:BB51) -> 0
C52: ES-M1000-소형 | D52: EA | E52: 1 | F52: 3 | H52: 3 | I52: =(F52+BC52)-(G52+H52) -> 0 | J52: =Y52 -> 1 | K52: =AN52 -> 0 | L52: =E52-J52+K52 -> 0 | M52: =SUMIFS('센터 자재 사용내역(01월)'!G:G,'센터 자재 사용내역(01월)'!E:E,'사급자재 사용내역'!C52,'센터 자재 사용내역(01월)'!F:F,"신규")+SUMIFS('센터 자재 사용내역(01월)'!G:G,'센터 자재 사용내역(01월)'!E:E,'사급자재 사용내역'!C52,'센터 자재 사용내역(01월)'!F:F,"교체") -> 0 | N52: =SUMIFS('센터 자재 사용내역(02월)'!G:G,'센터 자재 사용내역(02월)'!E:E,'사급자재 사용내역'!C52,'센터 자재 사용내역(02월)'!F:F,"신규")+SUMIFS('센터 자재 사용내역(02월)'!G:G,'센터 자재 사용내역(02월)'!E:E,'사급자재 사용내역'!C52,'센터 자재 사용내역(02월)'!F:F,"교체") -> 1 | O52: =SUMIFS('센터 자재 사용내역(03월)'!G:G,'센터 자재 사용내역(03월)'!E:E,'사급자재 사용내역'!C52,'센터 자재 사용내역(03월)'!F:F,"신규")+SUMIFS('센터 자재 사용내역(03월)'!G:G,'센터 자재 사용내역(03월)'!E:E,'사급자재 사용내역'!C52,'센터 자재 사용내역(03월)'!F:F,"교체") -> 0 | P52: =SUMIFS('센터 자재 사용내역(04월)'!G:G,'센터 자재 사용내역(04월)'!E:E,'사급자재 사용내역'!C52,'센터 자재 사용내역(04월)'!F:F,"신규")+SUMIFS('센터 자재 사용내역(04월)'!G:G,'센터 자재 사용내역(04월)'!E:E,'사급자재 사용내역'!C52,'센터 자재 사용내역(04월)'!F:F,"교체") -> 0 | Q52: =SUMIFS('센터 자재 사용내역(05월)'!G:G,'센터 자재 사용내역(05월)'!E:E,'사급자재 사용내역'!C52,'센터 자재 사용내역(05월)'!F:F,"신규")+SUMIFS('센터 자재 사용내역(05월)'!G:G,'센터 자재 사용내역(05월)'!E:E,'사급자재 사용내역'!C52,'센터 자재 사용내역(05월)'!F:F,"교체") -> 0 | R52: =SUMIFS('센터 자재 사용내역(06월)'!G:G,'센터 자재 사용내역(06월)'!E:E,'사급자재 사용내역'!C52,'센터 자재 사용내역(06월)'!F:F,"신규")+SUMIFS('센터 자재 사용내역(06월)'!G:G,'센터 자재 사용내역(06월)'!E:E,'사급자재 사용내역'!C52,'센터 자재 사용내역(06월)'!F:F,"교체") -> 0 | S52: =SUMIFS('센터 자재 사용내역(07월)'!G:G,'센터 자재 사용내역(07월)'!E:E,'사급자재 사용내역'!C52,'센터 자재 사용내역(07월)'!F:F,"신규")+SUMIFS('센터 자재 사용내역(07월)'!G:G,'센터 자재 사용내역(07월)'!E:E,'사급자재 사용내역'!C52,'센터 자재 사용내역(07월)'!F:F,"교체") -> 0 | T52: =SUMIFS('센터 자재 사용내역(08월)'!G:G,'센터 자재 사용내역(08월)'!E:E,'사급자재 사용내역'!C52,'센터 자재 사용내역(08월)'!F:F,"신규")+SUMIFS('센터 자재 사용내역(08월)'!G:G,'센터 자재 사용내역(08월)'!E:E,'사급자재 사용내역'!C52,'센터 자재 사용내역(08월)'!F:F,"교체") -> 0 | U52: =SUMIFS('센터 자재 사용내역(09월)'!G:G,'센터 자재 사용내역(09월)'!E:E,'사급자재 사용내역'!C52,'센터 자재 사용내역(09월)'!F:F,"신규")+SUMIFS('센터 자재 사용내역(09월)'!G:G,'센터 자재 사용내역(09월)'!E:E,'사급자재 사용내역'!C52,'센터 자재 사용내역(09월)'!F:F,"교체") -> 0 | V52: =SUMIFS('센터 자재 사용내역(10월)'!G:G,'센터 자재 사용내역(10월)'!E:E,'사급자재 사용내역'!C52,'센터 자재 사용내역(10월)'!F:F,"신규")+SUMIFS('센터 자재 사용내역(10월)'!G:G,'센터 자재 사용내역(10월)'!E:E,'사급자재 사용내역'!C52,'센터 자재 사용내역(10월)'!F:F,"교체") -> 0 | W52: =SUMIFS('센터 자재 사용내역(11월)'!G:G,'센터 자재 사용내역(11월)'!E:E,'사급자재 사용내역'!C52,'센터 자재 사용내역(11월)'!F:F,"신규")+SUMIFS('센터 자재 사용내역(11월)'!G:G,'센터 자재 사용내역(11월)'!E:E,'사급자재 사용내역'!C52,'센터 자재 사용내역(11월)'!F:F,"교체") -> 0 | X52: =SUMIFS('센터 자재 사용내역(12월)'!G:G,'센터 자재 사용내역(12월)'!E:E,'사급자재 사용내역'!C52,'센터 자재 사용내역(12월)'!F:F,"신규")+SUMIFS('센터 자재 사용내역(12월)'!G:G,'센터 자재 사용내역(12월)'!E:E,'사급자재 사용내역'!C52,'센터 자재 사용내역(12월)'!F:F,"교체") -> 0 | Y52: =SUM(M52:X52) -> 1 | AN52: =SUM(AB52:AM52) -> 0 | AQ52: =SUMIFS('센터 자재 사용내역(01월)'!G:G,'센터 자재 사용내역(01월)'!E:E,'사급자재 사용내역'!C52,'센터 자재 사용내역(01월)'!F:F,"불량") -> 0 | AR52: =SUMIFS('센터 자재 사용내역(02월)'!G:G,'센터 자재 사용내역(02월)'!E:E,'사급자재 사용내역'!C52,'센터 자재 사용내역(02월)'!F:F,"불량") -> 0 | AS52: =SUMIFS('센터 자재 사용내역(03월)'!G:G,'센터 자재 사용내역(03월)'!E:E,'사급자재 사용내역'!C52,'센터 자재 사용내역(03월)'!F:F,"불량") -> 0 | AT52: =SUMIFS('센터 자재 사용내역(04월)'!G:G,'센터 자재 사용내역(04월)'!E:E,'사급자재 사용내역'!C52,'센터 자재 사용내역(04월)'!F:F,"불량") -> 0 | AU52: =SUMIFS('센터 자재 사용내역(05월)'!G:G,'센터 자재 사용내역(05월)'!E:E,'사급자재 사용내역'!C52,'센터 자재 사용내역(05월)'!F:F,"불량") -> 0 | AV52: =SUMIFS('센터 자재 사용내역(06월)'!G:G,'센터 자재 사용내역(06월)'!E:E,'사급자재 사용내역'!C52,'센터 자재 사용내역(06월)'!F:F,"불량") -> 0 | AW52: =SUMIFS('센터 자재 사용내역(07월)'!G:G,'센터 자재 사용내역(07월)'!E:E,'사급자재 사용내역'!C52,'센터 자재 사용내역(07월)'!F:F,"불량") -> 0 | AX52: =SUMIFS('센터 자재 사용내역(08월)'!G:G,'센터 자재 사용내역(08월)'!E:E,'사급자재 사용내역'!C52,'센터 자재 사용내역(08월)'!F:F,"불량") -> 0 | AY52: =SUMIFS('센터 자재 사용내역(09월)'!G:G,'센터 자재 사용내역(09월)'!E:E,'사급자재 사용내역'!C52,'센터 자재 사용내역(09월)'!F:F,"불량") -> 0 | AZ52: =SUMIFS('센터 자재 사용내역(10월)'!G:G,'센터 자재 사용내역(10월)'!E:E,'사급자재 사용내역'!C52,'센터 자재 사용내역(10월)'!F:F,"불량") -> 0 | BA52: =SUMIFS('센터 자재 사용내역(11월)'!G:G,'센터 자재 사용내역(11월)'!E:E,'사급자재 사용내역'!C52,'센터 자재 사용내역(11월)'!F:F,"불량") -> 0 | BB52: =SUMIFS('센터 자재 사용내역(12월)'!G:G,'센터 자재 사용내역(12월)'!E:E,'사급자재 사용내역'!C52,'센터 자재 사용내역(12월)'!F:F,"불량") -> 0 | BC52: =SUM(AQ52:BB52) -> 0
